id	text
1	please get off my phone connection
2	tell me my car's fuel economy
3	has the ice made traffic messy on the way to walmart
4	what place do you call home
5	how long can i go before i need to change my tires
6	what do you do with your free time
7	swap my amex pin to 1234
8	is it possible to raise the credit limit for my discover card
9	how long does this dish need to be in the oven
10	set a reminder for me to request time off
11	can you slow your speaking down
12	i really must rent a car out of sky harbor airport from the 3rd to the 5th of february
13	what time am i meeting john
14	thanks for the help!
15	switch my insurance plan to a new one
16	how many years have you been living
17	what time is it exactly
18	i need to know what my gps coordinates are
19	let me know when you were made
20	tell me what things i need to accomplish per my to do list, please
21	how do i get to the library by foot
22	help me change my oil and what kind do i need
23	what timezone is japan in
24	do i have anything scheduled for thursday the 14th
25	start playing some music
26	when did i last get my car checked
27	is it safe to travel to china
28	would you please put a block on my chase account right away
29	what is the process of reporting a lost card
30	i would like to request a pto on february 7 and 8
31	what do i do to freeze my account
32	can you please confirm that i have a 6:00 pm table reserved under michelle solomon at devon's
33	tell me your guess of what my name is
34	clear my entire schedule for april 1
35	tell carl my gps coordinates
36	you must connect to my phone
37	when is my kaiser bill due
38	i want to talk to sarah
39	no, that is not right at all
40	are there any interesting activities to do in austin
41	i'd like you to speak a bit slower
42	if going to lake placid, ny, how long would it be by bus
43	do i get charged more for using my card in canada
44	has my vacation request been approved yet
45	show everything on my to buy list
46	what kind of electrical plugs do they uze in z
47	i need to find new insurance
48	let me know when you were born
49	share my location with ben and jerry
50	i want to hear the very next song on this playlist
51	is it a short time before i receive my new credit card
52	where could i locate a w2 form from
53	what exactly can you help me with
54	i need to know the due date for my credit card
55	can you let me if zeus accepts reservations
56	tell me the least i can pay
57	in french, how do i say, see you later
58	from whence do you hail
59	can i please get the status my order
60	please tell me if a coin flip lands on heads or tails
61	am i running low on gas
62	i need to know how much gas i got
63	i need to book a flight from texas to new york on may 25th and returning on the 28th
64	looks up the calories in cheetos
65	i want to apply for a alphabank card
66	tell me something to make me laugh
67	how low can we get my phone bill
68	how do i know where i'm at
69	i had fun speaking with you
70	now i'd like for you to return to the original settings
71	throw mopping onto my to do list
72	i would like to order additional checkbooks to me mailed to my home address
73	does marios in brooklyn take reservations
74	what location do you see me at right now
75	what does ataraxy mean
76	whats your name
77	are you a robot
78	is there a good fish place in salem
79	verify that i have reservations at chilis for john doe
80	how old are you in 2019
81	how can i get a new card that got melted in the sun
82	what is the current time, please
83	what is a fun fact about mt everest
84	why did my bank account freeze
85	can you tell me the date my credit card is due
86	what sorts of things can i ask you about
87	repeat that fun fact about mt everest
88	any news for me regarding my day off request
89	please let me know what the status of my day off request is
90	are there any events on my calendar for march 2nd
91	can you tell me what to do as i am in the airport and have been for some time and there is still no sign of my suitcase
92	delete lunch with steve on friday please
93	remove from calendar jesse's bbq on june 9th
94	i need a suggestion for a dinner recipe
95	exactly right
96	how can i cash in the rewards i earned with my visa card
97	show me what you think my name is
98	i want to get an uber for one person to go to the library
99	do i need a socket converter if i'm going to be in sweden
100	what are the carry-on restrictions for frontier airlines
101	the ingredients in pizza are which ones
102	how do you reference me
103	my engine light came on, so i need to get help
104	what is my tire pressure
105	since we're out of checks i want help purchasing new ones
106	how can i find my current location
107	i want to switch out of whisper mode
108	i need to know the preparation time required for fried chicken
109	your answer was good
110	what's the routing number for my navy federal account
111	set my alarm for quarter after six tomorrow
112	what do i have to do tomorrow, according to my to-do list
113	place cleaning the backyard on my list of things to do
114	i have no checks and need to order new checks
115	may i hear some music by fleet foxes
116	look up the exchange rate between dollars and euros
117	what do you feel like doing
118	what would you suggest having for dinner
119	how is my insurance coverage
120	how many sick, personal, and vacation days have i billed so far this year
121	how do i go about getting more checks since i ran out of them
122	does my mastercard have any rewards points remaining
123	book a flight from jacksonville, fl to atlanta, ga on 14 february 2019 and returning on 1 march 2019
124	how far is the grand canyon from my current location in phoenix, az
125	tell me a joke about cars
126	where do i get my tax papers
127	what is the amount on my comcast bill
128	can you spell the word umbrella for me
129	what are some things you like to do
130	that's definitely false
131	make an eft to my savings from my checking account
132	i'm traveling to london soon and want to inform my bank
133	the answer is definitely no
134	i need to know how many r's are in restaurant
135	do you know when my car was last looked at
136	give me a run down of my meeting schedules for the day
137	how many years are you
138	can you reset my pin number
139	what time is my flight scheduled to leave
140	will it snow this weekend
141	roll a pair of eight sided dice
142	i didn't understand what you just said, can you repeat it
143	switch over from female to the male voice
144	by what name people call me
145	hi, ai
146	what's the date tomorrow, please
147	you're talking too quickly for me to understand
148	when is the next day off
149	would you give me available flights out of dallas to miami on june 8 for under $340
150	let me know the minimum i can pay on my cable bill
151	book an uber suitable for seating 5 individuals and headed for the mall
152	please tell me if there are meeting rooms available between 9:00 am and 11:00 am
153	i want to restore your factory settings
154	what is the minimum payment for my credit card bill
155	how much money was deposited to my bank account from my employer this month
156	please tell me what my bank routing number is
157	are you 16 years old
158	book a flight from pensacola, fl to houston, tx on 17 february 2019 and returning on 7 march 2019
159	where to report lost discover credit card
160	will i need to use a plug converter in el salvador
161	flip a coin for me ai
162	i want to know how do i schedule a meeting
163	do you change the oil in your car more than once a year
164	can you tell me what this song is
165	when referring to you, what name should i use
166	can you see if i can get a higher limit on my discovery card
167	inform me on the directions to jump start my car
168	please turn my settings back to the original settings
169	can you set a timer for me
170	can i get a w2 form online
171	switch language for me
172	i'm looking to call a group
173	can we talk in french
174	by bus, how long would it take to get to detroit
175	clue me in on my credit score
176	i accidentally caught my card on fire
177	please look up if i can rent a car in houston from march 25 to march 29
178	find out what happened to make my card get declined yesterday
179	can you tell me the current date
180	is it ok to eat alfredo that's been in the fridge since last sunday
181	what sort of electrical plug do they use in mainland europe
182	are there any sushi restaurants in reno that have good reviews
183	the ingredients in pizza are what
184	how do i redirect my 401k
185	i actually don't want this anymore, please abort
186	can you check the tire pressure
187	i'd like you to purchase me canned soup
188	how long will the wait be at noon if we went to nagomi
189	how much pto do i have left
190	tell me how to check rewards for my mastercard
191	i would really like to know if my capital one credit card have international transaction fees
192	put bread on my shopping list
193	my list for shopping has what on it
194	please find my balance on my chase mastercard
195	where can i find out the status of my credit card application
196	assist me to set up direct deposit
197	what is 15 ounces in grams, please
198	present your speech at a slower pace
199	are there any necessary shots required before travel to thailand
200	how do i prevent my credit score from dropping
201	i need you to flip a coin so i can decide
202	i need help paying my auto insurance bill
203	where are you originally from before coming here
204	i broke my card when i bent my wallet
205	i lost my luggage coming from new york city on american flight ab123
206	when you talk to me, use bob
207	what is the due date of my bill
208	how much time does it take to boil an egg
209	i need to send my current location to sean
210	i am needing to know what kind of pets you have
211	what type of specific shots should i get before flying to south korea
212	what's this car get for highway driving
213	what do i do when my car battery is dead
214	can you tell me your name
215	what benefits are included in my package
216	tell me an axolotl fact
217	i'd like to change my pin number for my savings account
218	what do my health benefits consist of
219	change over to whisper mode
220	can you describe my list back to me
221	i need to know if i must have an international visa to go to france
222	please make a reservation for 2 at olive garden for 5 pm today
223	have i gotten confirmation for my credit card app
224	what do i have scheduled on 3/15
225	what is the interest rate on my bank of america credit card
226	can you get me a table for 6 at lawry's at 7:30pm
227	what's on my calendar for the 18th of march
228	i am going to asia in a bit, i should tell the bank
229	where do i find my gold card rewards
230	i want you to speak in french
231	why wouldn't nordstrom accept my card
232	find me someone who can deal with my car's illuminated check engine light
233	order more checkbooks for my community account
234	why don't i have access to my bank account
235	how long should i cook chicken
236	what sorts of things am i able to ask of you ai
237	report my lost visa card
238	can i get my w-2 online
239	can you tell me some of your hobbies
240	convert cm to inch
241	on my bank of america visa, what is the apr
242	what is the day
243	how many points do i have on my mlife card
244	flip a coin for me i call tails
245	what do you want me to refer to you as
246	tell me what my shopping list consists of
247	sorry, you can actually stop that
248	can anyone help me pay my car bill
249	alert the wife of my exact location
250	what is the mpg on this car
251	search for a flight from nyc to la on march 1, returning on march 5
252	i am needing you to look up roundtrip flights form houston to miami for april 12 and april 15
253	do you have a preference regarding what i should call you
254	would you talk a bit faster instead
255	what is the total number of pints in two quarts
256	i lost my luggage
257	do you know who you came from
258	what are you called
259	buy tickets for a flight from nyc to la on march 1, returning on march 5
260	is it hot outside
261	you can call me cindy
262	what is the current exchange rate of yen to lira
263	what insurance benefits do i have
264	i want to report my card as lost
265	can you change your language to japanese
266	what is there on january 1st on my calendar
267	how much gas is in my tank
268	tell me the easiest way to set up direct deposit of my paycheck to my chase account
269	tell the miles it will take to get to las vegas from san diego
270	has my vacation been approved yet
271	what amount do i make
272	how many carry ons am i allowed to take on my canadair flight to frankfurt
273	how can i change your response language
274	transfer money from this account to that account
275	i have a fraudulent transaction from wal mart showing on my account
276	add a reminder to check how the body is decomposing
277	can you tell me the next holiday
278	when would be a wise time to replace my tires
279	how many points have i earned with my amex card
280	please say that one more time
281	what kinds of activities do you enjoy
282	if i go to tgifridays at eight, will they be crowded
283	i got to change my pin number for my account
284	tell me whether you are a cat or dog person
285	how can i ensure my credit score doesn't drop
286	what's my air pressure right now
287	good looking out
288	can my volume be increased
289	do you know if anyone's even looked at the application i sent in for the new visa card
290	did my chase card application go through yet
291	i want my original settings back
292	what is the gas mileage for the car that i drive
293	my card is scuffed up and won't work
294	can you tell me if i might be able to apply for a new credit card
295	how are the fried chicken at zippys
296	does bellagio allow you to do reservations
297	you got to go back to factory settings now
298	were you born in the 80s
299	i want to pay my water bill
300	what's the expiry month of my card
301	can you repeat my list back to me
302	is it possible to increase the limit on my visa
303	how do i change your options so that you speak more slowly
304	when can you send me a replacement card
305	i didn't hear you please repeat
306	my american saving bank was stolen
307	peace out!
308	do you know where i left my phone
309	please tell wanda where i am now
310	has the application for my american express been processed yet
311	can you check and see if my account's blocked
312	life has what meaning or what's the secret to it
313	find out what wait times are like right now at olive garden
314	i want to know if you are a real person or an ai
315	what's my routing number from chase
316	what are some good ethiopian restaurants in queens
317	when travelling in chicago, what kinds of attractions should i see
318	how many pto days do i have remaining
319	what is my current balance on my home equity line of credit
320	check when the next day is i can go fishing will be
321	provide the name i should use to refer to you
322	can you list all recent transactions
323	cancel my reservation for 5 at the loft
324	i want to pay a bill
325	how much pto have i used so far
326	i want the calorie content for a banana
327	do you keep any pets
328	has my order been shipped
329	how long's it been since my car was at autozone
330	i want to change your name to adam
331	what are the reviews like for zazie
332	please read all the items on my reminder list
333	i need help paying my tuition bill
334	how many calories in peanuts
335	go to the female voice
336	are you considered a bot
337	tell my bank that i'm going to france
338	my shopping list contains what again
339	in 4 days, what date will it be
340	i need to know when i must pay my car bill
341	will there be traffic on the way to walmart
342	how do you set up direct deposit
343	if i got to indonesia is it safe
344	what shots are required to go out of the country
345	i lost my phone
346	how can i get my year end summary for taxes
347	cancel my dinner reservation please
348	are you an ai or a real person
349	create a timer for me
350	do i need more air in my tires
351	how much is the exchange between usd and euros
352	how many vacation days have i accrued
353	please set the timer for me
354	can i hear the complete to do list just dictated
355	has my request for vacation time been approved
356	what are you able to answer
357	what do i owe on telephone and cable bill
358	what sort of hobbies do you enjoy
359	what's your nationality
360	can you tell me the items on my to do list
361	can you speak a little faster, please
362	tell me what is on my calendar for may 3
363	are there any travel alerts for ukraine
364	order a case of coke from amazon
365	describe your types of pets
366	how bad is traffic at 8 on the way to burger king
367	can you tell me the status of my card's apr
368	how many calories are in vanilla ice cream
369	how is it outside
370	what gas does this car need
371	what meetings are scheduled for today
372	which gas type does this car take
373	go back to your original settings
374	what are some things you like doing
375	what's the correct fuel type for my car
376	what is the amount of miles per gallon this car gets on the highway
377	how do i report my lost card
378	would you stop talking please
379	how many reward points do i have available to redeem on my visa
380	would you track my package
381	update me on my delta flight please
382	add american idiot by green day to my playlist
383	report that the card has been wrecked
384	what hour and minute is it
385	i need to add cherrios to the grocery list
386	what is my current interest rate
387	can i order checks online for my checking account
388	i need your name
389	pets you have what kind
390	what's the fuel level
391	i lost my card, how should i report that
392	do you have a way you like to be referred to
393	give me my current location
394	what health benefits are available to me
395	what's the current status of the credit card i applied for
396	what is the traffic like on the way to kapolei
397	when do you think i should replace my tires because i replaced them on 12/21/17
398	what do my state taxes amount to
399	do you have a boss
400	what kind of meal should i eat from thailand
401	can you tell me why is my bank account frozen
402	who crafted you
403	what is the expiration date of the milk
404	can you please tell me the interest rate for cash advances on my visa
405	i am happy you did that for me
406	what's my credit rating
407	increase the volume level to 4, please
408	i enjoyed speaking with you
409	do my tires need to be changed
410	can i raise the limit to 500 dollars
411	tell me once more
412	lock all the doors
413	my insurance gives me what benefits
414	who are you working for
415	i need to pair this with my phone
416	what apr does this credit card have
417	what time is it in the pacific standard time
418	update me on the status of my credit card application
419	i don't need my reservation for 5 at the loft please cancel it
420	what shots are required to visit australia
421	i need to know directions to the nearest gas station
422	i would like you to set the timer to go off in ten minutes
423	time in tokyo
424	i need you to flip a coin once
425	can i make your name different
426	i should get my tires checked, schedule that
427	how's the lo mein rated at hun lee's
428	you must change your language setting to russian
429	what is the saved vacation time i have left
430	repeat that please
431	i need a report form for my damaged, demagnetized card
432	my card needs replaced, i accidentally scraped it
433	they call me john
434	how long do i cook the chicken roast
435	i want to hear a fun fact about american presidents
436	could you schedule a meeting with john smith at 1 pm tomorrow
437	do you know where my phone is
438	close out my account
439	what is the correct way to say 'i am a visitor' in french
440	who engineered you
441	someone stole my capital one credit card
442	yes, that's accurate
443	how much air pressure is in my tires
444	if i ate a cookie, how many calories would i be ingesting
445	send the order for my entire shopping list
446	call the bank and tell them i will be in france on the 16th until the 26th
447	i need some more lysol, could you order me some
448	are there certain types of questions i can ask you
449	i'm telling you this is a true statement
450	please roll the dice
451	how long will eggs keep in the freezer
452	let's go ahead and scratch laundry off my to do list, please!
453	is there anyway, i can report a suspicious activity on my citi card
454	for this car, what kind of gas should i use
455	how much is the irs going to get from me
456	tell me the sum total of my water and electricity bills
457	on may 12 to may 16 can i get a car from aiken
458	pull up my credit card application's current status
459	i need to know the status of my alaska air flight
460	i shall switch to a new insurance plan
461	how much gas does this car use in the city
462	how does one say thank you in spanish
463	why in the world am i locked out of my bank account
464	will i be able to get a seat at 5pm
465	have i been spending a ton of money on movies lately
466	how high is my credit limit for my american express card
467	whats the policy for delta for carry ons
468	provide me with ideas of things we can do in charlotte
469	the time zone for brazil is what
470	am i able to get an uber to the movies
471	can you order an iphone7 for me with two-day free delivery
472	what is 56 dollars in yen
473	please open a call to my mother
474	i'd rather have you call be ray ray
475	how do i get to the beach by bus
476	can you schedule a meeting with jessica at the office, please
477	read my to-do list to me
478	am i the one you work for
479	how many inches are in 5 feet
480	i decide to switch out of whisper mode
481	water is spelled how
482	i don't have anymore checks for chase and need some
483	turn my drake playlist on
484	get me a meeting with bill for 5:30pm tomorrow
485	i call tails for a coin flip you need to do right now
486	can i have the expiration date for my capital one card
487	add this song to my dinner playlist
488	onpay gives you two convenient ways to pay your employees
489	why isn't it letting me into my bank account
490	aquire me them kyrie 4s
491	is there anything i can't ask you
492	i want to visit portugal do i need a travel visa
493	i need to schedule car maintenance
494	how do they say hello in germany
495	can you schedule a meeting with steve at the office
496	does spain have any travel alerts i should be aware of
497	i need you to send ten dollars from bank of america to capital one
498	do they take reservations at the progress
499	it could be possible
500	help me find a good reviews hotel in la
501	move my money please
502	what kind of things do you do when you have free time
503	book room for me and her under the name kendra
504	how do i get to the supermarket on foot
505	can you tell me a fun fact regarding cars
506	can you tell me any truly funny knock knock jokes
507	i need to know the date in 256 days
508	i need to let my bank know i am traveling to chicago
509	i gotta make a reservation for 8 pm at red robin for 3
510	what is the meaning of flange
511	i want a 10 minute timer
512	tell me a joke about animals
513	i need to play the song that goes like hey jude don't make it bad
514	what is the smallest amount i can pay on my tmobile bill
515	book uber from here to downtown
516	which day is pay day
517	reset the factory settings now please
518	i must change your name to amanda
519	how can i make a vacation request
520	i want to bake brownies, how long do they bake for
521	would you please tell me today's date
522	i need to know what kind of things you can help with
523	showme how to find my location
524	what is 3 to the 6th power
525	when will i get my next paycheck
526	can you cancel
527	my credit card's apr, please
528	what is 15% of 3143
529	where can i get gas to get to sioux falls
530	the reservation i placed is not needed anymore
531	change pin to 1234 on account banner
532	did i receive my paycheck this week
533	how do you spell dessert
534	what is my spending limit on my mastercard
535	is there a way to change your name to betty
536	how do i arrange a direct deposit into my savings account
537	i have to know what plug that country uses
538	i jot got hired and need help with my retirement account
539	i'd like the number for my credit score
540	how is the traffic like on the way to the beach
541	i need to set up a direct deposit
542	please set timer for 4 pm
543	give me a hand finding my mobile device
544	i'm unsure
545	what is the wait like at apple bees
546	the bank needs to know that i am traveling soon
547	i'd like to share my location with stephanie
548	for what reason did my card get declined
549	can you help me find my cellphone
550	how do i set up instant paycheck
551	can you use a different accent
552	what is the meaning of life here
553	what reason could the bank have had for blocking my account
554	write a text to kim saying no
555	what is the traffic situation at the olive garden restaurant
556	do i need a socket converter if i'm going to be in france
557	how many vacation hours have i accrued
558	please set up a reminder i need to remember to ask about work
559	i need a list of ingredients required to make lamb stew
560	i want to hear my to do list read out loud
561	could you please tell me, my wells fargo account, is there a hold and why
562	i need a mexican meal suggesstion
563	i would like to try and confirm that i have a reservation at the seven dwarves for peter
564	i wish to know the meaning of life
565	tell me how to check rewards on my american express card
566	do you own any animals
567	i would like a timer set
568	tell me my bank of america routing number
569	what should i do when my visa card is stolen
570	is it safe to travel to mexico
571	should i cook this for a long time
572	what do you enjoy doing in your leisure time
573	what is the weather forecast for seattle
574	can you skip this song and go to the next one
575	i want you to remind me of something
576	tell me when my credit card expires
577	could you submit a pto request for me from dates mar 3 to 9, please
578	if i ordered a new card, how long til it comes
579	where you from
580	i want to book a hotel room for 10 people from monday to tuesday in manhattan
581	can we play the next track
582	i need to know chase banks routing #
583	what is the calorie look like in apples
584	ran out of tissues and need you to put an order in for more asap
585	what do i get paid
586	visa card, i want to apply
587	yep, that's true
588	do i need vaccinations to travel there
589	how many days so far have i taken off
590	can you check if my mastercard application has been reviewed yet
591	i would like to make changes to my insurance policy
592	how are the reviews for spaghetti at the olive garden
593	can my credit limit be increased to one thousand dollars
594	what timezone is france in
595	what would wells fargo use as routing
596	disconnect from my phone now
597	who is your superior
598	how do you spend your spare time
599	i want to apply for a discover card
600	when do they mail me a replacement card
601	how many paypal transactions did i have last week
602	cancel my reservation for dinner
603	you are how old now
604	you need to remind me to do something
605	would it be ok if i have pepper and not salt
606	are you a bot right now
607	what's the nutritional information of iceberg lettuce
608	tell me my current gps coordinates
609	tell me something interesting about elephants
610	do you have any elvis music
611	how many vacation days do i have
612	tell me what this cars highway mpg is
613	i need to get my paycheck direct deposited to my chase account
614	can you play some music by the beatles for me
615	please put annie's baby shower on march 30 in my calendar
616	i wanna know the balance of my bank of american account
617	what time is my haircut on wednesday
618	i made a fraudulent transaction
619	is there any opinions on the sushi at yakamoto
620	hey, anyone seen my w-2
621	how long is the chicken gonna take
622	what's a highly rated place for steak in omaha
623	what are some fun, tourist sites to see in nyc
624	how do i say 'hotel' in finnish
625	when will i need another oil change
626	my card is damaged so i can not use it
627	how can i set up direct deposit
628	have i spent a lot on food recently
629	i want to book a flight reservation from texas to new york on may 9th and i want to come back on the 15th
630	when should my oil get changed
631	what is the sitting time at this restaurant
632	i would like to know what flights are available out of el paso to dallas on june 10 for under $300
633	can you tell me the total cost of my bills please
634	report my card as lost
635	what can i do in nashville
636	can i get an uber for myself to the grocery store
637	has my vacation request been approved
638	what do tourists do for fun in seattle
639	i want to hear everything on my todo list
640	can you get the fan going in here
641	should i get a vaccination before i go to katmandu
642	where is the closest starbucks
643	how is the credit score hurt
644	tell me what you believe my name to be
645	please turn my account to frozen
646	if i take a flight on pan am to denver, how many carry ons are included
647	can i maybe apply for a new card
648	do you know what my name is
649	i'm traveling to paris soon and want to inform my bank
650	tell me how long can i keep pizza in the freezer for before it goes bad
651	lock every door on the property
652	i need you to check if my credit card points are redeemable right now
653	help me modify my insurance policy
654	i need to know all about the nutrition of the beef taco
655	how do you convert ounces to pounds
656	who do you job for
657	will you make sure that mopping is on my to do list
658	put appointment on my calendar for tomorrow
659	that 'baby shark, doo doo,' song, i want to hear it
660	walk me through changing the oil on a tesla
661	what kinds of things can i ask you
662	take bread off my shopping list and add milk
663	who were you made by
664	i need you to order some more lysol for me,please
665	i'm uncertain
666	i would like to know tomorrow's date
667	can someone look at my car cause the check engine light is on
668	can you set up alarms for one in the afternoon and ten at night
669	i'll talk to you later ai
670	what is your given name
671	define ambivalence for me please
672	what are the nutritional data for mashed potatoes
673	why am i seeing a hold on my boa account
674	increase the speaker volume please
675	what do you prefer being called
676	could you freeze my account, please
677	is the dollar strong against the yen today
678	i no longer want this event in my calendar
679	at free time what do you do
680	please use your female voice
681	i need to get my oil changed
682	i would like to know how to find my w-2
683	how does the dictionary spell antipathy
684	please help me find my phone, because i lost it
685	which ingredients does gumbo have
686	can you have your name changed to fred
687	how's the sausage pizza at pizza hut
688	might you have any hobbies
689	what name do you want to be called
690	how much do i have to at least pay on my medical bills
691	wake me up at noon tomorrow
692	can you tell me my minimum due for citicard
693	read my list of reminders to me
694	when can i expect the next holiday here
695	please tell me what date it is today
696	i was at walmart today and my card got declined when i went to buy qtips
697	which timezone is las vegas in
698	could i use olive oil instead of grape seed oil
699	help me set a timer please
700	i couldn't hear you, can you repeat it
701	please put this song on my moody monday playlist
702	i will need an uber for 2 people to get to philadelphia
703	how long does it take tomatoes to expire
704	show me a plan to help my credit score rating
705	when was my last paycheck
706	what if i have the wrong plug
707	tell me about my insurance benefits
708	what is my interest rate for chase bank
709	in austin, what are some tourist things to do
710	text matt and tell him i will be late tonight
711	is there a location i can schedule to check out my tires
712	what plug types are there in cuba
713	can you text marissa and tell them to stop calling me
714	could you increase the speaker volume please
715	what's the next scheduled holiday at this job
716	locate my phone please
717	i want to rent the cheapest car for charlottesville, virginia for march 7th through 10th, that's monday, tuesday, wednesday and thursday
718	has my supervisor approved my vacation
719	what's the minimum due for my electric bill
720	what should i do with an unusable and damaged card
721	my card is lost please report it
722	could you speak a little more slowly
723	find instructions for how to change the oil in a 2015 passat
724	my phone was too close to my card and demagnetized it, how can i report this
725	can we put sunscreen on my list for shopping
726	do i have enough points to for a redemption
727	look up zesty in dictionary
728	i want to hear you tell a joke
729	how many us dollars can i get for 20 euros
730	can you turn this down
731	restore factory settings
732	where could i find forms to get my w2
733	what items are on my shopping list
734	where do i recieve a w2
735	i want to update you name
736	switch to the whisper mode
737	check on the status of my order
738	please transfer $s from saving to checking
739	please measure my tire pressure
740	i would like you to put a stop on my bank account
741	does boston restaurant have favorable reviews
742	can you play the song amazing grace and it goes like this, amazing grace how sweet the sound
743	can you get me a table for 4 at red lobster at 8pm
744	what's my credit rating right now
745	is it acceptable to swap chicken for pork
746	i wanna know what the traffic is like on the way to phoenix
747	check my shopping list
748	if you were smart, would you know my name
749	what kinds of questions can i ask of you
750	let me check my transaction on my citi card
751	how much pto have i used
752	if im traveling to the hospital around noon what is the traffic typically like
753	how much is my internet bill
754	purchase me the kyrie 4s
755	write text message to someone
756	i gotta know when should i get my oil changed next
757	what is the total for my utilities bill this month
758	cheapest fare for flight from tehran to new york on august 1 with return on august 20
759	check my to do list to see if feeding the fish is on it
760	what kind of oil and how much do i need for my toyota tacoma truck and how do i do it
761	would i need any immunization if i go to thailand
762	i have how many points on my amex right now
763	switch over to whisper
764	how long will it take before the postal service delivers my new card
765	search for how to change my oil
766	is there enough fuel to make it to the walmart
767	do you know any fun facts about the ocean
768	my card is damaged and unusable
769	the car feels wobbly so check my tire pressure
770	what entity is your boss
771	can i take out the olive oil and use lard
772	what is the month that my card is set to expire in
773	what are the fees for using my card in toronto
774	i applied for a new credit card; did it process yet
775	when was my last payday
776	how do i get a w2
777	how many vaccinations will i need to travel to asia
778	will you please add cannons by phil wickham to my playlist
779	please jump to the song that follows this one
780	what kind of questions do you accept
781	i need instructions on how to change my car's oil and what type i should buy
782	add ruby soho by rancid to my playlist
783	i love dad jokes can you tell me one
784	please tell me your date of birth
785	put a hold on my bank of america account right away please
786	would you mind telling me how much i have spent recently on grocery shopping
787	schedule me an appointment to get my tires checked out
788	will you add what i'm listening to to my dinner playlist
789	how good are the ratings for outback
790	you've been a big help
791	what's the current time in greenwhich
792	share my location with sarah
793	i have a great western bank account i want direct deposits to go to
794	how much gas do i have left
795	how many crows are in 10 murders
796	i want to pay my house bill
797	book a hotel in pa, harrisburg for the 10th to 15th
798	what do people in sioux falls do for fun
799	what location is this
800	please tell my location to bob
801	in the mst time zone, what time is it right now
802	what's the nutritional value for a pizza lunchable
803	add corn to my shopping list and remove wine
804	what street am i on right now
805	i want a text sent to bob saying i will be late
806	set timer of 5 minutes
807	i'm out of cleaning supplies, remind me on my list
808	what will i need to jump start a dead car
809	please book a car for me in bangkok
810	how are you
811	can i change your name to bob
812	how do i report fraud on my chase bank card
813	how much money do i have in my account
814	let me know when my car was last looked at
815	can you help me do math
816	multiply 7 and 42
817	i want to start calling you bob
818	what's the date of the next closest holiday
819	can i eat chicken if it's been in the fridge since monday
820	what is the name you call me
821	i want new language
822	i want to know who made you
823	what's the required fuel type for my car
824	turn off my account
825	i want to make a call to uncle
826	i need to find a good way to make chicken soup
827	what is your explanation for the meaning of life
828	inform my bank i will travel to brazil from june 1st to july 1st
829	how do i handle the situation if i lost my luggage
830	are there any travel alerts for china
831	transfer $500 from my checking to my savings
832	measure tire pressure
833	what sort of pets do you have
834	what festivals are there to see in paris
835	what's the mpg of this car
836	will this car run on the cheaper gas
837	set a timer for 5 minutes
838	where are you originally from
839	will there be a wait time at this restaurant
840	i don't know the answer
841	how can i use you
842	i need to know the date of my car's last visit to the shop please
843	can you list all of my online transactions for the month of january
844	what ingredients are in coffee cakes
845	what's the estimated time to get to ppg paints arena in pittsburgh via bus
846	the atm chewed up my card can i get a new one
847	i can't tell
848	has my application for a new credit card been processed
849	can you please flip a coin, i call tails
850	what is 10000 divided by 20
851	how many dollars can i exchange for 100000 yen
852	i'd like to me told the meaning of life
853	explain why was my card declined at boston market
854	will you let me know what my spending limit is
855	when taking a flight with lion to singapore, how many carry ons are allowed
856	i'll pass
857	how many reward points does my discover card have
858	volume should be increased to 4
859	what does kentucky have to offer for things to do
860	please delete my todo list
861	get me the apr on my visa card
862	could you transfer $x from saving to checking
863	what place do you come from
864	how long will delivery of a new card take
865	what is the name you have listed for my identity
866	how high is my credit limit for my target card
867	tell me my interest rate
868	let's hear the definition of iridium
869	hi how is everything
870	i wonder what my to-do list looks like for today
871	i need to report that my card has been lost
872	i was wondering about the vacation time you said you'll approve
873	can you move to the next song
874	yep
875	when do i need to pay my dte energy bill
876	what ingredients do i need to make pizza
877	complete a roll on a 4 sided dice
878	use my phone to dial work
879	that will be true
880	send ally a text message the message is that i just landed
881	do i have enough fuel to get to dollar tree
882	what amount do i have to pay in taxes
883	i need to know what is 85% of $1500
884	create a reminder for me to exercise this week
885	i need to know my location
886	what is the best way to keep my credit score from going down
887	can you tell me how much pto i've gone through
888	verify that my reservations at won wons for joe lee are good
889	is it okay to switch apples for grapes
890	can you please make an appointment for me to get my tires checked out
891	when did i last have my vehicle checked on
892	where is the closest target
893	is my dinner reservation for gusto handcrafted pasta & pizza at 6:30 pm still valid
894	what do i need to do to change my abc bank account pin number
895	create an alarm for 6am
896	in one cookie, how many calories would i find
897	help me find my package
898	is this how i apply for a discover card
899	i want to set a timer
900	play the next hit
901	book a 6 person uber to the movies
902	what is the caloric total in these muffins
903	i would like ms johannson and ms alba to be informed of my location
904	i need to know my current gps coordinates
905	what is the spending limit i have
906	where did i put my phone
907	i need to arrange an appointment to have my car's tires examined
908	can you increase the speaker volume please
909	quickly disconnect the phone
910	tell me all about your hobbies
911	is there evening reservations available in the eve
912	let me know what i have to do today
913	i need to know the name of my current location for the tow truck
914	what do i pay currently in income taxes
915	tell me the expiration date on my visa credit card please
916	who are you employed by
917	have any cool facts on reptiles
918	ai, what is my chase routing number
919	give me a cool fact about puppies
920	the answer is false
921	help find my phone
922	i wanna change your name to audrey
923	tell me how to spell doctor
924	how is the car's tire pressure
925	how much is my apr on my bank of america card
926	what's the name of this release
927	does my american express card have any international transaction fees
928	will you repeat my reminder list
929	do you know where i can find my suntrust routing number
930	how do they say 'how's it going' in swahili
931	does australia have different plug sizes
932	i need to find out how i know my location right now
933	please locate me on the map and show me
934	can you put in a meeting for the blue room on friday
935	can you tell me what timezone chicago is in
936	do i need shots before i get to africa
937	when is my next oil change due
938	how can i know when my cable bill is due
939	where do you hail from
940	what is the status of my new credit card application
941	is there a special place where i can schedule to check my tires out
942	what kind of petrol goes in the tank
943	can you increase my credit limit to $7,500
944	that is erroneous
945	do i need milk at the store
946	where can i locate my routing number for chase please
947	how many vacation days are available to me
948	how long does it take to bake a pork loin
949	what are some interesting things to do in dc
950	find my credit score for me
951	what name do you call me by
952	how do i find my credit score
953	i want to know when i was last paid
954	where am i located currently
955	what is the minimum payment on my eddie bauer card
956	delete that event from calendar
957	i'm short on flour so place an order for me
958	could you stop talking for a second
959	what is my balance
960	when should i expect my next paycheck
961	i want to listen to music by the beatles
962	tell me whats on my shopping list
963	is studying for the chem exam on my todo list
964	can i make a reservation at chevy's
965	the answer is yes
966	i wish to know my credit score
967	when was i paid last
968	i like to paint in my free time-do you have any hobbies like that
969	i need a stop placed on my bank account please
970	no, that's not it
971	i need to know how to jump start my car
972	can you understand me, if i start talking in italian
973	i have to say goodbye
974	how many weeks of vacation do i have
975	did my american express card application go through yet
976	i wanna know the types of subjects are you familiar with
977	i need my phone, but can't find it
978	ai, heads or tails
979	what is the meaning of word 'rescind
980	what is the conversion between tablespoons and cups
981	reset to default settings please
982	call mark
983	i would like to report a fraud on my wells fargo card, please
984	can you help me figure out the process of rolling over a 401k
985	do you have any southern dishes to recommend
986	what kind of fuel goes in my engine
987	find out when my most recent oil change occurred
988	might i need to get a visa to travel to venezuela
989	i need information regarding the procedure to cash in my rewards for my citibank card
990	how many calories are in a bowel of wheaties
991	i need for you to play my maroon 5 playlist
992	how many more pto days are there for me
993	can you recommend an indian restaurant
994	provide me the routing number for my fed account
995	list everything on my shopping list
996	when is my xfinity bill due
997	how many calories in meatloaf
998	what is the minimum i can pay for my electric bill
999	tell me how are you
1000	where did your mom have you
1001	do you know of any good seafood restaurants in seattle
1002	any new restaurants near the mall
1003	that is a fact
1004	routing number for american river
1005	please show my current location to andre
1006	how soon should i have my oil changed
1007	tell me who your boss is
1008	how long is it to ann arbor by bus
1009	how do i order checks once i run out
1010	there is no juice in my battery please help
1011	i would like to thank you
1012	please tell me what i pay in taxes
1013	what are my tax costs
1014	when do cars need their oil changed
1015	do you have any hobbies
1016	what's the procedure to get direct deposit for my paycheck
1017	please tell me about my income
1018	how many ounces is 2 and half cups
1019	you must tell me your name
1020	please flip a coin i select tails
1021	tell me the exchange rate between here and country b
1022	what do you call yourself
1023	what day will it be 373 days from now
1024	when should my car's tires be changed
1025	how much gas is in the tank
1026	will i be safe while traveling to lyon (will you be safe)
1027	what should i make for dinner
1028	what is the total amount of my paychecks over the last year
1029	would you say that my card's apr is
1030	who is your originator
1031	when should i take an apple pie out
1032	i want a bmw suv for march 2 to 6th in dallas
1033	tell me how to jump start a battery
1034	please add someday by the strokes to my playlist
1035	book 3 under the name zebee at xenophobe
1036	i need to make a reminder
1037	is there traffic up ahead
1038	can you help me set up a direct depost
1039	will traffic be light on the way to orlando
1040	tell me the routing number for bluebird
1041	has flight dl123 arrived yet
1042	what all is in gumbo
1043	revert to your factory settings
1044	get a hold of sue
1045	give me instructions to change my oil
1046	what timezone is paris in
1047	i need to know what dominate means
1048	what kind of information do you know
1049	if you were getting a pet, would you get a cat or would you get a dog
1050	what's the nutritional info for a banana
1051	i need my pin number
1052	do i need to bring a visa when i go to canada next month
1053	i want a lesson on changing my oil
1054	can you purchase underpants for me
1055	can you teach me how to set up direct deposit, or show me who can
1056	put in a pto request for me i want it for the ninth and the tenth of august
1057	what vaccines do i need before i travel there
1058	what is your current age
1059	would you like to tell me a joke
1060	tell me how much gas i have
1061	do i have enough gas left to make it to tampa
1062	what's your design company
1063	do you mind putting a stop on my bank account
1064	please ask the bank to freeze my account
1065	how do i redeem my card points
1066	my card split in half, how do i report it
1067	tell me some amazing trivia about radios
1068	what will the date be in 10 days
1069	can you tell me my health plan
1070	can you see if i have my doors locked
1071	what do i do to get cach back for points on my discover card
1072	how long does it take to get to applebees in new york
1073	show me the total up to date points on the marriot rewards card
1074	where is your favorite restaurant to eat
1075	i want you to turn the fans on
1076	what are the steps to set up direct deposit to my chase account
1077	can you tell me how to set up direct depost
1078	my account is blocked, help me figure out why
1079	can you give me a meal suggestion for swedish cuisine
1080	please get off my phone
1081	is my order here yet
1082	look up whether my 401k may be rolled over
1083	can you help me find my routing number from wells fargo
1084	2 cups of grapes have how many calories
1085	how can i change information on my insurance policy
1086	what are they paying me at work right now
1087	what is the real meaning of life
1088	what do you like to do when you're not working
1089	can i increase the credit limit on my maurices card
1090	get an uber to take me to my brother's house in mineola
1091	ai, give me the results of a coin flip
1092	how many minutes do i cook baked ziti
1093	i'd like to revert to factory settings
1094	what is one dollar worth in mexico
1095	i would like to change my credit limit
1096	i don't really know
1097	can i use my credit card point on amazon
1098	how miles does it take to get to red lobster from my current location
1099	please refrain from carrying out the current task
1100	read me some interesting information about cats
1101	tell me what time it is right now
1102	when is my credit due to expire
1103	for toby's, is it busy around six
1104	i want to know the carry on policy for aeromexico
1105	what are the cuban plugs like
1106	i need you to text someone for me
1107	give me a reminder for calling bill
1108	can you find out if my vacation time off request has been approved or not
1109	listen to next song on playlist
1110	how to locate my credit score
1111	cancel current process
1112	what is left to do today
1113	what is the name i should use to refer to you
1114	i'd like to improve my credit score
1115	is it time for an oil change
1116	can you tell me my current bank accounts balance
1117	i want to check on my vacation request
1118	how busy does outback get around 7pm
1119	please assist me by making a pto request for march 11-18
1120	how many nutrients are there in a bowl of cereal
1121	what does distinguish mean
1122	help locate my phone
1123	ai could you say that again
1124	where do i go the transfer my 401k
1125	i need you to find my phone
1126	what is a good recipe for steak
1127	how long is the wait at applebee's
1128	what do i have on my calendar for monday the 1st of march
1129	what is the apr on my visa card
1130	what's the clock say
1131	send ten dollars from bank of america to capital one
1132	what time is it in paris
1133	whats lifes meaning exactly
1134	can you find a good steakhouse for tonight
1135	whats euros kroner in 25
1136	could you let me know who made you
1137	what kind of questions may i ask you
1138	change your language setting to german
1139	what meetings do i have scheduled today
1140	what was the last time i had my car at the dealer for repairs
1141	what ingredients go in a milky way
1142	is it recommended to get any specific shots before i travel to japan
1143	how much money have i spent this week
1144	stop please
1145	can you help me find my credit score
1146	find me an uber to downtown
1147	is there a greater purpose in life
1148	stop doing that
1149	alert my bank and let them know that i'm travelling to madrid
1150	do i have any meetings planned for today
1151	make not of my appointment for tomorrow on my calendar
1152	i enjoyed talking to you
1153	can you roll the dice
1154	can you tell me about your hobbies
1155	who was your programmer
1156	i need to know when my credit card is going to expire
1157	thank you kindly
1158	change your language to spanish please
1159	does it show me as having a reservation for tomorrow at 5
1160	list the things i wanted to remember
1161	spell doctor
1162	how do i improve my credit score
1163	let's change what you respond to
1164	how many canadian dollars can i get for 5 us dollars
1165	can you tell me the minimum payment of my bill
1166	which month is the one in which my card expires
1167	delete soda from my shopping list and add water to it
1168	what day am i off next
1169	any travel alerts for canada
1170	can you change your accent to the male british one
1171	change your language
1172	stop my account activity
1173	how soon should i replace my tires from yesterday
1174	can you make reservations at hodak's
1175	order all of my shopping list
1176	please say that again
1177	let me know my card's apr
1178	should i get more gas
1179	ai, how old are you
1180	i'm i okayed for vacation time
1181	i want to use my credit card points
1182	can you help me find the interest rate for my sba account
1183	find out how much of my pto is already used
1184	what type of restaurants are nearby
1185	how much money did i spend on tent equipment four hours ago
1186	what's the current psi for my tires
1187	can you text mary and tell them it's ready
1188	i need more information about my income
1189	are you able to track my package
1190	what does my shopping list say that i should get
1191	which insurance plan do i have
1192	do my task list have call kath on it
1193	can you update me with the status of flight dl123
1194	let me know how low the air in my tires are
1195	where are some good thai restaurants in las vegas
1196	do i need a visa to go to greece
1197	are you able to lookup my credit rating
1198	help me get a w2 to do my taxes
1199	please give me directions to the nearest starbucks
1200	i think you are a bot
1201	do i have any meetings today between 5 and 6
1202	remind me of how days i had off so far for the year
1203	what would be the least i could pay on this bill
1204	what is the minimum i can pay for my telephone bill
1205	what is 213 times 3
1206	will you help me reserve a rental car for my trip to dallas
1207	how soon before my catering bill is due
1208	turn up your volume
1209	how's traffic en route to virginia
1210	change my pin to 1234 on account ending with digits 4994
1211	i wish to know the gas i need to fill this car up with
1212	i want you to start referring to me as lucky
1213	let me know chase's routing number
1214	use your whisper voice
1215	help me move my money please
1216	let my bank know that i am going to tokyo
1217	i am going out of country and my bank needs to be notified
1218	let me know how to get to the starbucks nearby
1219	where is the closet bus stop to go to downtown dallas
1220	my dte and water bills are how much
1221	what is the meeting schedule today
1222	how is the tread on my tires
1223	if i would like to set up direct deposit, how do i do it
1224	can you get me an uber to the science museum
1225	i've forgotten my pin number for my citibank gold account
1226	i have a fraudulent transaction from wal mart on my account right now
1227	does delta have any carry-on restrictions
1228	where do i get my w2 form from
1229	i want to hear doctor jokes
1230	i need to change my insurance policy, how
1231	what are the nutrition facts for macaroni and cheese
1232	what reminders did i have
1233	remind me to set the meat out to defrost
1234	clear my calendar on march 1st
1235	please show me where i am on a map
1236	do i need a visa to spain
1237	what is needed to change my oil
1238	go to whisper mode
1239	will it be all right for me to drink milk i've had in the fridge since tuesday
1240	can you confirm my reservation for jaime at red lobster
1241	is traffic heavy on my route to washington
1242	i'm at a new job and i need to do a 401k rollover, how do i do this
1243	tell me what the date is today
1244	did i remember to put milk in the shopping list
1245	please skip this song and play the next one
1246	who is you employer
1247	can you schedule a meeting with john for 12
1248	i need to know the total calories for a chicken caesar salad
1249	how would i say hello if i were swedish
1250	set an alarm
1251	put a hold on my chase account right away please
1252	how much do i have to pay for my shell gas card bill
1253	is there anything fun to do in berlin
1254	give me the time left before i get to the hotel
1255	i am ready now to cash in on the many credit card points i have saved up
1256	can you confirm my reservation for donnobys at 5:00
1257	are my tires good on pressure
1258	what ingredients are in chips
1259	i need an oil change, make an appointment
1260	delta has too many carry-on restrictions! do you know them
1261	will i need vaccines for my trip
1262	track my package now please
1263	before i pay my walmart credit card did i make any purchases using it recently
1264	do my car tires have enough psi in them
1265	do you know my credit rating number
1266	can you locate my w-2
1267	reserve a table for 3 at andrea's steakhouse around 5pm under the name wheeler
1268	text mom saying happy birthday
1269	is is possible to order more checkbooks for account ending in sequence 939392
1270	when was the last time i got paid
1271	remove carrots from my shopping list and add soda
1272	can you provide information on my income
1273	i need know my credit limit on my american express card
1274	i would like to know if you are a robot
1275	i can't locate my phone
1276	are you a person
1277	it is okay to use water in place of milk
1278	what do i need to change the oil in my car
1279	what about the calories for this chicken salad
1280	i want to schedule a tire check up somewhere
1281	what's the gas mileage on a juke
1282	what is the projected time frame for the flight to land
1283	i need to switch accounts
1284	can you please set up a meeting for 3:00 on wednesday
1285	i thank you
1286	i need a reminder to remind me to do something
1287	what's is the current weather forecast
1288	i want to know what trenchant means
1289	what do i have on my calendar today, the 3rd
1290	teach me how to change my oil
1291	im sorry can you repeat yourself
1292	for my westport account, what is the routing number
1293	when was the last date that i got a paycheck
1294	what's the cheapest fares from lax to sfo for round trip flights leaving april 1st and returning april 7th
1295	i want to hear my vaporwave playlist
1296	what amount will my state taxes be
1297	i'd like a block on my charles schwab account immediately
1298	i need a new card because my dog chewed on it and now it does not work
1299	tell me a fun trivia bit about artificial intelligence
1300	what is my routing number
1301	do you know what timezone italy is in
1302	who or what programmed you, do you know
1303	help me roll a dice
1304	is it acceptable to swap salt for baking soda
1305	what are the steps for setting up direct deposit
1306	what band is this
1307	at 5:30 pm, how busy can i expect olive garden to be
1308	make the lights dimmer please
1309	can i see my transactions on the 7th
1310	can you disconnect from my phone
1311	how can i hurt my credit score
1312	cancel my reservation for chris at jp field's
1313	how long does it take to get a table at chili's
1314	so are you a bot
1315	delete my to do list
1316	how many times does 8 go into 2000
1317	what's my current credit rating
1318	tell me if the cheshire takes reservations
1319	in chile, what kind of plugs are used
1320	what funny joke do you know
1321	how many hours will it take to get to my destination
1322	when will my car next be due to get its tires changed
1323	do you have any past-times
1324	how do i find lost luggage in an airport
1325	how do you usually refer to me
1326	i need to know what time it is in florida
1327	how many people do you think will be at applebees at 7
1328	i'd like to know the meaning of life
1329	i need more checkbooks delivered to me by mail
1330	i'm making a purchase and need the help of ai
1331	add to my list of things to do: wash the dog
1332	please add to my calendar for the staff meeting that is scheduled on march 1, 2019 at 10 am
1333	what's the balance of my savings
1334	is a socket converter required in india
1335	i would like information on france's timezone
1336	alert my bank and let them know that i'm travelling to oslo
1337	does this car take regular or diesel fuel
1338	tell me how i can tell if my tires need to be changed
1339	change the accent you're speaking in
1340	can you find me a round trip flight from denver international to new york international on the 3rd through the 7th
1341	halt that immediately
1342	how can you schedule a meeting for me
1343	show me trivia about cats
1344	tell me how long i will need to spend preparing a meat loaf dish
1345	i don't understand why my card was declined yesterday
1346	will i be charged if i use the card in italy
1347	i gotta switch to a new insurance plan
1348	can you share my location with my girlfriends
1349	how long should i expect to wait at the cheesecake factory before getting seated
1350	what's my checking account balance
1351	my luggage is nowhere in sight, it might be lost
1352	i need to know when i was paid last
1353	do that
1354	tell me a joke about cows
1355	have i been spending a lot on alcohol lately
1356	is it ok to use brown sugar instead of powdered sugar
1357	eliminate
1358	can i hear the song after this one
1359	how much do my bills cost this month
1360	10 minutes is the setting for the timer
1361	how many dollars can i exchange for 10000 rubles
1362	what's a good place to travel to
1363	i will be visiting america so i will need to let me bank know i will be gone from april to may
1364	where should i go to get a w2 to do my taxes
1365	set one alarm for 215pm and another for 7pm
1366	what is my pnc account routing number
1367	how's my gas supply looking
1368	ways to build credit
1369	can i get some music by three six mafia in here
1370	do i need certain shots before flying to eithiopia
1371	i need the dollar amount due on my verizon bill, please
1372	how can i change your name
1373	you have my gratitude
1374	i'm out of paper towels so will you order me some more
1375	do you know where my w-2 is
1376	can you tell me how to spell elephant
1377	what types of subjects do you know
1378	set reminder for 2 pm
1379	am i your employer
1380	please read back to me my to do list
1381	my luggage is missing i was on spirit flight ab123 from chicago
1382	what's the closest mcdonalds
1383	give me instructions on how to change the oil in my car
1384	give me italian meal ideas
1385	is my phone connectable right now
1386	switch my amex pin to 1234
1387	can i order for more checkbooks for my chase bank account
1388	do i have pepper my shopping list, if not add it
1389	lets hear a fact
1390	how do you cook apple pie
1391	reset device to original settings
1392	go ahead and switch to the male voice
1393	what day is the bill due
1394	i gotta say no
1395	let me know the carry on policy for alaska airlines
1396	please allow me to swap salt for baking soda
1397	how does my credit score look
1398	dial christie's cell
1399	can you just use regular milk instead of buttermilk
1400	what do i need to cook chicken soup
1401	how can i safeguard my credit score from dropping
1402	tell me why my card was declined at auto zone, why
1403	how good is the apr on my mastercard compared to others
1404	what sort of fuel should i use for this car
1405	do you know if my reservation for dono is confirmed at 8 pm
1406	will ecuador require proof of any shots for me to go there
1407	how do i schedule car maintenance
1408	has visa gotten back to me regarding my card app
1409	i need step by step instructions on how to change the oil in my car
1410	i don't believe that is possible, it is false
1411	does my credit card expire soon
1412	do a car payment from my savings account
1413	what is the carry on limit
1414	add a doctor's appointment to my calendar for friday
1415	i'm having trouble scheduling a meeting
1416	my car takes what kind of fuel
1417	what ingredients do i need for gumbo
1418	do you know the carry-on restrictions for delta
1419	in a fried egg, how many calories are there
1420	use the map and pinpoint my position
1421	how much does it cost to get my car filled up
1422	please talk slower for me if you can
1423	what is the word on flight dl123
1424	do i need a visa to go there
1425	when will i get my replacement card
1426	i'm going to jamaica next week; am i needing a visa
1427	negate last command
1428	what name should i use when i call you
1429	hey just take off everything from my todo list
1430	what kind of gas does my car need
1431	how long will chicken last in the freezer
1432	can you block my chase account right away please
1433	my card fell out of my wallet and i ran over it so it does not work
1434	what day of the week are we on
1435	what is your point of origin
1436	can you check and see how much i owe on my cable bill
1437	i want a new policy with long-term care insurance
1438	what's the traffic like on the way to the water slides
1439	do i need a converter in barcelona
1440	does american express charge transaction fees for iceland
1441	i must to the female voice
1442	are you well
1443	will my 401k carryover
1444	it was really nice to be able to chat with you
1445	shopping list
1446	help me transfer my 401k
1447	how does the traffic look on my way to work right now
1448	please identify the name of the creator of this ai
1449	try a male voice
1450	can you please put a block on my chase account quickly
1451	tell me the meaning of alternative
1452	does my car have enough gas to get to chicago
1453	is there a tire repair place near the post office
1454	lets go threw some trivia on sports
1455	any suggestions for a peruvian meal
1456	i need to know how to spell conscience
1457	are you a bot or a real person
1458	can you report my lost discover card
1459	can i ask your name
1460	hello, what's up
1461	what is your availability for conference rooms between one and two today
1462	what do i have on my calendar for march 11
1463	will i hit traffic on route to moms
1464	how much is the minimum payment for power bill
1465	how much country of canada money would i get for $100
1466	i am on main street now, where is the closest bus stop to me
1467	show me a well reviewed hotel in evans
1468	can you alert me when my phone bill is due
1469	can you tell me what i can ask the ai
1470	please talk a bit faster
1471	which ingredients are in pizza
1472	will you please tell me my to do list
1473	name a few good steakhouses in chicago
1474	change the pin on my bank account first republic to 1234
1475	do you know any good jokes you would like to share
1476	given a choice would you take a dog or a cat
1477	please set a timer for
1478	please tell me the month and year of expiration for my discover card
1479	when's the next time my job'll give me a day to myself
1480	what kind of gas should i put into this car
1481	are there any vegan restaurants in my town
1482	please help me book a rental car in appleton
1483	start up some music
1484	what's the nutritional info for an apple
1485	what is status of my bank account
1486	what are you
1487	i owe you one!
1488	please convert 2 inches into meters for me
1489	does my car need specific fuel
1490	how is life treating you
1491	how often should i change my oil
1492	send $100 from paypal to my bank
1493	am i talking to a person or a bot
1494	i want income data
1495	is the air pressure on my tires low
1496	idk
1497	what are the reviews like for la camelia
1498	what time is it in north korea
1499	can you tell me which timezone is cambodia in
1500	how much is the atm fee for my boa card in orlando, fl
1501	do i need a travel visa to visit japan
1502	go past this song
1503	what subjects do you know about
1504	how do i sign up for a new credit card
1505	how many miles per gallon does it get in the city
1506	what about my vacation request
1507	do you know what my precise credit score is
1508	what is the best type of gas for this car
1509	what are the items on my reminder list
1510	what kind of plug does my hair dryer use in south korea
1511	will you roll a 3 sided dice
1512	can i increase the credit limit for my chase card
1513	what time is this flight supposed to land
1514	how do i check my rewards for my target card
1515	exchange rate between mexico and us
1516	how long ago was my car last in the shop
1517	i want to put thank you on my playlist called relaxing jams
1518	remove laundry from my todo list
1519	can you tell me all of the things on my to do list for tomorrow, please
1520	please speak with the whisper voice
1521	what is my checking account balance at chase
1522	can you access my w-2
1523	what is the minimum i can pay for my light bill
1524	will i need to renew my credit card soon
1525	someone stole my discover card
1526	how do i put in a pto request for the first to the ninth
1527	tell me that status of flight dl123
1528	what vaccinations should i get if i go to nigeria
1529	stop working on it, i need something else
1530	i've notified my bank that i'm in mexico from august 1 to august 5
1531	i don't understand why there is a hold on my retirement fund account
1532	how many mpg does this get on the highway
1533	how long does pizza take to cook
1534	what's london's timezone
1535	inform my bank that i'll be going to europe
1536	will cracker barrel be crowded around five this evening
1537	ai, stop talking
1538	please show me instructions on how to change my oil
1539	how little can i pay towards my car insurance
1540	schedule an uber to the mall
1541	has my credit card application been approved yet
1542	please change the name of you to tim
1543	how can you convert miles to kilometers
1544	i need you to your volume
1545	should i increase my credit limitfor cardx
1546	has my amex application gone through yet
1547	make a reminder to change the cat litter
1548	what are the conditions like in sarasota
1549	what should i get to make the jamaican patties
1550	bye for now
1551	i want that repeated
1552	what is american airlines carry on policy
1553	would i be able to put in a pto request for march 21-26
1554	how much is my xfinity bill this month
1555	i don't know for sure
1556	can you find me a flight from portland, oregon to portland, maine for under $500 on delta
1557	where can i get the employment form i need to do my taxes
1558	what does life mean on a deeper level
1559	list the ingredients in pizza
1560	how long before i neet to get my oil changed
1561	do you know whether you are a human or whether you're a computer
1562	my bank needs to be aware of my trip to spain
1563	what created you
1564	talk later
1565	can you teach me how to make sushi
1566	what's the procedure to apply for a new credit card
1567	what restrictions are there for carry-on on delta
1568	how can i order more checks since i do not have any more
1569	i appreciate that
1570	i'm out of lysol could you order me some
1571	i want whisper mode to be switched off
1572	what may i call you
1573	does my calendar include an event called shana's baby shower
1574	i would like to know the bill's minimum payment
1575	is there a way to increase the limit on my visa card
1576	what are the possible reasons behind frozen bank account
1577	are more than one carry on allowed at klm
1578	find what the word diaphanous mean please
1579	flip a two sided coin and tell me what it lands on
1580	find me a mechanic
1581	are you good
1582	i did not quite hear you, can you say it again
1583	could you talk like a british male
1584	my card broke in half and i need to report this
1585	can you tell me how many points i have on my kohls card
1586	how low can i reduce my phone bill before paying
1587	any ideas on a good place to eat out
1588	what amount of time do i need to cook lobster for
1589	let me know what my credit score is
1590	i really need to set a timer
1591	i'm cooking an egg, timer for 3 mins
1592	can you tell me if there's a travel alert for that country
1593	that i don't know
1594	can you tell me who created you
1595	write text and send to someone
1596	is my reservation confirmed for lu shi at 7 pm
1597	what ingredients are needed for shrimp cocktail
1598	my card has a deep crease through the middle so i would like to report it
1599	what’s your favorite funny joke
1600	could you list my health benefits
1601	help me get a rental car for march 2 to 6th in dallas and i would prefer a bmw suv
1602	turn off whisper mode
1603	clear something up, are you a robot
1604	tell me a little more about the status of my credit card application
1605	tell me what i had wanted to remember earlier
1606	what's the current amount of vacation owed to me
1607	my luggage is lost, i was on american airlines ab123 out of los angeles
1608	please tell me when the last time was that my car was in the shop
1609	can you tell me my credit score
1610	please share my location with my boss and my lawyer
1611	how does one jump a car
1612	i really would like to add hey jude by the beatles to my playlist
1613	can i get an uber to union station for 3 riders
1614	help me build my credit score by showing me some ways on how to
1615	uh huh
1616	how much did i spend on bills last month
1617	how long do i need to make lasagne
1618	when was my last oil change
1619	how much do i pay in income tax
1620	please notify my bank that i need more checks
1621	blank out my todo list
1622	does minnis take reservations
1623	what kind of gas does this car use
1624	i am changing over to italian now
1625	i need you to increase your speaker volume
1626	i am needing to know how low the air in my tires are
1627	how much have i spent on shoes lately
1628	can you tell me how busy outback steakhouse will be at 7:30 pm
1629	how are the tires on air pressure
1630	is it safe to travel to rio de janeiro (is rio de janeiro safe)
1631	i wanna know if my capital one credit card have international transaction fees
1632	i don't know where i put my phone
1633	i want to hear about your pets
1634	do i need to have a socket converter in canada
1635	can you give me a french dinner suggestion
1636	what date did i have my oil changed last
1637	is there anyway, i can report my card being stolen
1638	help me book a place to stay from may 2 to may 4 in tampa
1639	how and where are my w2 forms given
1640	can we call mark
1641	does acero in maplewood allow reservations
1642	how do i make shrimp
1643	how much money do i have in checking
1644	how can i cash in the rewards i have earned on my amex
1645	see if you can schedule a meeting with don southerland tomorrow at noon
1646	contact avis and see if they have cars available
1647	i wanna know when should i get my oil changed next
1648	how much do i have to pay for my bills this month
1649	i would like to check my reservation for jean at taco house
1650	quiet now
1651	when will my flight land
1652	tell me the reason there is a hold or block on my account
1653	share my gps with tom
1654	what steps do i need to take to switch my insurance plan from an hmo to a high deductible ppo plan
1655	is sage busy around noon
1656	did i get my day off
1657	give me some ways to build my credit score
1658	do you know of any good mexican restaurants in seattle
1659	invalid
1660	read my shopping list to me
1661	could you tell me the meaning of life, please
1662	revert to your factory settings, please
1663	can i increase my credit limit from 1000 to 2000 please
1664	inform me if there's a travel alert for the country
1665	how long will it take me to get to the mcdonald's in the city
1666	i have credit card points but don't know how to use them
1667	do i still have any pto days left, and if so, how many
1668	you should respond in english
1669	it would be great if you could tell me my credit card's apr
1670	i need an uber to the movies
1671	i want to find out if this will hurt my credit
1672	not quite sure how to respond
1673	they call me josh
1674	do you have an age
1675	heyo
1676	i go by ted
1677	will the amount in my chase bank account right now cover the cost of a new dryer
1678	what is the definition of valor
1679	how many points are on my gold card
1680	can you tell me when my tires should get changed
1681	remember to put down that i have an appointment for tomorrow on my calendar
1682	could you submit a pto request for me from dates oct thirty to nov second
1683	please include laundry on my to do list
1684	hello, may i get your name
1685	what's the best way to get to my bank by walking
1686	let dan know where i am
1687	how's the air pressure in my tires
1688	can you tell me when my electric bill is due
1689	share my location with mom, please
1690	i would like to try and confirm that i have a reservation at applebee's for kristen
1691	may i know who made you
1692	i put some leftover stew in the fridge and want to know how long it'll last
1693	will rice be ok in the fridge for 3 days
1694	is there any transaction fees on my citibank card if used in spain
1695	about how much will my federal taxes be
1696	how many days off have i had this year
1697	what is the weather going to be like tomorrow
1698	in paris, what's the timezone
1699	what's the air level in my tires
1700	when will my jetblue flight get here
1701	how many meetings do i have today between noon and one
1702	take off fries from the shopping list
1703	please, no
1704	tell me the reviews for bjs
1705	who do you think i am
1706	do you know when you were born
1707	my luggage is missing off of american airlines flight ab123 out of chicago
1708	schedule a meeting for me
1709	does burger king accept reservations
1710	can i substitute oregano for basil
1711	what's this jam called
1712	call robby for me
1713	what is the minimum payment for comcast
1714	please help me make a request for vacation
1715	i need you to remind me to get something done
1716	really dont know
1717	what is the square root of 1 million
1718	when will my credit card app be approved
1719	order some cat for me, i ran out
1720	what's my apr on the card i recently used to make a purchase
1721	how long should i cook a steak for
1722	i'd like to change my pin number for my wells fargo account
1723	what is the meaning behind life, do you think
1724	can you take frozen food of my shopping list
1725	make me a reservation for 5 people at village tavern for the calloways
1726	can you tell me how good my card's apr is
1727	are there any meetings room available between 8:00 and 9:00 am
1728	how many ts are in tethered
1729	use male voice now
1730	jason is my name
1731	how can i build credit
1732	what is my bank of america card's rewards balance
1733	how was this ai created
1734	will you start calling me chaz
1735	let me swap salt for baking soda
1736	i need help paying my cable bill
1737	let me know the amount i spent on food last month
1738	i haven't the foggiest
1739	can you check what is on my calendar for tuesday
1740	up until now, what place was your home base
1741	please increase the volume to 4 please
1742	i don't have any more steak, please put that on my grocery list
1743	i need to know how many cups are in a two gallons
1744	how long until i reach my destination
1745	what does idiosyncratic mean
1746	put we are the champions to my running playlist
1747	thanks for talking
1748	my card got damaged and i need to report it, please
1749	tell me how to request vacation
1750	when did i have my car looked at
1751	how can i rent a car in las vegas
1752	ai i didn't hear you
1753	do you know how long of a wait it will be
1754	i need to see the chicken salad's nutritional info
1755	please tell me the minimum i can pay on my electric bill
1756	what's today's date
1757	what is the available balance in savings
1758	remind me of which insurance plan i'm currently enrolled in
1759	tell me the ingredients in pizza
1760	go over my meeting schedule with me please
1761	let lucy know my gps coordinates
1762	is it acceptable to swap milk for water
1763	may you repeat what you said again
1764	i'd like to refer to you as my house from now on
1765	whare the ingredients for the stir fry
1766	when do i need to change my oil
1767	how soon does it take a card new card to get mailed to me
1768	i lost my discover card, i want to report it
1769	i need you to buy a mouse for me
1770	can you tell me the number of calories in one serving of whole cashews
1771	can you call a taxi
1772	will i be able to schedule a reservation at 4 seasons in los angeles
1773	i need to do laundry later today
1774	what type of fuel do i need to use to fill the car up with
1775	can you assist me on my fradulent activity on my chase card
1776	what's the exchange rate betwen usd and euros
1777	what do you do for fun in your free time
1778	can you remind me what i was trying to remember
1779	what do i need to do to request vacation time off
1780	how many miles can i drive before i need to change my oil
1781	does mcdonald's have good reviews
1782	i don't want to do anything today so just clear the todo list
1783	how do i find when my water bill needs to be paid
1784	stop calling me charlie and from now on always call me chip
1785	can you tell me the nearest restaurant to me and give me directions
1786	how would i say hello in french
1787	can you cancel my dinner reservation
1788	i wanna know my income
1789	i'd like to have everything on the shopping list
1790	how much money is the state going to take from me for taxes
1791	can you redial the last number dialed
1792	please turn your speaker volume up
1793	i need you to switch to my original settings
1794	find me a flight from tijuana to guadalajara on volaris
1795	can i get a higher credit limit on my american express
1796	refresh to factory defaults
1797	is cleaning the toilet on my to-do list
1798	what is now on my reminder list
1799	can you do a british male accent
1800	what is the most fun fact you know about the film industry
1801	would you tell me the current time in the eastern timezone
1802	how long does it take you to mail me a new card
1803	what do you think the purpose of life is
1804	can you find me a recipe for carrot cake
1805	cash in rewards for my visa card
1806	can you find my package
1807	scratch
1808	please list my meetings for today from 8:00 am to 2:00 pm
1809	imagine you had to pick a preferred animal between cats or dogs, which will you pick
1810	i'm out of checks, please order new ones
1811	has my purchase arrived yet
1812	my chase account has a hold why
1813	please play come as you are by nirvana
1814	when can i expect my order
1815	x is who i need to call
1816	whats the update on flight dl123
1817	can you say again
1818	where were you manufactured
1819	tell me something funny about dogs
1820	what company sponsored you
1821	could you please let me apply for a new credit card
1822	why was my credit card not accepted
1823	i want to see paris will i need an international visa
1824	do when you when my replacement card will get mailed
1825	whats the calorie content of oatmeal
1826	change mode to whisper
1827	will you play the next song on this playlist
1828	is love the meaning of life
1829	let me hear the song sympathy for the devil
1830	does china have any travel alerts i should be aware of
1831	can you give me instructions on how to make alfredo
1832	please do a stop on my bank account
1833	start talking in spanish
1834	how much have i spent on eating out recently
1835	stop the current song and play the next one on this playlist
1836	can i substitute apple juice for wine
1837	i wanna know when my flight scheduled to board
1838	i must call roderick
1839	i need to change my insurance to a plan with a lower deductible
1840	what's the latest with my united flight
1841	how do i spell ambitious
1842	how much funds do i have in my bank accounts
1843	i need you to order all the things on my shopping list
1844	how much do i make per day
1845	dial x's number
1846	dial sarah
1847	send my gps location to manuel
1848	on my to do list, add exercising
1849	i wanna schedule some car maintenance
1850	i need a vegi lasagna recipe
1851	where can i schedule to get my tires checked out
1852	i would like to apply for a visa card
1853	help me report a lost card
1854	what holiday can i expect next
1855	so how long can pizza last in the fridge
1856	where do i find the routing number for usaa
1857	yeah, that's right
1858	what is it i wanted to bear in mind
1859	please let me know if my discover card application has been approved
1860	how old are you today
1861	how many calories are in an apple
1862	book me a car rental in nashville
1863	new playlist that i will add god's plan to
1864	tell me what is showing on my calendar for the 17th of march
1865	give me a table for 3 at o'reilly's bar for 7 please
1866	you have been a big help, thank you so much
1867	set a timer for twelve seconds
1868	please start using female voice
1869	order status
1870	i would like to hear what ideas you have about making dinner tonight
1871	are you a real person or artificial intelligence
1872	how do i figure out my intetest rate
1873	i'd like to change my pin number for my checking account
1874	i don't have that information
1875	for my visa what's my reward balance
1876	can you speak in french
1877	what's the typical time to eat at red lobster
1878	what's the non-city mpg for this car
1879	how long do i need to cook lasagne for
1880	what type of gas am i allowed to put in this car
1881	do you know my work income
1882	is there a way to transfer my 401k
1883	give me the status of my vacation request
1884	can you give me the name of this tune
1885	how much highway mpg does it get
1886	what do you put in a tibetan omelette
1887	immediately begin using whisper mode
1888	i wanna know my credit score
1889	do i owe any bills
1890	tell me a fact i may not know
1891	please link up to my phone
1892	can you tell me the timezone in san francisco
1893	what do i do to request a vacation
1894	please assist me in linking my chase account to direct deposit for my paycheck
1895	i would like to alter my insurance plan
1896	what are my state taxes looking like
1897	please change the name you refer to me by
1898	where are you from
1899	how long until i have to replace my tires
1900	please remind me to add laundry to my list of chores
1901	you should reset your factory settings
1902	use the name wheeler to reserve a table for 3 at andrea's steakhouse at 5pm
1903	pull up traffic predictions at 4pm on the way to the library
1904	what is the word for hello spanish
1905	what's the current time now cst
1906	will you buy me underpants
1907	please get me a flight booked from miami to dallas on american airlines
1908	book me a meeting room for 12pm on february 28th
1909	turn the lights down
1910	i need help booking a car rental in seattle
1911	go through my reminder list with me please
1912	i want to know how busy ruby tuesday will be at around 8:45 pm
1913	tell me the limit on my discover card
1914	tell me if my application has been processed yet, i signed up for a credit card recently
1915	what does the weather look like
1916	does my card charge if i use it in china
1917	go ahead and change your accent to the male british one
1918	change to normal vocals mode
1919	tell me the subject areas you are familiar with
1920	my name is what
1921	someone stole my card
1922	how about you tell me a joke
1923	how much do i make
1924	tell me the present status of the credit card application i submitted
1925	list insurance benefits
1926	how would i say pleased to meet you if i were japanese
1927	set my paycheck up for direct deposit
1928	dial steven
1929	what meetings are on my schedule today between 1:00 pm and 4:00 pm
1930	can you calculate my state taxes
1931	what would i need if i wanted to make chicken marsala
1932	about how long should you cook lasagna
1933	how do they say goodbye in hawaii
1934	what's your first name
1935	how do i get to the bowling alley by foot
1936	if i go by bus, how long will it take to get to the airport
1937	tell me the expiry month of my card
1938	the next time it rains, remind me to close the windows
1939	my tires need to be changed when
1940	i just flew in on american airlines flight ab123 from chicago and can't find my luggage
1941	unsync from my phone
1942	can you roll a 4 sided dice
1943	please transfer $100 from my checking to my savings account
1944	anything on the schedule for october 14th
1945	do you need a special outlet converter in sweden
1946	can you please freeze my bank account
1947	i want to get an appointment to get my oil changed
1948	please block my chase account right away
1949	how did my bank account is frozen
1950	assist me by setting my alarm for 9:00 and another for 11:00
1951	where can i get my w2 forms from
1952	were you born here
1953	what's the best place for some thai in new york city
1954	for city driving, what's the car's mpg
1955	tell me my designation
1956	my car is dead can you tell me how to jump start it
1957	what sort of person are you, a cat or dog person
1958	how did you save my name
1959	what is the apr for my credit card
1960	how do i set up direct deposit for my paycheck
1961	place an order for bread
1962	flip a coin, i choose heads
1963	refer to me as nick
1964	repeat what you just told me
1965	please calculate my vacation time
1966	remind me to buy bread next time i go shopping
1967	my day offs history
1968	how would i walk to the liberty bell from here
1969	i need to know the travel alerts for kenya
1970	what's the calorie info for 2 cups of regular chex mix
1971	add dentist appointment to my calendar for march 1
1972	for how long have you existed
1973	read me everything on my shopping list
1974	did the application i put in for a mastercard go through yet
1975	my account is showing a charge to venmo that i did not make
1976	please add sugar to my shopping list if it's not on it
1977	i'm drawing a blank
1978	how my carry ons does spirit airlines allow me for a flight to dallas
1979	do you know what the timezone is in reno
1980	the reservation i have isn't needed any more
1981	how much did i spend on gas last week
1982	please tell me how to pay my gas bill
1983	what kind of plug does the country use
1984	book a motel in uptown from march 3 to march 4
1985	what is the name you call me saved as
1986	will i get charged extra if i use my card while in italy
1987	i need a list of different methods for building my credit score
1988	direct deposit instructions
1989	set an alarm for 05:00 and one for 16:00
1990	show me my transactions within the past week
1991	i want to know td banks interest rates
1992	do i have enough fuel to get to orlando
1993	can i increase the credit limit on my kohls card
1994	tell me the gasoline type for this car
1995	i need to know the apr for my visa card
1996	have a good day
1997	hey there!
1998	has my application for the mastercard card gone through
1999	the sauce must simmer then go in the oven but for how long
2000	i wonder if it would be possible to switch from apples to grapes
2001	due to fraudulent activity on my card i need to make a report
2002	remove the recurring training meeting events off my calendar
2003	i want your name
2004	what exactly is my credit limit
2005	get my entire shopping list ordered
2006	what is the title of this tune
2007	when will my milk be no good
2008	please help me find my lost phone
2009	please refer to me as sharon
2010	how do i let my bank know i'm going to vietnam
2011	give me my location on the map
2012	can i call a restaurant
2013	go ahead and pay my american express bill now
2014	what all do i have on my shopping list
2015	are there any active events for march 4th 2019
2016	what do you put in avocado dip
2017	how much is available in my savings account
2018	what timezone does bangor have
2019	i need to go now
2020	just shut up
2021	i need to get my oil change so make an appointment
2022	will i be charged if i use my card in japan
2023	what do my federal taxes amount to
2024	tell me the gas i need to fill this car up with
2025	add body to my dance playlist
2026	can you help me locate lost luggage
2027	thanks for helping me out today
2028	how long to reheat chinese food
2029	i want a coin flip
2030	add this tune to my jazz playlist
2031	what methods can i use to improve my credit score
2032	do you think i have enough money in my chase account for a new pair of sneakers
2033	send my location to ben and jerry
2034	i want an update on my application for a credit card that i sent in a couple weeks ago
2035	remind me to take the chicken out in a hour
2036	please go back to the settings of the original
2037	how many miles will a gallon of gas take this car
2038	does chillis take reservations
2039	how to cancel
2040	go shopping and order everything on the list
2041	tell when should i get my tires changed next
2042	where do i find the routing number for nfcu
2043	tell me how to apply for an american express card
2044	am i good to eat this burger from the fridge that i got two mondays ago
2045	has my recent order shipped
2046	how much money did i spend on food last month
2047	i need help making a pto request for march 3-10
2048	do you remember when i last changed my oil
2049	are there any good hotels in salem
2050	can you find me a recipe for pasta
2051	put $40 from account a to b
2052	are you from the us
2053	what are some ways to jump start a car
2054	i dunno
2055	add mop bathroom to my to do list
2056	what's the final amount of all the money i need to pay in bills this month
2057	would you tell me your name
2058	put on my jam session playlist please
2059	how do i tell mastercard about a fraudulent charge
2060	give me the location for the nearest bank
2061	i dont need whisper mode on any more
2062	i would like to apply for a green card
2063	i need to get an uber for three people to go to the zoo
2064	status of my request for vacation
2065	what's the funniest thing you know about peanuts
2066	tell me the status of my vacation request
2067	find out for me if my amex card application was received
2068	what do you know me as
2069	what are the pet types you own
2070	i want to verify my reservation for the 18th at 1pm
2071	what's the current weather situation for tallahassee
2072	do you know my credit card's apr
2073	remind me to use the bathroom
2074	who has the tax form that has my wage informaton
2075	what would tomorrow's date be
2076	can you confirm my reservation for 8 pm on the 7th of november
2077	speak faster, please
2078	transfer money from one place to another
2079	do i need to change any of my tires
2080	what's my car's tire pressure
2081	could you get me a delta flight from sioux falls to philadelphia for under $400
2082	can you tell bob and alice where i am
2083	what is the exact time right now in the hawaii time zone
2084	do i need shots before traveling to mexico
2085	do i need any specific shots if i go to the uk
2086	can you tell me more about my federal taxes
2087	can you tell me how to say 'i do not speak much spanish', in spanish
2088	what's the time in london right now
2089	in what status is my credit card application
2090	do i have bananas on my list, if not please put them on the list
2091	was the order delivered
2092	i wanna apply for a bank of america travel rewards credit card
2093	what's your age
2094	do you want peanut butter for your lunches this week
2095	can i use sour cream in place of creme fraiche
2096	i'll need a rental car from 3/3 - 3/14 in vegas
2097	define sonogram
2098	what is the total amount due on my electricity bill
2099	special thanks to you
2100	what do you make in a year
2101	is my apr for my credit card available
2102	i want help adjusting my insurance policy
2103	what is the carry-on policy say for flights on delta airlines
2104	should i bring my socket converter to england
2105	what do you have me saved under
2106	please lookup the minimum i need to pay on my credit card
2107	where did you come from
2108	can you change the limit on my credit please
2109	start sending my location to alex
2110	no thanks
2111	how can i make sure that my credit score does not decrease
2112	i would like to pay my cell phone bill
2113	can you swap the language to afrikaans for me
2114	tell me what kinds of pets you have
2115	when is my flight going to arrive
2116	show me the transactions made on my business card for supplies last quarter
2117	schedule car repairs
2118	i'm not able to find my luggage and i was on southwest airlines flight ab123 out of houston
2119	how much money will i get or owe on my federal tax return
2120	what things can i do in portland
2121	will i get a fee for international transactions with my visa card
2122	book a reservation for 3 at red lobster under the name steve
2123	retrieve my current mpg on my car
2124	i'd like to know if my capital one credit card have international transaction fees
2125	name some things i should do while in evans
2126	take $20000 from savings and put it in checking
2127	what can i ask you
2128	would you tell me how to say goodbye in france
2129	tell me when my next day off is
2130	i gotta find the interest rate for my checking account
2131	do you think arizona has plenty of bike routes
2132	how do i schedule getting my tires checked
2133	i wish to request a change in insurance plans
2134	tell me why was my card declined at the zoo
2135	what do i do if i want to use my credit card points
2136	i want assistance with my utility bill
2137	how do i jump start a battery
2138	find out why i can't log in to my bank of america account
2139	is traveling to france safe
2140	what's the routing number for my savings account
2141	can you flip a coin, i will take tails
2142	i need to find my luggage
2143	can you change how fast you're talking to speak more slowly
2144	clear my calendar for tomorrow
2145	could you check my account and let me know how much i spent on food in january
2146	what's the current date, month and year
2147	what's a good french meal
2148	help me jump start my car
2149	that could maybe be it
2150	is there any uber available to take me to the airport
2151	how do i know what interest rate chase has
2152	what are the pets you have
2153	can i increase my volume
2154	i'm traveling to morocco soon and want to inform my bank
2155	this was a nice chat
2156	does travelling to that place require a visa
2157	will doing this hurt my credit score
2158	which holiday do we celebrate next
2159	in which area were you made
2160	is it time for new tires
2161	it seems that there's fraudulent activity on my card i'd like to file a report
2162	you're how old
2163	i've had these burger patties in the freezer since saturday, are they still fine to cook
2164	can you give me a traffic update for a trip to the grocery store
2165	tell me my bank routing number
2166	how can i spell avocado
2167	what are some good restaurants in chicago
2168	roll an 8 sided dice
2169	what would be the conversion between tablespoons and teaspoons
2170	tell me what the traffic is like on the way to phoenix
2171	what is the process to set up a meeting
2172	i'm finished with my to do list
2173	tell me my credit score please
2174	do they use any special type of plug in spain that you need a converter for
2175	can you set a timer for two minutes
2176	let me know how to make a vacation request
2177	get me roundtrip flight information for flights from dallas to houston for june 8 and june 17
2178	could you translate this into chinese for me, please
2179	what's the interest rate for my checking account
2180	find the favorite destination for traveling this year
2181	i want to know the name of the song that's playing
2182	that'd be a no
2183	maybe yes, maybe no
2184	i need to change my speaking to spanish
2185	how do i get more checkbooks mailed to me
2186	what timezone is hanoi in
2187	do i have reservations at o'neal's at 3 pm
2188	i wanna disconnect from my phone
2189	i need an italian meal suggestion
2190	how long should i microwave hot pockets for
2191	is france safe to travel to
2192	what makes you happy in your free time
2193	how long will it take for me to get a new credit card to replace the one that was stolen
2194	how healthy are apples
2195	can you notify the bank to put a stop on my account
2196	is it snowing in the next two weeks
2197	what is the procedure if i lost my luggage
2198	what is the date tomorrow, please
2199	i need to update the pin number of my aaa visa
2200	make your volume quieter please
2201	can you tell me how to jump start the car
2202	i want to know if there is meeting room available at 8
2203	apple cider has been in my fridge for four months so can i still drink it
2204	when do i need an oil change
2205	about how much time will it take to get to the laundry in this area
2206	i would like to report a stolen card
2207	how many points do i have with my american express
2208	help me schedule maintenance for my car
2209	show me recent transactions
2210	how do i make sure my credit doesn't fall
2211	would you disconnect from my phone
2212	set up an alarm
2213	i'm out of paper towels so will you put that on my shopping list
2214	how many total meetings will i have between 2 and 5
2215	can you please not talk so fast
2216	use my park bank account to pay my electric bill
2217	a w2 form is obtainable where
2218	can you tell me my name
2219	what the heck, where's my luggage!
2220	pay my water bill from my checking account
2221	how long can i keep deer meat in the freezer before it's unedible
2222	schedule a meeting with carrie and lisa
2223	will i pay over $500 in federal taxes
2224	can you check when my flight lands
2225	could you tell me the status of my vacation request
2226	can i get the routing number for my boa account
2227	what's the song they are playing for us right now
2228	how much air remains in my tires
2229	what kind of fuel should i put in my car
2230	what kind of miles per gallon do i get while driving through a city
2231	did they approve my day off request
2232	what's my insurance benefits like
2233	when was the last date that i got paid
2234	how do i see my credit score
2235	for pasta primavera, what ingredients will i use
2236	how do i share where i am, with another person
2237	what kind of greek food is good for dinner
2238	new insurance is obtainable how
2239	when will my amex card reach its expiration
2240	could that be repeated
2241	what are delta's carry-on policies for flights
2242	how long until delta is at the gate
2243	how many vacation days do i have at my disposal
2244	please say it again
2245	i would like to add you say by lauren daigle to my playlist
2246	i'm going to south africa, so should i get some vaccinations or anything
2247	possibly
2248	how do you convert pounds to kilos
2249	where do i find the routing number for bank of the west
2250	when did i last have my car fixed
2251	please specify if you are human or computer
2252	please let me know how long it'll be until i reach the sky harbor airport
2253	my dog ate my credit card and ruined it
2254	how do you spell umbrella
2255	to what extent until the following three day weekend
2256	is my tire pressure okay
2257	flip me a coin
2258	are there any furniture outlets near the mall
2259	when was my car last worked on
2260	that is untrue
2261	who do i go to, to transfer my 401k
2262	i must call dr smith
2263	what is the time
2264	what kind of electrical plug do they use in the uae
2265	can you get my car started
2266	send mike my exact location
2267	what does it take to get a new card
2268	i want to to schedule maintenance on my vehicle
2269	i would like to hear a list of my insurance benefits, please
2270	i'm going to south africa, do i need to get any shots first
2271	speak mandarin
2272	you work for what company or person exactly
2273	i would like to reserve a hotel room that accomodates 10 people from monday to tuesday in manhattan
2274	get rid of my 4 pm reservation at the steakhouse please
2275	how high is the apr on my mastercard
2276	i need new language
2277	i want to get a new shirt; will the money in my td ameritrade account cover it
2278	what is available on the shopping list
2279	what is on my to do list
2280	what question did you just ask me
2281	can i exchange milk for cream in recipes
2282	what's my federal tax this year
2283	i would like to try and confirm that i have a reservation at la palapa for bolding
2284	add do laundry to my to do list
2285	what is the process of finding my credit score
2286	i forget how to spell xylophone
2287	can you tell me what you call me
2288	what ingredients are found in hunan chicken
2289	i would like to take a paid time off for february 7 and 8
2290	i no longer want my reservation for 5 at the loft cancel it please
2291	let me understand my credit rating
2292	how is my name listed
2293	really great!
2294	when was my car last repaired
2295	what name do you call me
2296	what is the current date
2297	the speaker volume needs to be increased
2298	assist me in getting a new credit card
2299	i just acquired a new job but i need help with my 401k rollover
2300	put clean refrigerator on my spring cleaning to do list
2301	absolutely!
2302	tell me the title of the song playing
2303	do you know how many calories are in a single chicken breast
2304	will you order me some more lysol spray
2305	could you connect with my phone, please
2306	call justin
2307	how much is the total due for my pgw gas bill
2308	i want your language changed to chinese
2309	what do you think would be a good dinner
2310	can you tell me the routing number of wells fargo
2311	search my calendar for birthday
2312	change this song it sucks so bad
2313	what is my pay
2314	i'd like to make my credit score better
2315	read my bill balances
2316	get me an uber to the napa winery
2317	can you tell me the mane of the song playing
2318	what is the time frame to get a new card mailed to me
2319	what type of gas do i need to put in this car
2320	is there a recipe for chili i can use
2321	what time is it in london
2322	yeap
2323	i'd like to cancel my reservation for 5 at hoss's steak house
2324	what's the timezone for boston
2325	what do i need to do in order to redeem my credit card points
2326	let me see the nutrition content of the chicken tacos
2327	could you please tell me the apr for the credit card
2328	how can i find my routing number from bank of america
2329	what is the the exchange rate for us dollars to euros
2330	can i cancel my reservations
2331	help me schedule a meeting
2332	i was wondering what age you are
2333	am i allowed to put in a pto request for now to april
2334	stop talking please
2335	how can i adjust the spoken language
2336	alter your language to french
2337	what's my income before taxes
2338	remind me again please
2339	i didn't hear what you just said, can you repeat it
2340	that is overwhelmingly false
2341	please immediately disconnect this mobile
2342	what are the necessary shots for travel to africa
2343	tell me why am i locked out of my bank account
2344	can you put the currently playing track on my zen playlist
2345	have my app for a new card been processed yet
2346	so where do i get the w2 form
2347	is chocolate bad for you or good for you
2348	i think dan scheduled a meeting today with me, can you double check please
2349	send bill a text for me and tell him i will be 30 minutes late
2350	is my day off request still pending
2351	would you skip this song
2352	i want to submit an application for a barclay's card
2353	where is the nearest gas station
2354	add this song to my slow jams playlist
2355	where can i find my credit card's expiration date
2356	can you define the word schadenfreude
2357	tell me what the date is for tomorrow
2358	what's in the books for april 30th
2359	put in the order for everything on my shopping list
2360	where are you from before you got here
2361	what would the interest rate at wells fargo be
2362	when's the next time i get paid
2363	how can i make a change to my credit limit
2364	i desire to apply for a bank of america travel rewards credit card
2365	what number of vacation days do i have available
2366	can i use sour cream instead of milk
2367	can you make a reservation for me at the restaurant
2368	oh hell no, that'd be terrible!
2369	how is the traffic at the nearest wal-mart pharmacy
2370	is my daughter's birthday on my calendar
2371	what is the name of the insurance plan that i'm enrolled in
2372	goodbye, helpful ai device!
2373	does redrobin take reservations
2374	what is the total amount that i have spent on the cash app for this month so far
2375	i need a recipe for chicken cordon bleu
2376	please send the police my location with gps
2377	are you a human
2378	both would work
2379	can you tell me what you refer to me as
2380	purchase a flight from slc to columbus on tuesday that returns on friday
2381	can you tell me the nearest wells fargo bank location to port authority, new york
2382	i feel like it is time for me to sign up for a new credit card
2383	please roll a dice
2384	what would your age be
2385	tell me the month my card expires
2386	set a new reminder for tomorrow at 4am
2387	give me current gps coordinates to my sister
2388	when is visa due
2389	please cancel the table i had reserved for tonight
2390	is there a way to tell when i need my oil changed
2391	what does my running list of stuff to do list
2392	what do i do to get new insurance
2393	which mechanic can check my check engine light
2394	what are the ingredients to make shepherd's pie
2395	are there any travel alerts in that region
2396	i need a flight from the 3rd to the 7th round rip from denver international to new york international
2397	please send me more checkbooks
2398	is my bill due this week
2399	i need trip to the zoo on the calendar for june 4
2400	i can't remember when my car was last serviced, can you find out for me
2401	i need to know the conversion between tablespoons and teaspoons
2402	what amount of millimeters are in 50 kilometers
2403	how clogged are the streets before the stadium
2404	what way can i change oil at home
2405	id like a car rental between january 1st to the 3rd in denver, id like a ford
2406	i need to set the timer for two minutes
2407	i need my todo list read
2408	define my health benefits
2409	how do i let visa know about a charge i didn't make
2410	do you know exactly when you were born
2411	how soon will me package arrive
2412	what sorts of things do you do to have a good time
2413	can you find a recipe on how to make chow mein
2414	were you made here
2415	get a 3 minute timer
2416	can't say
2417	what is my total annual income
2418	i need to report my card as stolen, please
2419	what's the difference between usd and cad
2420	are my tires fully inflated
2421	what location did you live at before
2422	what questions am i allowed to ask
2423	who was the inventor of ai
2424	can you set an alarm for seven fifteen for tomorrow
2425	can you tell me who made ai
2426	please stop doing that
2427	can you add that to my chillwave playlist
2428	i want to know if i can redeem my credit card points now
2429	are you a real life person
2430	do i need a visa for germany
2431	do i have to have a visa to go to the cayman islands
2432	how is life in existence
2433	what's my tires current air pressure
2434	how's traffic on i 95
2435	could you link with my phone
2436	when should i change my oil
2437	read me a definition for qat
2438	speak slower please
2439	see ya!
2440	i would like you put in a pto request for the dates july 4th to the 8th
2441	what is the interest rate on my bank of america cd account
2442	can you tell me how much i owe on my cable bill
2443	report fraudulent activity on my debit card
2444	what types of questions do you have a response for
2445	can you give me info on miami weather
2446	how much are taxes in my state
2447	can you add laundry to my to do list
2448	french time zone
2449	have i received any messages about my credit card application
2450	yeah that's right, so true
2451	how can i travel by bus to the grand canyon
2452	share my coordinates with melissa and doug
2453	tell me if there is any transaction fee using royal card in europe
2454	i need help paying my phone bill
2455	what meetings do i have today from 3 to 4
2456	how long will it take to fix shepherd's pie
2457	i need status on that vacation request
2458	i want to know my recent spending
2459	what is 38% of 389209
2460	what do i do to change my credit limit
2461	go ahead and confirm my reservation for kevin at red robin
2462	do you know any good restaurants good for kids
2463	i want to know how to change oil, tell me the steps one at a time while i work through it
2464	how much time does it take a new card to get mailed to me
2465	add soda on my shopping list and remove carrots
2466	i lost my card, what do i do
2467	please tell me how much money i have in my bank accounts
2468	please connect the device to my phone
2469	i don't want this phone synced any more
2470	my new card will get here in the mail when
2471	book an oil change please
2472	remind me of the date of my last paycheck
2473	what are the carry-on fees with delta for international flights
2474	it is a true
2475	please tell me this month's transactions on my visa
2476	please find a columbus, ohio hotel with good reviews
2477	suggest a meal from thailand please
2478	thank you very much for the answer
2479	i think my luggage was misplaced or has been lost
2480	have they authorized my vacation
2481	my visa card what's the apr on that
2482	i need to report a stolen card, please
2483	what is the number of my credit score
2484	put on lights
2485	is it possible to rent a car from laguardia from tuesday to friday
2486	transfer 100 dollars checking to savings
2487	howcan i locate my luggage
2488	what kind of pto have i used
2489	i wanna know why my card was declined
2490	add my dentist appointment to the calendar
2491	do you know if bouncing one check on your checking account can hurt your credit score or not
2492	can you tell me the tire pressure in my car
2493	what is on my schedule for the day of march 5th
2494	can you transfer money from a to b
2495	what are the carry-on restrictions for delta
2496	i lost my chase bank card and want it labeled as lost
2497	can you translate that to french
2498	play hey jude
2499	i ruined my card when it got washed
2500	could i rent a car in seattle from next monday to thursday please
2501	what's the mpg rating on my car
2502	what'll this car do for gas mileage on the open road
2503	please put a block on my td ameritrade account now
2504	are you able to get my shopping list and order everything on it
2505	how do increase the credit limit on my visa card
2506	how do you spell syzygy
2507	tell me my car's tires' air pressure
2508	how much pto do i have
2509	in aiken, get me a rental for may 12 to may 16
2510	how does my name appear
2511	i wanna change to the female voice
2512	what kind of credit score do i have
2513	tell me the song title
2514	which timezone is buenos aires in
2515	who can i talk to right away about the current freeze on my account
2516	do i have a reminder for our neighbor's anniversary
2517	i wanna learn a phrase in russian
2518	i check my credit card company to see if my points are good to go
2519	please make sure oranges are on my shopping list
2520	what is the status of my recent order
2521	please turn on whisper mode
2522	can you confirm my reservation for jim at lawry's
2523	what should i do if i'm waiting at the airport and my luggage is not here
2524	can i use olive oil instead of butter
2525	roll die, 6 sided
2526	how much have i spent on shoes recently
2527	what place were you created in
2528	what is my savings account balance
2529	i want to edit the language
2530	on what day do i pay my car payment
2531	can you help me find the routing number
2532	would you let me know what flights are available out of dallas to el paso on march 20 for under $400
2533	tell me how many vacation days i have left
2534	can you cancel my todo list please
2535	how can i go about finding my current location
2536	does my mastercard charge international transaction fees
2537	i need leslie to be texted saying have a good day
2538	let me know if i need an international visa to go to sudan
2539	can i use pepper instead of salt
2540	i need to hear reviews for panda express
2541	is traffic bad on the way to chicago
2542	what are your favorite things to do
2543	can you update me on the status of my american express card application
2544	can you tell me whats on my shopping list
2545	who makes you
2546	i want a block placed on my checking account right away
2547	i'm out of clorox wipes so will you put that on my shopping list
2548	what can you call me
2549	have i used any vacation days this year
2550	how many calories would i consume if i ate a loaded hotdog
2551	i'll need you to set a timer for 10 minutes
2552	what's the eta for grandma's house
2553	what ingredients do i need to bake a cake
2554	is it possible to make a reservation at redrobin
2555	please tell the bank i will be traveling internationally
2556	can you give me a reading of my car's tire pressure please
2557	how are yards converted to inches
2558	tell me the exchange rate of dollars to yen
2559	order an amazon gift card from amazon in the amount of twenty dollars
2560	know any jokes
2561	i need the full date for today
2562	what do i do if my visa card got stolen
2563	what is 10 to the 12th power
2564	are the chili's reviews any good
2565	i would like to know how to perform an oil change
2566	did my vacation get approved
2567	how many holiday days do i have left to use
2568	please read my reminder list
2569	we'll talk later ai
2570	yes, that is correct
2571	am i scheduled for any meetings between noon and one
2572	do i need new tires
2573	what's the calorie count for tuna casserole
2574	how much am i paying from my income in taxes
2575	i need to know how long to do a pot roast in a slow cooker
2576	what's the time period till our next day off
2577	what's my irs bill going to look like
2578	share the nutrition info for cake with me
2579	what can you see on my shopping list
2580	hello, ai
2581	is everything going okay
2582	i need you to tell me my salary
2583	hey how old are you
2584	how hot will it be tomorrow
2585	whats the title of this
2586	i wanna know who is your boss
2587	what time is in over there in pacific standard time
2588	is it possible to rent a car from new york on 3/2/19 to 3/5/19
2589	i would like to get some more checkbooks mailed to me
2590	what ingredients are in salsa
2591	at the moment what is the time
2592	why can't i access my bank account
2593	slow your speech down
2594	do you know what the interest rate is on my account
2595	will i be charged if i use my card in russia
2596	how do you make chicken noodle casserole
2597	what ingredients do i need for tacos
2598	please inform me of what tasks i have listed on my to do list
2599	my car's tires are due to be looked at, can you help me get an appointment for that
2600	what date were you created on
2601	please add alarms at 430am and 1030am
2602	when will my replacement card get mailed
2603	would it be accurate to call you a bot
2604	im not going to dinner tonight
2605	how do i know when i need my next oil change
2606	find local deals who schedule maintenance on cars
2607	where is my cellphone
2608	please increase the speed of your speech, it is too slow
2609	i want to schedule car maintenance
2610	do i have cleaning the counters on my to-do list
2611	can you assure me i have a table at taco bell at 7pm
2612	what to do if luggage lost
2613	please suggest meals from italy to me
2614	i really need to find the interest rate for my checking account
2615	my car was looked at when
2616	whisper from here on out please
2617	would you tell me my spending limit
2618	hi
2619	how's the traffic looking if i headed to fred meyer
2620	i want to make an alarm
2621	my visa card was stolen
2622	create a new text
2623	where is my luggage
2624	are my vaccines up to date for going there
2625	tell me the month that my card will expire in
2626	do you have any idea why my account may be blocked
2627	tell me the duration it takes to get a new cc
2628	i need an uber to times square asap
2629	how is everything with you
2630	rock playlist please
2631	when will my visa next expire
2632	tell me something funny about parenting
2633	how many items are on my todo list
2634	please tell me my current gps coordinates
2635	how long does it take to get to red robin on phoenix
2636	i'd like alarms set for 11am and 132pm
2637	what was your place of creation
2638	i'd like to change the pin number on my visa account
2639	nada
2640	what timezone is miami in
2641	do you like cats or dogs
2642	what kind of activities do you enjoy
2643	what is my email subscriction services bill
2644	when is the meeting with homer scheduled for
2645	how should i spell malignant
2646	search for travel alerts for kenya
2647	has my purchase been delivered yet
2648	i need a pancake recipe
2649	i would like to try and confirm that i have a reservation at chili's for jamie
2650	what is needed for setting up direct deposit
2651	i would like to request an uber please
2652	is there a reservation available at ruth chris today
2653	tell me something funny about love
2654	is is very much true
2655	nix folding laundry from my todo list
2656	can you tell me how much pto have i use
2657	i'm outta here!
2658	i wanna know the gas i need to fill this car up with
2659	use the word ataraxy in a sentence
2660	jump to the next song on this playlist
2661	please notify me of my credit rating
2662	what's the time of arrival on my new credit card
2663	please remove the phone's sync
2664	tell me where you're made
2665	please find the exact payment due date for my sprint phone bill
2666	either i am not sure
2667	how many more weeks until the next holiday
2668	what do you purchase to put in a shepherd's pie
2669	can you tell me what things i was trying to remember
2670	what was my last transaction
2671	what are the nutrition facts for a rodeo cheese burger at burger king
2672	call my bank customer service number
2673	redeem credit card points
2674	can you give the nutritional information for the pasta
2675	is there an insurance plan for my health
2676	what is my fica score
2677	can you sign me up for a meeting in the blue room on friday
2678	what will help my credit score
2679	do i need a visa to travel to canada
2680	can you tell me if i will have any transactions fees for using my discover card in turkey
2681	lets fin out some fun facts about humans
2682	i wanna know the bill's minimum payment
2683	i want to pay my rent bill
2684	i need a timer for 20 seconds
2685	please cancel my 7:30 reservation for morton's
2686	help me set up a direct deposit
2687	is the company party on my list of reminders
2688	turn the fan to the on position
2689	this was fun, see you around bye
2690	i dont like my current insurance plan and want a new one
2691	when can i expect my replacement card
2692	i require a car maintenance
2693	how long is the wait at applebee's tonight
2694	can you fast forward to the next song
2695	i missed that, say it again
2696	how nutritious are cheerios
2697	i need the new due date for my pgw gas bill
2698	who is the person responsible for creating you
2699	what have i got on my to-do list
2700	please read my reminders
2701	how to cash in visa card rewards
2702	i lost my amex and need to report it
2703	could you put a stop on my bank account, please
2704	i vote yes
2705	you could say my name is nick
2706	put this in my workout playlist
2707	how much is my income going to be this month
2708	do i have the gas to get to orlando
2709	hey what's up
2710	skip and play next song
2711	i can't find my student id card and i want to report it as lost
2712	give me your name
2713	who do i contact for lost luggage
2714	please stop it
2715	my bank needs to know i am going to be out of the country
2716	i need it louder
2717	let's start whispering
2718	i have to report my card as stolen
2719	how much did i spend on petrol 2 days ago
2720	that appears true
2721	cumin may be substituted for tumeric
2722	how much do i owe in bills
2723	did i add to my reminder list that i need to take the car in for an oil change
2724	the timer is calculated for 10 minutes
2725	tell me a few facts about cats
2726	can i please know the credit limit for my citibank card
2727	how do i get the routing number for chase
2728	i want you to recommend a good local restaurant to me
2729	please skip this song and go to the next one instead
2730	do i have cheese on my shopping list if not please add it
2731	am i going to be able to get my vacation request
2732	does this car need high octane gas
2733	let me use my credit card points
2734	unsync yourself from my phone please
2735	please explain the steps to change oil
2736	where do i find the irs form that tells me the amount of money i owe them
2737	let me know the rules for carry ons for continental
2738	i would like to know more about getting a new credit card
2739	the language i am using will now be italian
2740	i need to get a flight out of my local airport to england on monday, the 23rd for under a grand
2741	what time of day is it in london
2742	let me know every meeting i have scheduled today
2743	a w2 form can be gotten from where
2744	connect with my phone
2745	would you say that red lobster's pretty buy at noon
2746	how many points did i get on my discover card
2747	what southwest flights are there for lax to sfo arriving april 1st and returning april 7th
2748	adding gods plan to new playlist
2749	i spent a lot on vacations recently
2750	i want to travel to new york and i would like to rent a car
2751	i'm sorry, i didn't understand what you said
2752	do you know if my amex card app went through
2753	will you please get my furnace turned on
2754	what's the total pto i've used
2755	check my calendar for the date that my care was last serviced
2756	how many mpg does this car get
2757	i need to report fraudulent activity on my card
2758	let me know what the routing number for my civista account is
2759	what are some good sushi restaurants in reno
2760	set an alarm for 235pm and another an hour later
2761	pay my phoe bill with my debit card
2762	what is the square root of 10500
2763	text william and ask him to pick up organic apples tonight
2764	can i get an uber to central park for 5
2765	how are the reviews for la loconda
2766	how long will it be until my visa card expires
2767	double check my reservation under adam for outback steakhouse
2768	do i need a visa to travel to jamaica
2769	what's my reward balance on my amex card
2770	i don't know who to notify that i ran my credit card over with the lawn mower
2771	what is the point of life
2772	change the pin on my redwood credit union account to be 1234
2773	how long do i cook steak
2774	i gotta know your hobbies
2775	i think i've been the victim of fraud
2776	can you give me my gps coordinates
2777	how do you convert pounds to grams
2778	what did i spend on groceries this month
2779	can you instruct me on how to rollover my 401k
2780	send $5 from savings to checking
2781	am i your manager
2782	when did i last have a mechanic check out my car
2783	i need to report a card that's been lost but i dont know how
2784	tell me what kind of pets you have
2785	what is the meaning of the word slander
2786	what is the weather outside
2787	how long should i cook chicken thighs
2788	send a text message to alice
2789	nice to see you again
2790	i want to know the nearest bank's location
2791	what is covered under my insurance
2792	what do you find fun
2793	how busy is teddy bigger burder around 5
2794	do you know how do i schedule a meeting
2795	now use male voice
2796	will you please confirm the month that my card expires
2797	can you let sam and woody know where i am
2798	my bags did not arrive here at smf
2799	tell me what type of fuel i need to use for this car
2800	im not gonna need the dinner reservation
2801	how busy is michel at 9
2802	switch to whisper please
2803	could you roll over my 401k for me
2804	what is the date of my last paycheck
2805	give my current location to robyn now
2806	are you an actual person
2807	go ahead and roll those dice
2808	what is the interest rate on my scotiabank account
2809	utilizing an automobile known as a bus, how long will it take to get to detroit
2810	can you spell water
2811	is there a time when i should get my tires changed
2812	i don't want my current pin for my wells account anymore
2813	how many miles until i change my tires
2814	what's the current reward amount on my mastercard
2815	what do i do to find my location
2816	what is the weather outlook for seattle
2817	can you play music by led zeppelin
2818	get louder
2819	i did not hear you, please repeat
2820	please find out if rooms are free from 1 to 2
2821	i want my chase account blocked immediately
2822	can you tell me what i have spent on food recently
2823	i need to know how long can i keep pizza in the freezer for before it goes bad
2824	do you posses any types of pets
2825	find out how busy ihop usually is around 5 pm
2826	what did i put on my shopping list so far
2827	what kinds of things are you knowledgable about
2828	let bill and craig know where i am
2829	that's not true
2830	who did the programming for this ai
2831	do you have a name i should call you by
2832	i want to know the nutrition facts for pizza
2833	grapes have what kind of nutritional facts
2834	when should i get new tires i just replaced them
2835	time in manhattan
2836	i'm lost
2837	please change my account to another one
2838	make me a reminder that tommorow is trash day
2839	hey ai, don't speak fast
2840	when's my flight boarding
2841	restore your original settings, please
2842	do i have get an oil change on my todo list
2843	how good are the ratings for per se
2844	let me talk to you in greek
2845	are the pancakes at ihop any good
2846	never mind, don't do that
2847	how many of my paid days off have i used
2848	what was your name again
2849	how much longer until i have to change my tires
2850	where were you given birth
2851	tell me what my minimum payment is
2852	i'd like to increase my credit limit up to four thousand
2853	i no longer need milk, so forget that
2854	flip a coin; i say tails
2855	how do i increase the limit on my visa card
2856	make a reminder to work out at the gym
2857	which timezone is france in
2858	am i able to apply for a new credit card
2859	text christy and ask her what she wants for dinner
2860	what's the song currently playing
2861	i do not think that is proper
2862	please set me an alarm
2863	what are my longitude and latitude points
2864	what things do you know about
2865	how many pets do you have
2866	what's my visa cards balance for rewards
2867	pay a bill!
2868	my card was declined at the casino and i'm wondering why
2869	so how long do you think the chicken will take
2870	could you tell me the limit on my chase credit card
2871	what can i do to raise my credit score
2872	i would like to apply for a master card
2873	let me know my credit score
2874	if i order a new card how long would it take
2875	what's your age alexa
2876	when did my car get looked at last
2877	i got a new job, can you help me with my 401k rollover
2878	how long until pork spoils in the fridge
2879	freeze my account
2880	i last took my car to the shop, when
2881	what kinds of questions can i ask you
2882	what's the balance of my bank accounts
2883	book a reservation for 3 at xenophobe under the name zebee
2884	tell me when the next holiday arrives
2885	can you tell me fun facts about lighthouses
2886	what creatures do you keep for love
2887	not true
2888	what are the carry-on restrictions for singapore airlines
2889	can you show ben and jerry where i am currently at
2890	can you mail more checkbooks to me please
2891	can you send me a new credit card please mine is getting old and unusable
2892	please tell me if you are a bot
2893	can you tell me how to set up a direct deposit
2894	what is the exchange to yen if i have 100 us dollars
2895	i want to hear my hip hop playlist
2896	i'd like to know how much gas is left
2897	what is the time in london
2898	what's the traffic like on the way to walmart
2899	have i have been spending a lot of money on shoes
2900	how do they say 'where's the bathroom' in spanish
2901	please put silverware on my list for shopping
2902	send a message to mom be there soon
2903	can you give me a vietnamese meal suggestion
2904	how do i make my credit score better
2905	it's nice to see you
2906	i need to apply for a new credit card that will match my needs
2907	do you have any good ways to make tomato soup
2908	can i have a table held at the outback steakhouse for johnson at 5
2909	you were so kind to do that
2910	i'd like to report my card as damaged, it's bent
2911	make up a new alarm
2912	what pets are with you
2913	what is the minimum i have to pay on my chase card
2914	add washing dishes to my to do list
2915	is tomato on my shopping list
2916	please add the immigrant song by led zeppelin to my playlist
2917	i need to know what the traffic typically like at 3:30 on the route to phoenix
2918	order new checks, please
2919	i was buying qtips today at walmart and my card got declined
2920	i wish to know why my card was declined yesterday
2921	how do you say my name
2922	i want you to add milk on my shopping list unless it is already on it
2923	can you make a reservation at the restaurant for tomorrow
2924	please request pto for march 2 and 3
2925	how do i get my paycheck direct deposited to my chase account
2926	let's speak in mandarin instead of english
2927	what is my state taxes currently
2928	are there fees for using my card in tampa
2929	has my request for vacation days been signed by my supervisor yet
2930	it appears that my luggage has vanished
2931	please find the rules for carry on when flying with spirit airlines
2932	what's today
2933	how percentage am i earning annually on my account
2934	please cross off schedule acupuncture appointment off of the to do list
2935	is it acceptable to swap marinara for alfredo
2936	i nee to know how to transfer my 401k
2937	tell me straight if it has been processed or not
2938	goodnight
2939	can you whisper until i tell you not to
2940	i can't use my card because it is broken
2941	can u play the song that sound like bells going off
2942	i would like my total rewards points balance on my bank of america platinum rewards card, please
2943	what is the interest rate on my money market account
2944	read me my shopping list
2945	you must increase your volume
2946	i need to switch to the male voice
2947	can you speed up your speech please
2948	tell me my visa's credit limit
2949	what's a good place to go to for food around here
2950	what did i spend at the grocery store yesterday
2951	can you tell me my current interest rate
2952	decrease volume
2953	activate whisper mode
2954	can you check if i've added an item to throw out the carcasses on my todo list
2955	would you like to introduce yourself
2956	i need a clear calendar for april 15
2957	how do i fry pork chops
2958	do i need a visa to travel to isreal
2959	my phone is lost and i need help finding it
2960	when you roll a six sided dice what is the results
2961	what is the total day off have i taken
2962	the lists of my reminders is what
2963	i need a bed in brownsburg near walmart from apil 4th until the 5th
2964	does it take 5 hrs to get to brooklyn by bus
2965	what are the things that i wanted to keep in mind
2966	send 100 dollars from my vanguard money market to my wells fargo savings
2967	help me check my visa rewards card
2968	show me the last month of transactions
2969	what can i use you to help me with
2970	is pizza healthy
2971	what will be the weather tomorrow
2972	how do i switch to a new insurance plan
2973	what are your favorite hobbies
2974	what sort of things do you enjoy
2975	add oranges to my to do shopping list
2976	please set an alarm for me
2977	can you see if i can rent a car from dallas on the dates of march 1, 2019 to march 3, 2019
2978	turn on your whisper mode
2979	when would it be required for me to get my oil changed
2980	what is the caloric value of a cookie
2981	set my oven to 350 for me right now
2982	what's the currency conversion between usd and yen
2983	change out of whisper mode
2984	help me get an american express card
2985	tell me the meeting schedule for the day
2986	what amount do i owe in taxes
2987	my credit card has been stolen, please report it
2988	which song are we listening to
2989	if i go to uganda, do i need an international visa
2990	how often should you get an oil change
2991	report the card has been damaged
2992	can you tell me what kind of gas this car uses
2993	find me a rental car from 2/28 - 3/1 in reno
2994	will i get charged extra for using my card while in tulsa
2995	phone call secretary
2996	can i convert my credit card points to milage
2997	does it matter what kind of gas i fill up my car with
2998	skip to the next song
2999	i want to have a table for 2 at the broadmore around 6
3000	can you please turn your volume down
3001	i want to get a new car insurance plan
3002	if i need more checkbooks maild to me what should i do
3003	where's a good place to go if i want to see mountains
3004	change to female voice
3005	now, i want you to play the next song
3006	how many pto days are in my possesion
3007	on what date do i get paid
3008	can you tell me how you're doing today
3009	i don't want you to speak any more for now
3010	return to your original settings
3011	can i take a bus to the grand canyon
3012	can you please sat it one more time
3013	i need you to tell me what benefits are included in my insurance
3014	how is a meeting scheduled
3015	are shots required before traveling to brazil
3016	what do you think is the meaning of life
3017	how many culver's take reservations
3018	help me switch to a new insurance plan
3019	how long until my next day off
3020	i want a coin flipped
3021	what's the current tire pressure of my tires
3022	i wish to confirm that i have a reservation at red robin for josh
3023	i go by stefan
3024	tell me your full name
3025	pay the minimum payment for m and t bill
3026	are you an automated assistance
3027	what is walker bank paying me in interest on my account
3028	can you make your accent british male
3029	tell me what my credit card's apr is
3030	how do i utilize my credit card points
3031	what are some roundtrip flights from dallas to los angeles from march 2 to march 10
3032	can you tell me how i change my pin number
3033	lets hear an interesting fact about funko pops
3034	i wonder if you can explain the meaning of life
3035	set a reminder to go dress shopping
3036	for my card is there a extra card while i'm staying in italy
3037	inform my bank that i will be in rome from february 1 to march 1
3038	how do i get to the court house on foot
3039	so what pets do you have
3040	how should i prepare to change my own oil
3041	toss a coin and tell me what it lands on
3042	what is the average time to get to walmart in mays landing
3043	mashed potato's nutrition
3044	can you give me information about the nutrition facts for celery
3045	timer 10 minutes
3046	to visit cambodia, do i need an international visa
3047	do you know any trivia about ostriches
3048	do i need a visa to get into canada later this year
3049	what's the persons name at my door
3050	i want to know how long it is from here to the sky harbor airport
3051	are there restrictions for carry-ons on delta
3052	when is it going to rain again
3053	when is my order coming
3054	are there shots required before going to south africa
3055	how long til my visa card expires
3056	this is a true statement
3057	do you know the expiration date on my credit card
3058	where was your home before here
3059	what kind of hertz outlets do they use in z
3060	i need to know how long it will take me to get to the bank
3061	what are the recommended shots to get before i travel to south korea
3062	how many carry ons can i take on a flight with virgin airlines to vancouver bc
3063	that's enough, don't say anymore please
3064	can i please get some more checkbooks mailed to me
3065	please change your accent
3066	what transactions did i put on my visa last month
3067	send my current location to steve, please
3068	how many carry ons are allowed on a flight with wow to iceland
3069	do i need a socket converter if i'm going to be in hong kong
3070	tell me how the apr on my hy-vee card is
3071	that makes sense as well
3072	what is a good chili recipe
3073	how long is it safe to leave a burger in the refrigerator
3074	what new credit card should i submit an application for
3075	did i put an item on the calendar to get the dog neutered
3076	is it normal to use mayo instead of cheese
3077	see ya
3078	could you add this song to my rock playlist
3079	read me some different cat trivia items
3080	how's the mpg for this on the freeway
3081	how soon is my next day off
3082	give me the status of flight dl123
3083	tell me a pun
3084	has my card application successfully gone through
3085	i need to pay this month's tv subscription fee
3086	what's the time set to in florida right now
3087	please make the timer for cooking for for 2 hours
3088	you can call me jeff
3089	i'd like a placed booked in san diego from may 1st, 2020 to june 2nd, 2020
3090	do you know the meaning of life
3091	how do i spell acquaintance
3092	do i need a vaccination for spain
3093	how do i change my oil with the correct type
3094	flip a coin one time
3095	i want to schedule somewhere get my tires checked out
3096	maybe is what i am going to answer
3097	tell my bank i am traveling out of country
3098	what does altruism mean
3099	change language to french, please
3100	can applebees take any reservations
3101	when did i change my oil
3102	can i get a brand new card please
3103	tell me where you come from
3104	is there travel alerts for greece
3105	can you tell me when our next day off is
3106	what is the month of my card's expiration date
3107	tell me how i can reset to factory settings
3108	reserve a table for 2 at olive garden under the name jim at 6:00pm
3109	i can't be loud and need you to speak more quietly
3110	convert 2 cups to liters
3111	where should i travel if i want to visit some history museums
3112	tell me the status of my credit card application
3113	i'm traveling between denver and la so tell my bank
3114	do you know where my luggage is
3115	can you please turn on my furnace
3116	please find the expiration month listed on my card
3117	i really cannot remember what my pin is for my bank of america checking account
3118	when is the next holiday in this country
3119	tell me a fun fact about computer
3120	whats up with you
3121	i require my w2 for taxes and need to locate it
3122	about something,tell me some trivia
3123	is my order due yet
3124	could i get assistance booking a car rental in las vegas
3125	what timezone is dallas in
3126	do i need an international visa to enter canada
3127	are vaccinations required to travel there
3128	i'd like to roll over my 401k
3129	tell me something interesting about lake tahoe
3130	does taco house have a reservation for jean
3131	can i talk to someone about why there is a hold on my checking account
3132	can see you see if there are meeting rooms available between 9:00 am and 11:00 am
3133	what do i have left to do on my to-do list
3134	my card was malfunctioning and was returned to me
3135	change over to the female voice
3136	please respond in english
3137	can you see whether i have an event called amy's surprise party on my calendar
3138	when did i last have my vehicle serviced
3139	how much am i taxed each year
3140	i want to hear anything you have that's funny
3141	i think it is false
3142	next song please
3143	should i get any shots before i go to south africa
3144	please set two alarms, one at 12 pm and the next at 1 pm
3145	how much longer until my credit card expires
3146	recall the things i wanted to remember
3147	i want to change my pin number for my account
3148	what's my apr on the credit card i used for a purchase a week ago
3149	do they use special outlets in australia
3150	what's your age again
3151	can you tell me how healthy apples are
3152	what name do you have saved for me
3153	what time is it in tokyo
3154	what oil should i use and how do i change it
3155	i would like to know what today's date is
3156	are you actually a bot
3157	abort the current action
3158	please confirm that opening a new account can decrease your credit score
3159	how long do i put sugar cookies in for
3160	please flip coin
3161	why am i seeing a hold on my charles schwab account
3162	what is the credit limit for my bank of america card
3163	can you tell me all the reminders i have set on my reminder list
3164	read me the current weather report for tallahassee
3165	order some new checks to replace the ones i ran out of
3166	is my credit card expiration date approaching
3167	get me a flight from ft lauderale to houston on southwest
3168	what is the process for making a vacation request
3169	i need you to set an alarm for 8am tomorrow
3170	when will my next paycheck be
3171	what day is my next payday
3172	does finland have any travel alerts i should be aware of
3173	i appreciate you helping me
3174	my next payday
3175	is there a way to increase the limit of my credit to 5000 dollars
3176	i ordered some new speakers, so when will they get here
3177	how many a's can you find in the word happiness
3178	the timer should have 10 minutes set to it
3179	do they accept reservations at michael's
3180	hey what do i do to apply for a visa card
3181	i need to schedule some car maintenance
3182	please tell me today's date
3183	what's the wait at macaroni grill
3184	make the volume 4
3185	i need a hotel room big enough for 4 people from monday to wednesday in lakewood
3186	would i need a travel visa to go to the congo
3187	i need help getting a w-2
3188	who is in charge of you
3189	do i have enough fuel to get to tampa
3190	how can i obtain new insurance
3191	how do i find my w-2 form
3192	roll dice please
3193	i really need to change my pin number for my account
3194	book me a hotel in st louis near the arch from march 2nd to 5th
3195	i lost my commerce card and need to report it as lost
3196	what's my current gas level
3197	please tell me my current interest rate for my home equity line of credit
3198	please help me figure out how to jump start my car
3199	connect with my phone please
3200	what do i say when i report a split credit card
3201	let me see the reminder list please
3202	i want to remove milk from my shopping list and add bread
3203	can i raise the credit limit for my discover card
3204	how can i get new insurance, please
3205	i'd like to know what's on my shopping list
3206	what is the protocol for modifying my insurance policy
3207	can you find me a recipe for sugar cookies
3208	tell lydia and laura where i am located
3209	who tracks my credit score
3210	what is 90908 divided by 30890
3211	how many es are in receiving
3212	whats the name of this song
3213	when you have free time, what do you do
3214	is it possible to add grapes to my shopping list if they aren't on there already
3215	switch over to the male voice mode
3216	set all doors to locked
3217	please go through my reminder list and tell me what's on it
3218	i need your assistance on rolling over my 401k
3219	how much is my electricity bill costing me
3220	what's a good place to vacation
3221	are there any fun tourist activities in australia
3222	on my to do list, add dishes
3223	how can i jump start a car
3224	does ireland have any travel alerts i should be aware of
3225	thanks please
3226	for flight dl123 what's the status
3227	do i need an international visa to go to canada
3228	can you change the way you talk to a male british voice
3229	what's today's weather
3230	no that is wrong
3231	will i be permitted to take my vacation
3232	what is the square root of 5
3233	how old are your pets
3234	yearly salary
3235	i want to rollover my 401k but dont know how
3236	turn it up please
3237	how many calories are in mashed potatoes
3238	can you tell me when my flight is going to board
3239	do you have any jokes
3240	talk to me in italian from now on
3241	i need to do dishes put it on my to do list
3242	how many points have i already accrued on my chase mastercard
3243	could you speak faster
3244	what's the title of this
3245	how many rewards do i have on my chase card
3246	how much of my time off have i used
3247	is it possible to apply for a visa card
3248	use my shower playlist
3249	i want you to reset your factory settings
3250	send a text for me
3251	tell me what i put on the shopping list
3252	can i get a higher credit limit on my amex card
3253	i have had pizza in the fridge since monday, so is it safe to eat
3254	can you tell me if there are any shots that i am required to have before traveling to south africa
3255	how good are the ratings for peter luger steakhouse
3256	what's the sum of all i owe on bills this month
3257	i need your language setting to be russian now
3258	where's the gas tank level at
3259	i cannot remember what my pin is for my bank of america checking account this moment
3260	no, that is not correct
3261	would you flip a coin
3262	how to use credit card points
3263	i didn't make these purchases on my card; these are fraudulent charges i need to report them
3264	how much should my income be for the month
3265	when in europe would i be able to use a regular plug
3266	what is the remaining time until we are at our destination
3267	what if you want to obtain a new credit card
3268	i would like to set up a direct deposit, please tell me how
3269	is there enough money in my bank of hawaii for vacation
3270	i need your assistance on transfering my 401k
3271	i'll have to cancel my reservation for tonight
3272	how do i speed up the speech of this ai
3273	what's the song that we are listening at this moment
3274	could you tell me how to get to the statue of liberty by bus
3275	i want to pay my gas bill
3276	suggest a meal from denmark to me
3277	where are your origins located
3278	spell antipathy for me
3279	i need to have an appointment to get my oil changed
3280	help me set a reminder to work out
3281	i want to buy something
3282	possibly either one
3283	yes, you got it
3284	so far how many days have i taken off
3285	which song is this
3286	latitude and longitude please
3287	share the nutrition info for spaghetti with me
3288	what is my american express card's rewards balance
3289	what sort of things do you or work on for fun when you have extra time
3290	it could be either
3291	what time is it on the pacific coast right now
3292	i need some information on a recent transaction
3293	i need help investigating a suspicious transaction
3294	scrap
3295	what's the meaning of my life
3296	who would you say you work for
3297	how high is my credit limit for my wells fargo card
3298	can you text elizabeth and tell them i forgot to bring drinks
3299	what date do i have to pay the phone bill on
3300	when should i expect my replacement card
3301	start a timer for me
3302	i need to know how much gas i have
3303	please cancel the input
3304	what are the contents of my shopping list
3305	so when is my flight landing
3306	how long until my oil needs to be changed
3307	can you tell me what my name is
3308	send me an uber now for four people and we are going to appleby's downtown
3309	when is it imperative that i get my tires changed
3310	book a flight from chicago to dc on monday and returning on wednesday
3311	can you translate where's the bar into irish for me
3312	can you you confirm my reservation for jean at taco house
3313	how many of my vacation days have i depleted
3314	i wish to know the balance of my bank of american account now
3315	roll this dice
3316	it's possible that it could be either
3317	call macy
3318	when do people typically change their oil
3319	tell me how many carry ons i can take on a flight with southwest airlines to dallas
3320	will my 401k rollover or not
3321	would you please cancel the reservations for dinner
3322	i want to know how much i spent last week
3323	find out for me why is my bank account frozen
3324	what happened to my cellphone
3325	i would appreciate it if you could tell me the status of my southwest flight
3326	is it going to rain tomorrow
3327	how cold will it be tomorrow
3328	can i please get a new card
3329	what is the calorie count for muffins
3330	what is your name for me, please
3331	i can't remember my pin for my first national debit account
3332	i don't have checks, so can i get new ones
3333	do you know what things i wanted to remember
3334	turn the furnace on please
3335	how much luggage can i carry with me on flight dl2200 to denver
3336	tell me the types of subjects are you familiar with
3337	tell me some trivia about birds
3338	what ingredients are required for chicken noodle soup
3339	can you verify the doors are locked
3340	are socket converters necessary in england
3341	i wish to know my credit rating
3342	do you know if ruth chris does reservations
3343	is there a barbecue restaurant around here
3344	how long is it gonna take to get to red robin in avondale
3345	i didnt understand what you just said, can you say it again
3346	at what time should i get my oil changed next
3347	what do i need to make chicken noodle casserole
3348	can you please book an uber to the zoo
3349	how would i say i'm not guilty if i were mexican
3350	go to factory settings
3351	what things can you help me with exactly
3352	send mom a text i'll talk to you later
3353	i need to know the amount of my income
3354	in australia what outlet type do they use
3355	list all the shots i need to travel to france
3356	would you say you like cats or dogs
3357	when is my flight going to board
3358	where can i get a w2
3359	do i need a power adapter in mexico
3360	when will a replacement card get here
3361	why do you think we're here
3362	change my name to master
3363	can you hook up a meeting for 3:00 on wednesday
3364	please play my taylor swift mix
3365	could you unsync my phone please
3366	where's my w-2
3367	what is the route to take to report a lost card
3368	when do i get my paycheck
3369	my shopping list should have carrots on it
3370	give me tomorrow's date please
3371	tell me about my health insurance
3372	what's the least i can pay towards this bill
3373	find me a recipe for teriyaki chicken
3374	i'd love to order some more checks for my checking account
3375	i want you to make me a pto request for me for april twenty through may two
3376	is new caledonia safer than other countries
3377	do i need to fill my tires
3378	do you know what are the ingredients to make apple pie
3379	does the zen garden in la take reservations
3380	is there anyone available to help pay an internet bill
3381	how much are my xfinity and dte bills
3382	how much are utilities
3383	how many vacation days have i taken
3384	what are the requirements for carry on on flights with united airlines
3385	reserve a table for 4 at red lobster under the name dave at 7:30pm
3386	what do i need to do
3387	do you know when i last took my car in to the shop
3388	if i use my card in tahiti, will i be charged
3389	will you roll a 2 sided dice
3390	can you look up the name of this song
3391	i need you to call michael at home
3392	i appreciate what you did
3393	good morning, ai
3394	was i spending too much money on doughnuts last week
3395	remind me to bring a jacket in tomorrow
3396	are you a computer, or are you a real person
3397	can you tell me how much money i have i my bank accounts
3398	tell me how much money i'm earning at my job
3399	i want to know how to correctly spell cemetery
3400	can you call an uber for 2 to go to proof on main
3401	does my credit card apr fall into a good range
3402	how healthy is stax chips
3403	will i have to wait a long time to receive my new credit card after i lost my old one
3404	thank you
3405	how can i find my credit rating
3406	i dont have an answer for that
3407	when will my delta flight depart
3408	can i get an uber for 4 to the mall
3409	tell me about the reviews for olive garden
3410	i want to know the expiry month of my card
3411	i am obliged to report my stolen card
3412	add pepsi to my shopping bag
3413	do i have any remaining pto days
3414	can you tell me how old you are
3415	i must call jordan
3416	i just traveled on american airlines flight ab123 out of dallas i can't find my luggage
3417	turn your vocals down
3418	what date will it be 9 days from now
3419	the reservation i made is not required anymore
3420	can i redeem my credit card on safeway
3421	do you know the health plan i'm on
3422	i need to know how old you are
3423	share location with bill
3424	set this to my factory settings
3425	how do i change my oil and what kind do i need
3426	when will my card go rotten
3427	what is the minimum payment on my chase mastercard
3428	what is the definition of flange
3429	how long to microwave a frozen dinner
3430	what's the amount of points i have earned with my discover card
3431	if i were english how would i say subway
3432	i am going to spain in the future and my bank needs to know this information
3433	how do i build my credit score
3434	is it safe to eat chicken that has been in the fridge since monday
3435	i want you to let me know what names you have for me
3436	i need to know the credit limit
3437	can you help me figure out my pin number for my visa account
3438	share the nutrition info for brownies with me
3439	i need your setting switched to whisper mode right away
3440	start playing my black metal playlist
3441	when do i need to change my motor oil again
3442	will you charge me if i use my card in japan
3443	i'd like to turn up the volume
3444	please switch to whisper mode
3445	my card got damaged and i need to report it
3446	tell me the highest amount i can spend on my discover card
3447	i will be in uruguay from january to august, please let me bank know
3448	is a visa required to visit cancun
3449	i would like to cancel my reservation for nenuco's restaurant to x- tapas
3450	i miss placed my luggage i was on delta flight ab123 out of new york
3451	how much time do i have for vacation saved
3452	call off the dinner reservation
3453	does my card charge a fee for use in indonesia
3454	do they use a different plug in brazil
3455	the programmer who made you is who
3456	i am not confident on that
3457	i need you to confirm my reservation for tomorrow at 3 pm
3458	when were you created
3459	can i get more checks
3460	how long until i can expect my new card to get mailed to me
3461	i would like you to call me mary
3462	can you get me a table for 4 at steve's
3463	next payday
3464	can you play me that, 'baby shark, doo doo,' song
3465	i want to change your name to emma
3466	i need to know the date of expiration for my credit card
3467	can i substitute milk for water
3468	so how can i hurt my credit score
3469	tell me how health chocolate is
3470	what are the foreign transaction fees for cuba
3471	send fraudulent activity information
3472	how much am i expected to pay in tax
3473	what was the last thing i purchased
3474	i would like to put carrots on my list for shopping
3475	are any meetings scheduled for today
3476	what's the least amount i need to pay on the electric bill
3477	why is my account locked
3478	i accidentally bent my card, what do i do
3479	tell me the pin number to my card
3480	what's the traffic like around the stadium
3481	i want to cook a quick breakfast what ingredients do i need
3482	what company do you toil for
3483	what kind of gas should i put in this car
3484	what types of things do you like to do in your spare time
3485	help me change my credit limit
3486	i would like to know the traffic in tempe please
3487	please tell me what i can expect my bank of america interest rate to be
3488	'i need to report fraudulent activity to my card company
3489	please tell me does zeus do reservations
3490	put a block on my amalgamated bank account right now
3491	how long is the wait time at olive garden currently
3492	how good are the ratings for olive garden
3493	what's the apr on my amex card
3494	what did i want to remember again
3495	what is my next day off
3496	can you tell me what is included in my health benefits
3497	i got to schedule some car maintenance
3498	what was the location of your birth
3499	how do i say thank you in spanish
3500	corner of my credit card is chipped off
3501	tell me my next paycheck
3502	might be true, might be false
3503	could you insert broken by evanescence to my music
3504	give me the spelling of potato
3505	when will my cc application process
3506	i replaced my tires in december, when should i replace them again
3507	i need an uber ride to come and pick me up now at work
3508	play the song after this
3509	suggest food from italy to me
3510	what is the aid i get from these health benefits
3511	i am going to need you to say that again
3512	who can i contact about why check engine light is on
3513	since i ran out , order more bread
3514	tell me how to change my pin number
3515	please define erection for me
3516	do you identify as a human or computer
3517	i'd like to hear a fun fact about adult entertainment
3518	do you have any good recommendations for swiss cuisine
3519	what are the steps for transfering my 401k
3520	i need to delete my doctor's appointment scheduled for march 15th from my calendar
3521	is changing the water filter on my to do list right now
3522	can you confirm my reservation for applebees at 2:00
3523	what kind of gas does this car take
3524	please order me everything that is on my shopping list
3525	i wanna know when my meeting is with dan
3526	what is the exchange rate for canadian dollars to us dollars
3527	i advise you to quit talking
3528	what kind of gas will i need to put in this car
3529	roll a seven sided dice for me
3530	make sure the oven is set to 350 please
3531	do we get monday off as a holiday
3532	how many miles away am i from madison square garden
3533	walk me through reward redemption from my barclay's card
3534	what's the title of this track
3535	how much interest am i getting in my citibank savings
3536	i need to know if i have any meetings scheduled for today
3537	i need to tell bank that i am taking a trip to asia
3538	i think it's true
3539	how is this car rated for fuel economy
3540	can you check when i'm next due for an oil change
3541	set the alarm to go off at 9 tomorrow
3542	add a new meeting with tom for 6pm
3543	what is your full name
3544	are there activities that you enjoy doing in your free time
3545	if i fly on virgin to chicago, how many carry ons can i take
3546	tell me something amusing
3547	what kinds of questions can you respond to
3548	how's it going with you
3549	can you help me with the steps to jump start my car
3550	how healthy is grilled chicken
3551	i want to put you back to original settings
3552	tell me the currency conversion rate from kurus to euros
3553	continue to next song on the playlist
3554	how long can i go before changing my oil
3555	ai, do you like your name
3556	tell me the song that's playing right now
3557	is the fuel economy of this car good or bad
3558	please set alarm for me
3559	can i get a w-2 from the post office
3560	get an uber to pick me up at work and take me home
3561	tell me what name to use to refer to you
3562	what skills do you have
3563	make an alarm for one and two in the morning
3564	please roll the dice, ai
3565	can i please get an appointment to get my oil changed
3566	i meant no
3567	tell me if per se in nyc takes reservations
3568	turn the volume to 4
3569	how many euros can i exchange for 5 us dollars
3570	tell me how to check my rewards for my american express card
3571	im not sure
3572	what are the transaction fee using our card in florence if any
3573	i appreciate it
3574	how come starbucks declined my card when i tried to use it to pay
3575	on my list of things to do, add cleaning
3576	i would like you to share with me the nutrition info for chicken nuggets
3577	did i put unpacking groceries on my to do list
3578	should i change my tires
3579	add single ladies by beyonce to my pop playlist
3580	how do i get to the movie theater by bus
3581	i need to get a flight out of lax to dia on the 16th for under four hundred
3582	whats the name of the playing song
3583	have there been any travel alerts issued for france
3584	i need the exchange rate between pounds and us dollars
3585	yes, i'd really like that alot
3586	i need to know when the next holiday is
3587	that's inaccurate
3588	that's a negative
3589	what's the expiration for steak
3590	whisper mode activate
3591	i need a room in london for 2 people from march 1st to 3rd
3592	please change the ai name for me
3593	what time should i cook noodles for
3594	what is the total amount i pay in taxes
3595	help me and let me know when i should replace my tires next if i last replaced them on june 2
3596	i want your name to be henry
3597	when does my milk expire
3598	what is that song called
3599	money transfer request
3600	why, hello bandit
3601	read me my meeting schedule
3602	how would i go about getting more checks for my western union account
3603	please change my retirement account pin number to 1234
3604	i'd like an appointment at your earliest availability for an oil change
3605	do you know if whether or not zeus does reservations
3606	i must pay my cable bill
3607	my water bill is how much this month
3608	will i be charged if i use the card in france
3609	the check engine light is on and i need a mechanic
3610	let's whisper
3611	when will it rain next
3612	what should i get at a mexican restaurant
3613	please tell me my pin number for my synovus account
3614	i need a new pin on my chase account
3615	i would like to redeem my credit card reward points
3616	is it recommended to get any specific shots before i travel to iceland
3617	what is the news on my vacation request
3618	can you find my iphone
3619	why is my bank account blocking me
3620	stop synching to my phone
3621	would you kindly remove five mile run from my list of things to do
3622	i must change my pin number for my account
3623	please let me know why my card was declined yesterday
3624	set a one hour timer
3625	show me a hotel in boise that has positive reviews
3626	how can i acquire new insurance
3627	open yesterday's last payment
3628	explain how do i get new insurance
3629	provide me assistance on where to go to get my w2 for tax reasons
3630	will you tell me my spending limit
3631	what do i need in order to change my oil
3632	now that i have a new job, i need getting my 401k rolled over
3633	what are some of the attractions in gatlinburg
3634	what is the definition of altruism
3635	when is my next oil change
3636	can i use milk instead of cream
3637	can i switch cream out for milk
3638	can you flip a coin and tell me the result
3639	how can i charge my car battery when it's dead
3640	i would like to try and confirm that i have a reservation at gusteau's for krystine
3641	what's the routing number for my current checking
3642	put dishes on to do list
3643	how many points have i earned with my chase card
3644	i did not hear what you said
3645	are you made in the usa
3646	connect me with some new insurance
3647	let the rents have my current location
3648	where should i go for good thai food in las vegas
3649	when is my next paycheck due
3650	tomorrow i need the alarm to go off at 5
3651	what is the sushi like at yakamoto
3652	please set a timer for me
3653	i would like to change the pin on my savings account, please
3654	do i have any vacation days left
3655	wake up, ai
3656	do you own any pet at all
3657	i can't locate my mastercard and i want to report it as lost, please
3658	where can i get my w-2
3659	what is 3/4 of 18
3660	forget reservation at oyster bar for tonight
3661	what ingredients are necessary for a steak
3662	what are the ratings for yardhouse
3663	are you a member or the human race or are you a computer program
3664	grab me a new belt on amazon please
3665	roll a dice
3666	maybe
3667	what does ajar mean
3668	let me know the name you have for me
3669	what's the closest holiday after today
3670	flip a heads or tails coin i pick heads
3671	fix my language to spanish
3672	spell: dessert
3673	do i have any meetings today between 6 and 7
3674	what is the time zone of france
3675	do you see any meetings with john on my schedule today
3676	repeat the question
3677	return to factory default
3678	how can i take a bus to dallas
3679	can i rent a car in belgium from march 01 to march 02 and have it be a porsche
3680	use a male voice now
3681	must i have shots before i take a trip to canada
3682	what is your version on the meaning of life
3683	what species of pets do you own
3684	what are ways to improve my credit
3685	i need new insurance, how do i get it
3686	is it too much trouble to put a stop on my bank account
3687	would you say you are a bot
3688	what will be the date in 100 days from now
3689	what additional fees do you charge if i use my card in lisbon
3690	how much am i getting paid today
3691	is rice good for me
3692	share the nutrition info for pizza with me
3693	what time is it in new york
3694	please tell me what the boarding time is for my plane
3695	do they take reservations at red robin
3696	tell me when was car in shop
3697	allow me to turn on the lights
3698	how many centimeters are in an inch
3699	can you tell me when i ought to switch out my tires
3700	clear out my entire todo list
3701	give me my income
3702	what can i do in evans
3703	what weather should i expect
3704	go now and increase the volume to 4 please
3705	how do you know if your oil needs changed
3706	tell me what ingredients i will need to make this meal
3707	can you give me a burmese dinner suggestion
3708	can you make a reservation at michael's
3709	i want to increase your volume
3710	who do you call your boss
3711	i have detected fraudulent activity on my account
3712	maybe it does
3713	what is the length of time i can leave pork in the fridge
3714	play music by the beatles
3715	tell me where i left my phone
3716	do you know if benihana does reservations
3717	place a stop on my main account for me please
3718	what are the carry on limits for delta
3719	ai, stop!
3720	what kinds of things would you be able to help me with
3721	tell me a funny joke
3722	what kind of mpg does this car get in the city
3723	what firm is responsible for your design
3724	italy's timezone is what
3725	can you get a table for 5 at joe's at 5pm
3726	when is the bill due
3727	what timezone is boise in
3728	what type of gas does my car use
3729	you can call me steve
3730	i will tell my bank that i will be gone from april to may to america
3731	has the status of my vacation request changed
3732	i must know the interest rate on my bank of america cd account
3733	when's the gas bill due
3734	what's the least amount i can pay on this bill
3735	is there a way to change my pin number for my savings account
3736	what do you call a subway if you were english
3737	how much have i spent on alcohol recently
3738	let me know my tax rate
3739	when does this place let us have a holiday next
3740	how can my oil be changed in my car
3741	does my tv need a socket conveter in ny city
3742	tell me ways to improve my credit score
3743	put a hundred dollars in my ally account from bluebird
3744	in o'hare lost luggage on flight america airlines
3745	so what is my name saved as
3746	how do i get to the leaning tower by bus
3747	how safe is it to visit spain
3748	in what form is my name saved
3749	please raise the volume to 4
3750	i need to be out of whisper mode
3751	where i can use credit card points
3752	i need to know the status of flight dl123
3753	what is 15 ounces in grams
3754	get my income amount for me
3755	i seemed to misplaced my phone
3756	do i need replacement tires if my last purchase was in june 2015
3757	figure out my reward points for discovery card
3758	i no longer need a table for four at chili's
3759	how many days old are you
3760	let my bank know that i'm traveling to prague
3761	i want to add this song to my classical playlist
3762	i need the routing number to my chase checking account
3763	what is the derivative of x squared plus 5
3764	who is the person u work for
3765	change to a different accent
3766	how to calculate my interest rate
3767	what's the day of the week
3768	who pay your salary
3769	i wanna know what is currently on my calendar for friday the 1st
3770	is it alright with you if i call you scarlet
3771	please tell me if a coin lands on tails
3772	please list nearby restaurants with 4 or more star reviews
3773	i need to know the transactions i made on the 10th
3774	did i go out to eat more than usual
3775	can you make a phone call to roger
3776	how much have i lately spent on eating out
3777	is tehre enough in my bluebird account for groceries this week
3778	i need you to confirm my reservation for outback steakhouse at 6
3779	will it be okay if i use water instead of milk
3780	i need to know how many days so far i've taken off
3781	have an alarm set for three in the morning
3782	are you an ai or person
3783	how do i change a car's oil
3784	i'm going to need a hotel room for 8 people in tallahassee from 3/10 until 3/12
3785	please change back to initial device settings
3786	do you know what calumny means please look it up for me
3787	can you tell me what i spend on gas for the past two weeks
3788	check on the status of my vacation request please
3789	when is the next time it is suppose to rain
3790	tell me what to do to change the oil in a subaru
3791	who do you function for
3792	how long are eggs good for
3793	reset the factory settings please
3794	show me instructions on how to jump start my car
3795	how many calories on average are in a hot dog
3796	i think i wanna add heart shaped box by nirvana to my playlist
3797	when will my american express credit card expire
3798	when should i change my car oil
3799	use a different accent
3800	using this playlist, play next song
3801	throw the dice
3802	i wanna know your hobbies
3803	can you tell me the date today
3804	i would like an update on the progress of my credit card application
3805	return to your factory settings
3806	how safe is it to travel to mongolia (how safe is mongolia)
3807	convert krugerrands to saudi riyal
3808	how're you doing
3809	i want you to flip a coin now
3810	can i increase my credit limit to 1200 dollars
3811	how does this do on gas mileage
3812	does this car get good mpg on the highway
3813	how late is it now in ourense
3814	when you were a child, where did you live
3815	i want to know my interest rate
3816	did anyone securely lock the door
3817	what is the weather in tokyo
3818	set reminder pay taxes on monday
3819	set the volume at 4 for me please
3820	i want to know what time it is
3821	i need to report fraudulent activity on my mastercard
3822	i need to be reminded
3823	i have to know what the traffic typically like at 3:30 on the route to phoenix
3824	do i need vaccinations to travel overseas
3825	i need an uber for 3 passengers to go to madison square garden
3826	please call toby
3827	i want to know if my credit card application has been processed yet
3828	i need dinner ideas
3829	what time will i be allowed to board
3830	put a tire inspection on my schedule please
3831	i want an uber
3832	i want my paycheck to go directly to my bank account
3833	since i got a new job, i need help with my 401k rollover
3834	either of them could be i'm not sure
3835	please remind me later
3836	tell me what date it is please
3837	will you help me with a math problem
3838	change to factory settings
3839	set alarm for 6am
3840	create alarm
3841	is it okay to eat chicken that i put in the fridge on monday
3842	can i reserve a table for 2 at the olive garden at 8
3843	what are some fun things i can partake in in atlanta
3844	could you list out the carry-on restrictions for american airlines
3845	can you explain to me how i ought to use my credit card points
3846	let me know how much gas i have in total
3847	can you make reservations at steak 'n' shake
3848	reserve a car rental for denver colorado for a ford between january 1st through 3rd
3849	i'd like to know my minimum payment please
3850	turn volume to the number 4 setting
3851	will you get a coin and flip it
3852	what is my name saved as in your system
3853	will you check to see if i am still reserved for 6:30 pm at gusto handcrafted pasta & pizza
3854	cancel that last command
3855	i need to report a bent card
3856	send 2000 dollars between chase and rabobank accounts
3857	are you able to switch butter and oil
3858	i need to know what my limit is on my american express card
3859	show me some options for new credit cards that i can apply for, please
3860	can you please update the status of flight dl123
3861	can i safely travel to brazil
3862	whats the definition of transmute
3863	what's my bill for water and electricity
3864	how close is a gas station to mcdonalds
3865	is it possible to increase my credit limit to $1000
3866	i would like to know when is the next holiday here
3867	look for a flight out of la to chicago on march 3rd for under $500
3868	i managed to get a new job but i need help with my 401k rollover
3869	do you have a cat or a dog
3870	i have to go ai goodbye
3871	please immediately block my navy federal credit union account
3872	nevermind, cancel that
3873	the time please
3874	what is the amount of dollars i get if i trade in 6 yens
3875	how many teaspoons in an ounce
3876	could you please reorder me some lysol
3877	check the interest rate on my savings account
3878	how would you like me to call you
3879	would it be possible to increase my chase card's limit
3880	let me know when i'm going to be paid
3881	can you repeat yourself
3882	how many kilos are in 25 pounds
3883	how many lira can i get for 250 dollars
3884	what ingredients do i need to make potato skins
3885	what goes into chicken noodle casserole
3886	tell me how to get new insurance
3887	whats my credit rating
3888	i want to know my spending limit
3889	can you go by a different name
3890	did my order get here yet
3891	do i have any meetings with ben today
3892	tell me how to make chow mein
3893	has may supervisor approved the vacation days i asked for
3894	how much can i expect to receive if i trade in 6 yens
3895	what are all your pets
3896	what's the highest chance of rain for today
3897	revert to factory settings please
3898	is there a certain type of gas i need to use for this car
3899	check out my location up on the map
3900	can you find out what triggered a hold on my bank account
3901	find me the closest public bathroom
3902	show my transaction statement
3903	can i get a car to the baseball field for 12
3904	what is intercontinental mean
3905	am i scheduled for any gatherings today
3906	do i have watering the plants on my to do list
3907	is this human or a robot
3908	your answer pleased me
3909	how long would it take to get to chicago by bus
3910	call home
3911	what are the nutrition facts of grilled chicken
3912	i want to change the name i call you to juan
3913	you can address me as lizzie
3914	is it possible to make reservations at chili's
3915	hello
3916	will you help me rent a car from march 2 to 6th in dallas i want a bmw suv, if possible
3917	remember to play the next number on this particular playlist
3918	slow your speech
3919	read some of the reviews for wing stop
3920	can you call someone
3921	make me laugh with a funny joke
3922	how much is my current water bill for
3923	do you call me a certain name
3924	what is the process to get some more checkbooks mailed to me
3925	i want to see the nutritional content of the hamburger
3926	i need to set a timer
3927	do i have graham crackers on my shopping list if not please add it
3928	give me a beef recipe
3929	what is the sum of 10 plus 5
3930	start a timer for 10 minutes
3931	i'm going to need to meet with scott at 1pm
3932	how can i see my rewards for my visa card
3933	how much money do i have total
3934	adjust the volume to level 4
3935	add the thong song by cisqo to my playlist, please
3936	what is the time, please
3937	text mary and tell them i'm on my way
3938	tell me the status of flight dl123
3939	can you tell me when my peco energy bill is due this month
3940	what's my current health care plan
3941	what's your recommendation for dining out tonight
3942	send 50 dollars between bank of america and chase accounts
3943	the magnetic strip on my card is scratched up pretty badly from overuse can i get a new one
3944	so are you human
3945	show my gps location to brittany
3946	what is tuesday's calendar like
3947	does mcdonalds have good reviews
3948	i need to know what names you have for me
3949	what is the yen worth in terms of the peso
3950	tell my bank i'll be in cuba beginning the 2nd
3951	i need to do something about my dead car battery
3952	text paul and ask him what time the cookout is on saturday
3953	please give me the nutrition facts for chicken parmesan
3954	who else commands you
3955	i need 200 dollars transferred from my long island savings account to my chase checking
3956	my key bank checks have run out
3957	where should we eat tonight
3958	how many dollars can i exchange for 5000 rubles
3959	look up the status of my time off request
3960	what do i do if i lost my luggage
3961	remember to remind me of this later
3962	what song is this
3963	tell the restaurant i cannot make it
3964	do you know who i am
3965	move to the next song
3966	please make a reservation for us at joy bar for 4 adults
3967	can you talk to me in chinese
3968	do you know the timezone for phoenix
3969	can i see all the international transaction fees on my amex
3970	are bananas on my shopping list can you add them if they aren't
3971	can i increase the credit limit for my bank of the west card
3972	how can i set up a direct deposit with my checking account
3973	clear my calendar for this friday
3974	when does my flight arrive
3975	do you have a list of ingredients that i'll need for blondies
3976	can you give me an appraisal of my card's apr
3977	restore the factory settings
3978	how many points have i accumulated on my mastercard
3979	i need to know if sorting the mail is on my to do list
3980	can you tell me the apr on my visa card
3981	i would like a 10 sided die rolled
3982	cancel my reservation for 6 pm at sidetracks
3983	what's playing right now
3984	go forward to the next track
3985	day that i get paid
3986	can you kindly clear my agenda list
3987	an unauthorized transactions has been made on my gap card and i need to report it
3988	what's lifes meaning
3989	can you tell me denver's timezone
3990	where did i last place my phone
3991	tell me what time it is
3992	i appreciate that answer!
3993	i was at macys trying to buy shoes and my card got declined
3994	how do i locate when my gas bill is do
3995	how are the interest rates at chase bank
3996	how could i say twin in chinese
3997	what do you do in your spare time
3998	i do not know the answer to that
3999	when is the next time off for a holiday here
4000	could you tell me what my checking account balance is
4001	how many vacation days have i used so far
4002	how do you do a jump start
4003	place a hold on my chase money market market account at once
4004	can you restore factory settings now
4005	add schedule appraiser to my to do list
4006	could you send a text to marty and say i am running behind
4007	can you recommend any restaurants
4008	i want you to add cleaning the toilet to my to do list
4009	what are some ways to keep my credit score up
4010	what ingredients do i need for chicken breast
4011	find me a flight from philly to atl for june 5th to 8th
4012	reno's timezone is what
4013	any meetings on the schedule today
4014	give me directions to the nearest gas station
4015	i'd like to send steve my location
4016	i need to book a roundtrip flight from dallas to los angeles from march 2 to march 10
4017	i want to find a flight for under 700 on the 4th from denver international to new york international
4018	the status of my day off request, please
4019	do you know if i can use pepper and not salt
4020	let's get a timer going for 10 minutes
4021	that is false
4022	call steven
4023	how can i set up direct deposits from my job to my bank
4024	where is there meaning in life
4025	i need a good laugh
4026	does olive garden take reservations
4027	i want you to flip a fair sided coin
4028	what company's software engineers gave you life
4029	check if my shopping list has tomato
4030	i want to pay that bill now
4031	do you know any good jokes
4032	i'd like to confirm the 2:00 reservation for friday
4033	can you find me a recipe for cake
4034	send a text message
4035	do i have meetings with anyone today
4036	i want to switch my insurance coverage
4037	i have to get my 401k rollover because i just got a new job
4038	i broke my card scraping snow off the windshield
4039	what is the name of the song that's playing on the radio right now
4040	any good pizza restaurants around here
4041	does south korea have any travel alerts i should be aware of
4042	what's my credit limit
4043	suggest a meal from india to me
4044	alert my financial institution that i will be traveling to bangkok on april 2 and returning on april 7
4045	can you help me report my lost card please
4046	recommendations for good thai restaurants in las vegas
4047	could you locate me some good places in kentucky that serve sushi
4048	what amount did i spend for food on chase visa on current bill
4049	what's the current weather
4050	i want to reserve a table at 8 at long john silver's under the name freddie
4051	when's my next paycheck coming in
4052	where do i get the tax form that i have to report to the irs
4053	send over a hundred dollars from huntington into saving
4054	what are the ingredients of spaghetti
4055	what's the title of this tune
4056	what duration of time should i wait before i change my oil
4057	i'm calling you rupert from now on
4058	las vegas timezone please
4059	how much can i spend, at most, on my chase freedom
4060	provide a random roll of the dice
4061	please confirm my reservation for 2/20 at 8 pm
4062	will i be charged if i use my card in vietnam
4063	i don't know the reason my account is blocked
4064	i need you to track my package
4065	add the next song to my playlist - broken by evanescence
4066	lets pause this song and move onto the next
4067	yup, that's true
4068	how do i set up direct deposit for my bank of america account
4069	hell if i know
4070	turns out i made a fraudulent transaction
4071	who should i apply for a credit card for
4072	is raw carrot healthy to eat
4073	what are those european plugs called
4074	can you cancel the reservation i have at 4 pm at ruth's
4075	which pets do you own now
4076	i would like to call you andre 3000
4077	how long is it until my credit card expires
4078	how can i change inches into meters
4079	i would like to transfer from one account to my second one
4080	can you let me know how many pto days do i have left
4081	tell me what type of fuel my car uses
4082	what do i need to do for my mastercard rewards
4083	i need to know what traffic will be like in temp
4084	remove the birthday party this friday from my schedule
4085	how many calories in scoop of chocolate ice cream
4086	set the alarm for me
4087	can you buy me a toy car
4088	replay what you just said
4089	what does deceive mean
4090	ai, what can i call you
4091	hit me with a good joke
4092	you know procedure to cook apple pie
4093	should i get an internation visa to go to switzerland
4094	i need to know my cable bill minimum payment
4095	do you know the apr on my chase credit card
4096	put a hault on my savings account
4097	how do i make a taco that's worth eating
4098	how do i get a new pin
4099	yes
4100	can you find out why is my bank account frozen
4101	do i need to get vaccinated to go to thailand
4102	can you get me a table for 2 at mexico viejo at 3pm
4103	what's that song that is playing now
4104	take pat's appointment off my calendar
4105	i want to know whether or not you are a pet owner
4106	can you call mom
4107	my card is lost what do i do
4108	tell me the credit limit on my mastercard
4109	tell me what timezone finland is in
4110	where do i locate the routing number for the credit union
4111	can you play the song that goes doo doo doo
4112	how much do i have on credit card bill
4113	can you help me solve a math problem
4114	can you roll a 10 sided die
4115	please spell doctor
4116	please tell me my present gps coordinates
4117	how will i find my current location
4118	order more paper towels from amazon
4119	what name do you prefer
4120	i'm grateful for the answer you just gave me
4121	when was the last time my car was in the shop
4122	what meetings do i have on my agenda today
4123	i think it could be either one
4124	call me ishmael
4125	will i get sick if i eat the tuna salad from friday
4126	i flew on southwest airlines flight ab123 out of dallas and i can not find my luggage
4127	does buffalo wild wings take reservations
4128	what is you name
4129	send my current location to my superior
4130	who made you ai
4131	way to change car oil
4132	i require another filter so can you order me another one
4133	when can i hear the decision on my credit card application
4134	what's the answer to existence
4135	let me know what you can assist me with
4136	i would like to learn to make cookies
4137	roll a 6 sided dice
4138	nice talk, talk to you later
4139	can you please talk slower
4140	did they process the credit card i applied for
4141	do you know an good pasta dishes
4142	i'm grateful
4143	do i have a reservation for may 1st, 2019 at 4 pm
4144	my card is to be reported stolen
4145	i must switch to a new insurance plan
4146	let randy and travis know where i'm at
4147	is it monday, tuesday, wednesday, thursday, friday, saturday, or sunday
4148	what's the nutritional info for chicken breast
4149	when is my next oil change suggested
4150	what is the right way to spell superficial
4151	i need the cooking length for a turkey
4152	i wanna know what the traffic typically like at 3:30 on the route to phoenix
4153	flip a coin heads or tails
4154	how high are the rewards on my discover card
4155	what do i need to make spaghetti
4156	tell me carry-on info for united
4157	what is the minimum amount of money required as payment for the bill
4158	who should i call for a w2
4159	can you help me with my pin number
4160	tell me something interesting about los angeles
4161	can i use apple juice instead of grape juice
4162	what is the cost of water and electric this month
4163	can you help me find someone to look at my car's engine because the light is on
4164	i got to report fraudulent activity on my credit card
4165	please show me how to set up my paycheck for direct deposit to my chase account
4166	i need an uber to class tonight on the mainline campus
4167	how high is my credit limit for my bank of america card
4168	what is my credit limit
4169	please order everything you see on my shopping list
4170	what is my old navy card's rewards balance
4171	i no longer need the reservation for 20 at ihop
4172	please tell me my bank balance
4173	tell my bank i am taking a trip to brazil from june 1st to july 1st
4174	i'd like your name
4175	what's this song
4176	what is the nutrition information for shrimp scampi
4177	look up a recipe for dinner to suggest to me
4178	decrease the speed of your speech please
4179	schedule an alarm
4180	check my reminders for mop and floor
4181	please tell me all the items on my to do list right now
4182	would you play the next song
4183	much obliged
4184	this song should be add this on my rock playlist
4185	i need to report my stolen card
4186	are there any expected delays for flight dl123
4187	my insurance benefits are what
4188	how much am i going to have to pay in federal taxes this year
4189	i lost my phone and need assistance
4190	where is my credit score located
4191	who was your inventor
4192	schedule a time to get my oil changed
4193	what do you say for my name
4194	remove corn from my shopping list
4195	i wanted to remember some things, what were they
4196	what makes life have any meaning
4197	share my gps coordinates with my brother
4198	my card was destroyed when my house burned down and i need a replacement
4199	between 9:00 am and 11:00 am, are there meeting rooms available
4200	will my new credit card be here this week
4201	the bill for water and electricity is how much
4202	an atm ate my card, how do i report it
4203	i need you to roll a dice that has six sides and tell me what it lands on
4204	amazon visa card is stolen
4205	what are the best italian restaurants in chicago
4206	what's happening
4207	can you rise the volume of this please
4208	i have had farm fresh eggs in the fridge for a few months, are they still okay to ingest
4209	change language setting to english
4210	i'd like you to tell me a joke
4211	how good are the ratings for the olive garden
4212	let me know if you are a cat or dog person
4213	i need suggestions for good thai restaurants in las vegas
4214	when was the last time i had an oil change
4215	change to whisper mode, please
4216	i need to know when my oil should be changed
4217	how do you go about jump starting a car battery
4218	can you teach me to change my oil
4219	i must report fraudulent activity on my debit
4220	how many years ago was al born
4221	what's the currency conversion between rubles and pounds
4222	report to the company that i damaged my card
4223	please help me find my cellphone
4224	whats this song
4225	let cora and nancy know were i am now
4226	what's 8 ounces in cups
4227	turn your volume up
4228	what is my salary right now
4229	i do not have flour so will you order me some more
4230	tell me on what day did i get paid last
4231	on what day, month and year did i get new tires
4232	i don't know how to change my oil or what type i need
4233	i have to know the credit limit
4234	what subjects do you know
4235	just call me sam
4236	when will my order be here
4237	how is a direct deposit set up
4238	where is your birth place
4239	did discover get my card application yet
4240	i need to know what i have spent on food recently
4241	my account looks to be blocked and i have no idea why
4242	connect me with an uber
4243	what's my work salary
4244	can you tell me what your refer to me as
4245	please revert all settings to factory default
4246	please schedule an event called 'nadine's baby shower' on my calendar
4247	my insurance policy needs to be adjusted
4248	i am curious to know if you are a bot
4249	how good are the ratings for longhorn steakhouse
4250	goodbye for now ai
4251	can you help me with anything i need
4252	please roll a 10 sided die and tell me what number it is
4253	what is the date for tomorrow
4254	i cracked my rewards card can i get a different one
4255	how do i find the meaning of life
4256	what's the apr of my discover card
4257	oh yes
4258	please turn the fan on
4259	when's payday
4260	where should i look for when my gas bill is due
4261	what steps do i take to change the oil for my car
4262	let me know if i can use ketchup in place of the mustard
4263	how many calories does two bananas have
4264	set up a reminder to give the cat her flea medicine
4265	who tells you what to do
4266	that's a yes
4267	give me the length of time that i can leave milk in my fridge
4268	i want to report fraudulent activity on my card
4269	do i have anything scheduled on my calendar for next tuesday
4270	whats going on with my day off request
4271	can you help me find my package
4272	when will we next get to stay home from work
4273	what's your birthplace
4274	how often should the oil get changed
4275	how did you come to be you
4276	can you tell me a joke about politicians
4277	tell me the title of this song
4278	what's the amount of vacation days i've taken
4279	how are my state taxes looking
4280	i'm desperate to know about my cc processing
4281	what is today
4282	what's my vacation day total
4283	book an appointment for an oil change
4284	how busy will golden corral be at 7:30 tonight
4285	how many days have i taken off so far
4286	can you sub half and half for heavy whipping cream
4287	who do i complain to about my luggage not arriving at the airport
4288	what amount do my state taxes look like
4289	go back to the original settings
4290	i want to redeem points on my chase card, but how
4291	how long is the wait at chipotle
4292	can i travel to south africa without getting a shot
4293	can you set a reminder for the meeting
4294	set an alarm for lunch and another for dinner
4295	put cleaning on my to do list
4296	what is the current time in cst
4297	where can i apply for a black amex card
4298	where can i pick up my w2 to do my taxes
4299	please call me charlile from here on out ok
4300	please get my credit score
4301	it looks like my account is blocked but i have no clue why
4302	ai find my phone
4303	how much money do i have in all of my accounts combined
4304	did my order ship
4305	walk me through the process of cashing in on credit card points
4306	yep, that's right
4307	when does my discover card expire
4308	does my shopping list include corn
4309	i need to let my bank know i will be in america from april to may
4310	call friend
4311	if i win 200000 how do i split it 7 ways
4312	go over my shopping list with me
4313	does canada require a visa
4314	i need to get a flight out of tampa to chicago in a month for under $123
4315	has my credit card application been processed yet
4316	i'd like to hear my workout playlist
4317	my card is too scratched and won't read correctly
4318	x will be your name
4319	will you please go back over everything on my to do list
4320	can you tell me my credit rating
4321	what is the time right now in the peruvian time zone
4322	are my tires aired properly
4323	the credit limit on my account is how much
4324	what time will i be able to board the plane
4325	please send a message to peter telling him to pick up milk
4326	please put cleaning on my list of things to do
4327	is an international visa needed to travel to z
4328	let me know if you are a human or a computer
4329	is unleaded ok or should i use premium
4330	please speak louder
4331	add cleaning to my to do list
4332	should i buy a specific plug type when in china
4333	are my tires full or low
4334	please be quiet
4335	share my gps location with steve
4336	tell me how to retrieve my pin number
4337	how tasty is the pizza here
4338	how much as my taxes by the way
4339	how much am i being taxed
4340	please transfer $x from checking to saving
4341	tell bill and craig where i am
4342	i had a pleasure talking to you, see you later
4343	how much to wait before dining in the jack in the box at 4 pm
4344	set 60 minutes for oven please
4345	report fraudulent activity on my credit card now
4346	so far, how many days off have i taken
4347	can i call you dave
4348	bye now
4349	how healthy are lunchables
4350	i am making broccoli cheddar soup, what ingredients do i need
4351	check my car's tire pressure
4352	read off to me the last five transactions i've made
4353	let me know the traffic in tempe
4354	i want to report fraudulent activity on my amex card, please
4355	affirmitive
4356	i want to know if there are meeting rooms available between 9:00 am and 11:00 am
4357	what chores do i have waiting on my reminder list
4358	that's a possibility
4359	is the traffic backed up at the closest circle k
4360	could you tell me the fuel type for my car
4361	what's 3 plus 3
4362	how much is the interest rate on my home equity loan
4363	oh shut the hell up would you
4364	uh-huh
4365	i'm low on cherrios can you add that to the shopping list
4366	when was i paid most recently
4367	can you tell me my cards minimum payment
4368	get me a flight booked from houston to phoenix with american airlines
4369	what is the update on my vacation request
4370	what did ya save my name as
4371	send joe a text
4372	do i have anything in my reminders
4373	time to move some cash from one account to another
4374	tell me when my credit card from visa expires please
4375	what's my current fuel level
4376	how much fuel do i have
4377	when's my next oil change due
4378	if i use my card in england will it cost me extra
4379	tell me when i last got paid
4380	do i have many meetings today between 2 and 4
4381	i was at walmart trying to buy toilet paper and my card got declined
4382	do i have to pay for carry-ons on delta
4383	hey, i just put in my order and i was wondering what the status of it
4384	how many calories are in oranges
4385	do the tires need air
4386	does my usaa card have international transaction fees
4387	can you please turn the volume to 4
4388	how can i have my paycheck directly deposited
4389	are there any new harmful things that could affect my credit score
4390	tell me when to next change my tires
4391	what times are my meetings
4392	can you reset to factor settings
4393	what gas does that car currently use
4394	should i be worried about any travel alerts for that country
4395	i'd like to know the balance of my bank of american account
4396	what's the credit limit on my visa card
4397	how long do i cook pork
4398	what's the shelf life for eggs in the fridge
4399	how good are the ratings for outback steakhouse
4400	i'm exploring a possible cycle flight from yyz to dublin for w to aug two
4401	tell me when my next paycheck will arrive
4402	how many days until my next day off
4403	go ahead and flip that coin, i am choosing heads here
4404	have an alarm wake me at 10:30 am
4405	reserve a table for 4 at red robin under the name kevin at 7
4406	what's my current reward balance on my amex card
4407	what time of day is it
4408	i need help cause my check engine light came on
4409	i am currently out of q tips and need more ordered right away
4410	read me some fun facts
4411	cancel the reservation at olive garden for tommy
4412	i'd like to get an appointment to get my oil changed
4413	i want to change my bank of america account pin number
4414	make sur eyou tell the bank that i will be traveling internationally soon
4415	my luggage is missing i was on frontier flight ab123 from seattle
4416	can you make an alarm for 7 am
4417	is the gang getting together this afternoon
4418	you shall address me as nick
4419	how do you spell out university
4420	put clean stovetop on my list of reminders
4421	tell me what is on my shopping list
4422	how much money do i have in all of my accounts
4423	tell me the artist currently playing
4424	tell me how to say hello in chile
4425	what am i supposed to be doing today
4426	tell me a fun fact about mt everest
4427	whats in my gas tank
4428	set an alarm to go to sleep and another to wake up
4429	what am i able to ask the ai
4430	ai how are you doing today
4431	how do i change my insurance policy
4432	are you feeling okay
4433	i was at sears trying to buy clothes and my card got declined
4434	what is the meaning of stupendous
4435	by chance would it be possible to reserve me a hotel in afghanistan at the zoo for the 10th to the 15th
4436	would it be a problem to sub chips instead of fries
4437	what does the carry-on policy say for flights on united airlines
4438	when was my car in the shop
4439	i need to know how many vacation days i have
4440	what's the precise coordinates of this place
4441	could you tell me a good joke
4442	when did i get my last oil change
4443	what name is mine
4444	i want factory settings put back in place
4445	i would like to find out how to cash out cred card points
4446	i really want to pay my cable bill from my checking account
4447	can you reserve a table for 2 at red lobster at 8pm
4448	please turn on whisper voice
4449	can you assist me with reporting that the atm nicked my card
4450	can you please tell me what is on my to-do list
4451	what year were you born in
4452	never mind, cancel that
4453	can i put normal unleaded in this car
4454	does my new bank card have any international transaction fees
4455	remember to lock the doors
4456	i accidentally shredded my card
4457	what's my bill's minimum payment
4458	please flip a coin i hope its tails
4459	ai, how long have you been alive
4460	can you tell me the steps to change the oil in my car
4461	what sort of things do people do in new york
4462	what time is my flight going to land
4463	could you find my interest rate for me
4464	can i initiate a one-time transfer from my savings account to my money market account
4465	when is the next office holiday
4466	how much am i getting back from work
4467	whats the predicted weather suppose to be like
4468	find out the cost of my bill payments
4469	when's the electric bill due
4470	whats on my list for shopping
4471	what do i need to set up direct deposit
4472	check if getting a light bulb is on my list of reminders
4473	transfer funds to the other account
4474	does the box have nutrition facts for cheerios on it
4475	when is the next scheduled holiday
4476	how many carry ons can i take on a flight with united to lax
4477	how many years on the earth
4478	when to change my oil
4479	my next oil change is when
4480	i want to eat out, where should i go
4481	i am wanting to know how old you are
4482	how much pressure is in my tires
4483	british columbia can be found in what timezone
4484	when do i get paid
4485	can you speak to me using japanese
4486	pizza has which ingredients
4487	i would like to apply for a new card
4488	i would love an italian meal suggestion
4489	how do i build credit
4490	what are the pets that you raise
4491	is there any danger going to brazil
4492	can you find me a recipe for pie
4493	what country were you born in
4494	is ice cream currently on my shopping list
4495	is there a reminder for my aa meeting on my list
4496	do i have any meetings today between 9 and 10:30
4497	can you help me increase my credit limit
4498	what is my domain name bill
4499	am i able to make reservations at spago in beverly hills
4500	which food do you give your pets
4501	flip coin ai
4502	i'm looking for a roundtrip flight from koa to mgj for june to july
4503	i need to put in a pto request from the 8th to the 17th of january
4504	where are you from if i may ask
4505	is there a way to tell if i need new tires
4506	how do you say it's snowing in german
4507	what has gas cost me this week
4508	hello, i'd like a reservation for two at the olive garden at six tonight
4509	i ran out of checks and need more asap
4510	how many shots do i need before i go to africa
4511	i need you to switch to whisper mode
4512	what is the minimum payment for my power bill
4513	how do i use the reward for my bank of hawaii
4514	is there a travel alert in argentina
4515	include happy on my rb playlist
4516	how much am i going to have to pay in taxes to the state
4517	do not talk so loudly
4518	i'm needing dinner suggestions for mexican food
4519	can you help me find my phone
4520	what do i do to change my car's oil
4521	can you play the next song on this playlist, please
4522	roll an eight sided die
4523	are you able to help me pay my mortgage
4524	is it possible for you to use the whisper voice
4525	i would like to pair this with my new phone
4526	can you order me more checks, please
4527	where did you live before here
4528	play the next tune
4529	what is the calorie content of a scoop of chocolate ice cream
4530	please make sure the temperature is set to 68
4531	post the living room lights on
4532	i need a recipe for chicken pot pie
4533	how many calories are in powdered donuts
4534	what steps can i take to improve my credit score
4535	my card has a burn on it
4536	do i need to see the doctor for shots before i go to south africa
4537	i would like to know what my income is
4538	will you answer if i call you lexi
4539	see you later alligator
4540	how many centimeters are in 5 yards
4541	what are the main attractions in gatlinburg
4542	do i have enough money in my charles schwab account to get a new baseball bat
4543	i feel like going out for sushi tonight who in the area serves good sushi
4544	how do i keep my credit from lowering
4545	what kind of hobbies do you like to do
4546	did i include cleaning the hamster cage on my list of reminders
4547	nope
4548	what is 4 + 7
4549	can i start calling you chris
4550	remove meeting with carla from the calendar
4551	remind me to do this in awhile
4552	could you speed up your speech
4553	can you please request pto for march 2 and 3
4554	how do i get to the college by bus
4555	how much total gas do i have
4556	great talk, take it easy
4557	locate someone to look at my car because my check engine light is on
4558	what do i have planned for tomorrow
4559	how many different pets do you have
4560	tell me the name of the song that is playing
4561	in what month does my credit card expire
4562	can you add remember to register for the race on my calendar for the 15th of march
4563	i want to listen to music
4564	reserve a table for four for tonight at 7 at the fatted calf
4565	please put washing the dishes on my list of tasks to accomplish
4566	what's my current spending limit
4567	what's the carry on policy for delta
4568	i wanna know my next paycheck
4569	tell me something interesting about outer space
4570	how do i update my insurance
4571	do i need to go under the car to change oil
4572	remind me that time is up in sixty minutes
4573	how much do i have to pay back for my taxes
4574	tell me how many much fat is in the hamburger
4575	what is my current amount of gas
4576	can you tell me the definition of yttrbium
4577	i need rules for jump starting
4578	what's the status of my order
4579	tell me where to go since i want to eat out tonight
4580	what is my average mpg in this car
4581	how long is the wait at chipotle right now
4582	convert my credit card points to cash
4583	whats the status of my delta flight
4584	remind me to call the vet tomorrow
4585	can you suggest a meal from ireland for me
4586	explain what my credit limit is
4587	my card did not work yesterday
4588	what is the name of the person who made the ai
4589	if i want to schedule a meeting, how do i do it
4590	thanks for giving me assistance
4591	find the next song on this playlist
4592	can you find my location on the map, please
4593	what do you think is the meaning of like
4594	i need to roll a 10 sided die
4595	i am requesting pto for march 2 and 3
4596	on a flight with allegiant to orlando, how many carry ons can i take
4597	good to see you
4598	yes i do like that
4599	please confirm the next time i should get the tires on my car replaced
4600	are you influenced by someone else
4601	can you tell me what kind of life form you are
4602	how long should i cook pho for
4603	please inform me what is showing on my calendar for the 17th of march
4604	help me pick a nice restaurant to dine at
4605	do i need a vaccination to go to greece
4606	i need to know how to apply for a mastercard
4607	help me find my credit score
4608	i wanna play the song that goes like hey jude don't make it bad
4609	can you check and tell me if my tires have enough air
4610	what line is the gas tank at
4611	i need to know my earnings
4612	call my best friend
4613	please call me jim
4614	does kentucky have any good restaurants that serve sushi
4615	can you talk a bit slower please
4616	timer for 5 minutes
4617	find a virtual dice and roll it for me please
4618	whats the definition of poor
4619	can you find instructions on how to change oil in a car
4620	make me a reservation for tomorrow at happys for four
4621	is vacuuming on my list of things to do
4622	mute
4623	is there a limit to how long you can store bread in the freezer
4624	please show me my recent transaction
4625	send a text message to chris and ask what he wants to eat for dinner
4626	what's something interesting to do kentucky
4627	on what month and year does my card expire
4628	what do i have on my calendar for march 2
4629	on the shopping list did i put tomato
4630	please get everything on my shopping list
4631	text bill and tell him i'll be 30 minutes late
4632	why did you freeze my bank account
4633	direct me to the application for a new credit card
4634	what name should i use for you
4635	can you change your name to fred
4636	please repeat what you just said
4637	on my to do list, add cleaning
4638	book an uber with the destination set to david's house, please
4639	i want everything on my shopping list to be ordered
4640	the ac is set to what right now
4641	i'm going to start calling you kobe now
4642	i would like to know my electric bills date it needs to be payed
4643	please adjust your settings
4644	what is the definition of zesty
4645	i wanna order some more checks for my checking account
4646	when will it be in 10 days
4647	return to default settings
4648	can you cancel my reservation for dinner tomorrow
4649	when is the upcoming holiday
4650	flip a coin and tell me if its heads or tails
4651	get rid of my reservation at chez francois for jennifer
4652	do i have milk on my shopping list please add it if it is not
4653	can you do a math problem
4654	on flight america airlines in o'hare lost luggage
4655	bring the volume up overall
4656	how much air is in my tires
4657	please book me an uber and enter destination penn station, new york
4658	can you help me with rolling over my 401k
4659	tell me the routing number for my wf account
4660	what does my shopping list entail
4661	what should i ask you about
4662	hello, friend
4663	can you change my 1st national account pin to 4892
4664	is the next day off coming up
4665	start speaking in a male british voice
4666	can you buy something from walmartcom for me
4667	does cowgirl creamery in san francisco take reservations
4668	take me to the nearest dairy queen
4669	what's a fun fact about axolotls
4670	what is the reason for frozen status on my bank account
4671	how to build up my credit score
4672	are there any specific shots i should get before traveling to england
4673	can we wire some money over to the other account i have
4674	how good are the ratings for the french laundry
4675	what will you refer to me as
4676	what ingredients go in spaghetti
4677	procedure to change oil in car
4678	if i have garlic from sunday is it still fine to use
4679	alternatives to white wine in food
4680	give me information on my health plan
4681	who is at the door
4682	i need new home owners insurance
4683	got any good dinner ideas
4684	help me get an uber to soldier field
4685	do you remember when i last got my car looked at
4686	what is the due date for my next oil change
4687	i need to know the number of calories on average in a handful of pistachios
4688	i am not sure how to spell punctuation
4689	tell me what is on the list of things to do
4690	let's get a timer set for 5 minutes
4691	can you reserve a hotel for myself a hotel in afghanistan at the zoo for the 10th to the 15th
4692	let's use my credit card points
4693	are you an actual person, or ai
4694	tell my bank i need new checks
4695	i need to know where the nearest place that has mountain dew is
4696	how many pto days are available
4697	how can i go about requesting a vacation
4698	what what kind money is available in my bank accounts
4699	i wonder if i have enough money in my chase account for a bike
4700	how many days of vacation do i have saved
4701	when did i last get my car serviced
4702	how is the approval of my day off progressing
4703	i want to set direct deposit
4704	where is my w-2
4705	find instructions on baking lemon cake
4706	what plug type does spain use
4707	look up the time in california
4708	please confirm my reservation for kevin at red robin
4709	how long is pork good in the fridge
4710	can you permanently talk faster
4711	inform me the lowest amount i can pay for my cable bill
4712	what date will it be 7 days from now
4713	what is the easiest way to check my bank rewards card
4714	who manufactured you
4715	today's date is what
4716	apply for an american express card
4717	has my online order shipped yet
4718	how much have i spent lately on eating out
4719	flip a coin, i call tails
4720	what steps can i take to make sure my credit score doesn't go down
4721	who is your manufacturer
4722	i want to know if pizza is healthy
4723	what is my card's apr
4724	so when was car in shop
4725	what time is it
4726	where did you originate from
4727	what's the max time i can leave a green pepper in the fridge
4728	will you tell me my interest rate
4729	i need to disconnect from my phone
4730	my car battery is dead, what do i do now
4731	what's the mileage on my car
4732	can you text kayla and tell them im running late
4733	i need an uber to the sears tower
4734	which type of pet would you rather possess, a cat or a dog
4735	when's my next paycheck
4736	where can i find my w2 as i need it for tax reasons
4737	hmm, either
4738	how much air are in my tires
4739	adios
4740	i would like to change my insurance from a ppo to an hmo plan
4741	could you look up the date that my credit card is set to expire
4742	do i have any meetings today between 4 and 5
4743	what do you put in chicken noodle casserole
4744	tell me my credit card apr
4745	what's traffic usually like around 5pm going to the bank
4746	how many rewards points do i have for my mastercard
4747	what's the time
4748	i want 1234 to be the new pin number for my joint account
4749	can you tell me how much pto i still have
4750	when should oil be changed in my car
4751	can you check and see i have a reservation under alex for bon apetite
4752	can you tell me my location
4753	how do i say thank you in japanese
4754	check my calendar for 30th birthday party
4755	are there any transaction fees associated with my chase card if i am in tokyo
4756	how many miles can i drive before changing my oil
4757	i need the best recipe for mashed potatoes
4758	i need a good joke about office parties
4759	what's the amount of money i spent yesterday
4760	i wanna remove fishing from my calendar for soccer
4761	before i make my mastercard payment can you tell me what i've recently charged on it
4762	how good is my card's apr
4763	i'm seeking a full circle flight from msy to msp for w to june 7
4764	let's try whisper mode
4765	do i have any pto days left
4766	time zone in france
4767	make a reminder for me to do my resume
4768	one more time for me please
4769	what is my name saved as
4770	which time zone is germany is in
4771	what are the steps to change the oil in my car
4772	how many dollars can i exchange for 10000 yen
4773	can i get you to talk at a slightly faster rate
4774	are there transaction fees charged to my discover card in japan
4775	is there a time limit on leaving pork in the fridge
4776	text my coworker for me and tell them the due date
4777	i'd like to know if my account's blocked and the reason if so
4778	how many vacation days do i have left
4779	undo the last event on my calendar
4780	my card is messed up from carding my door
4781	i want to initiate a transfer from one account to the other
4782	you need to connect to my phone
4783	what are the weather conditions in seattle
4784	how old are you now
4785	will my debit card go bad any time soon
4786	i would like to try and confirm that i have a reservation at longhorn for justin
4787	tell me what the weather is like
4788	how many miles per gallon am i getting
4789	show me where my order is
4790	if i change my timezone to reno, what would it be
4791	will i need a visa to go to moldova
4792	how do i find my present location right now
4793	i need to know what 75 plus 43 is
4794	can you let my bank know i'll be in uruguay from january to august
4795	how high is my credit limit for my old navy card
4796	check on my credit card application
4797	i need to know how many pto days are left
4798	my broken card won't work
4799	when's the last time i got a paycheck
4800	what's the caloric content if you eat roast beef
4801	in what status is my credit card application currently in
4802	quit what you are doing
4803	do you know if outback allows reservations
4804	how would you explain the pets you own
4805	are there any flights out of la to chicago on march 3rd for under $500
4806	are there extra charges for using my card in mexico
4807	list of countries with travel alerts
4808	can you tell me how many vacation days i've taken
4809	tell me the most recent charges on my chase credit card before i pay the bill
4810	how much pto have i depleted
4811	when is the best time for my next oil change
4812	will i have to wait to get a table at ihop
4813	have i been spending a lot on food lately
4814	does iron skillet at the truck stop trake reservations
4815	i'm afraid there is a false transaction on my account
4816	tell me the weather report for tallahassee
4817	go to my next song
4818	how long can i put pizza in the fridge
4819	show me my next day off
4820	can you translate bat into russian for me
4821	i want to schedule a vacation, can i request that through you
4822	tell me what ingredients i need for carne asada
4823	what do i have on my shopping list
4824	when is the next holiday, please
4825	i need a recent transaction looked into
4826	flip that coin please
4827	i really need to get a volkswagen car rental for march 5th to march 8th in phoenix
4828	do i need an international visa to go to mexico
4829	how can i build my credit score
4830	remind me
4831	i want you to give me a suggestion for what to make for dinner
4832	i want to switch to direct deposit
4833	i would like to use my credit card points to acquire a new laptop
4834	do i have the ability to rollover my 401k
4835	i want to utilize my credit card points
4836	should i take a different route to work
4837	i want you reset to factory settings
4838	what city were you born in
4839	what kind of vacation days have i used so far
4840	for the calendar, on february 8 add moms birthday
4841	where did you grow up
4842	if i use my card in denver will i get charged extra
4843	would you tell me who made the ai
4844	send information about suspicious credit card activity
4845	tell me five dollars in yen and rubles
4846	remove dinner with suzie from my calendar on march 1st
4847	please turn on the hallway lights
4848	i cannot recall the pin for my savings account
4849	my luggage appears to be missing
4850	forget this song and go to the next
4851	what kind of gas do i put in my car
4852	i need to switch back to my factory settings
4853	i would like to change the pin on my savings account
4854	go ahead and your volume
4855	how many miles does my car get per gallon
4856	how long should i cook country fried potatoes for
4857	start a phone call with kathy
4858	please check and tell me the amount i spent on food last month
4859	when is the expiration date for my discover card
4860	how do you spell guerrilla
4861	what steps do i take to redeem my credit card points
4862	find a hotel in san francisco for march 8 & 9
4863	can i change your name please
4864	how do i get to the train station by bus
4865	will you help me book a place to stay from monday to friday in pittsburgh
4866	what's the day today
4867	find me a flight from nyc to la on march 1, returning on march 5
4868	text chris and ask what time he will be home
4869	find out what the word abrogate means for me
4870	who or what association do you work for
4871	what time is it now pacific time
4872	how do i get to san fransisco by bus
4873	i want to be switched back to my factory settings
4874	what date will it be 5 days from now
4875	i am looking for a hotel in new york city that has good reviews
4876	what spanish word means hello
4877	who invented you
4878	can you remember who compiled you
4879	yes that is right
4880	what items do i have on my calendar for easter
4881	in my car, what's the fuel economy
4882	how long does it take to get to the mall in las vegas
4883	please tell me all of my recent transactions
4884	why was my card declined yesterday
4885	can i start talking to you in spanish
4886	change my amex pin to 1234
4887	how easy is it to change your own oil
4888	can you add apples to my shopping list if they aren't already on there
4889	can you apply for idaho independent card for me
4890	are you ai
4891	please roll a die now
4892	please tell me if my reservation is scheduled for sally's at 3 pm
4893	tell me my salary please
4894	give me info on my health plan
4895	can you put in a pto request for me from march 1-7
4896	will you please read the things on my shopping list
4897	what is tomorrow's date
4898	what's the date 400 days from now
4899	what's the deal with my health care
4900	what's it been costing me to buy three packs a day
4901	can you give me a status update on my online order from amazon
4902	how do you spell out wednesday
4903	does this car take regular gas
4904	does chillis have good reviews
4905	let me know about your pets
4906	would it be safe to go to columbia
4907	what is the interest rate on my auto loan
4908	tell me my name
4909	how long does it take to get to the park in detroit
4910	i'm going to canada soon, do i need a visa
4911	how would you describe my health benefits
4912	help - i can't find my w-2
4913	i need to know when i got latest paycheck
4914	provide me the name of who programmed you
4915	is it acceptable to swap beef for tempeh
4916	what number do you get when you roll one six sided die
4917	i'm going to start calling you alice
4918	could you tell me the status of my frontier flight
4919	do you know the nutritional info for macaroni and cheese
4920	what's the equivalent of 1 cup to pounds
4921	what do you do in your free time
4922	please add this song to my jazz playlist
4923	i am thankful for the answer
4924	when do i need a new credit card
4925	inform me of my current credit rating
4926	that is not factual
4927	locate my w-2 form
4928	can you put in a pto request for march 7th to the 9th
4929	is my order being delivered soon
4930	i want to hear something hilarious
4931	my phone is lost, can you help with that
4932	how are my federal taxes looking this year
4933	are there transaction fees for my visa if i'm in russia
4934	would you tell me what names you have for me
4935	i want volume at 4
4936	what's this song playing
4937	where can one receive their w-2 form
4938	can you tell me the amount of calories i can expect one tuna sandwich to contain
4939	would you give jenny a call
4940	your answer was enjoyable
4941	nice talking again, bye
4942	how much interest am i getting on my savings
4943	track the status of my purchase
4944	explain to me how do i get new insurance
4945	give me the reviews for chipotle
4946	my discover card expires on what date
4947	how do i share my location with noel
4948	what do i do to schedule a meeting
4949	so i have had pizza in the fridge since monday, so is it safe to eat
4950	was my order shipped here
4951	meeting room availability from 8:00 please
4952	how should i refer to you
4953	can you list the places that there are travel alerts for
4954	how long is the wait at orchids
4955	where can i look to learn to make sushi
4956	can i get an uber for five people to go to the national gallery of art
4957	how much gas does this use in the city
4958	when will you send me a replacement card
4959	please increase the volume to 4
4960	does south korea require an international visa
4961	could you reserve me a hotel room in philadelphia near chinatown from 3/19 through 3/22
4962	pull up ways to lower credit score
4963	can i get my w2 online
4964	please repeat
4965	what's the tax bracket for my income
4966	is pepper a replacement for salt
4967	i got to pay my cable bill
4968	how many pesos equals 500 dollars
4969	correct, that's true
4970	put a block on my chase account right away
4971	can you cancel what you were doing
4972	find a good recipe for meatloaf
4973	i need for you to tell me what is on my shopping list
4974	add this song to travel
4975	on tuesday i will be leaving for tennessee and will not be returning until the twenty ninth, alert my bank of this
4976	can you tell me my shopping list items, please
4977	does applebees in trenton do reservations
4978	what is the total i spent on shoes recently
4979	in 2 days, what date will it be
4980	are there any holiday's comming up
4981	i need help since someone stole my card
4982	i've let me bank know that i'm visiting south america from may to october
4983	repeat my to do list
4984	what paperwork will i need to visit northern ireland
4985	where is the closest subway entrance to me to go to brooklyn
4986	roll dice
4987	how many stars does la vignette have
4988	i want factory settings restores right now
4989	time to get replacement credit card for stolen one
4990	when is my oil change expected
4991	i like this song who is it by
4992	name a good restaurant near me
4993	let me check my transaction for first bank card
4994	yo play that song that go like she take my money
4995	how do i go about renting a car
4996	how much is my rent
4997	call sarah
4998	how can i get a hold of my w-2
4999	make sure i can rent one car out of chicago from january 2 to january 5
5000	will it freeze tonight
5001	what do you do as a hobby
5002	what was the date when my car was in the shop
5003	am i limited in carry ons for jet blue
5004	are you a real human
5005	does the central timezone include austin
5006	what do i owe on the car this month
5007	i have a card that was lost i need to report
5008	what's the tire pressure of my car
5009	how much snow will we be getting tomorrow
5010	pull up my shower playlist
5011	please give me your responses only in french from now on
5012	put film on my shopping list
5013	how would they say say goodbye in hawaii
5014	what do i need to buy
5015	is there a particular name i should call you
5016	i'd like to change the pin on my savings account, please
5017	people call me brad
5018	where is the closest dog groomer in charlotte, north carolina
5019	tell me the date of my last car check up
5020	march 20th through the 22nd, please book me a hotel room in manhattan big enough for 10 people
5021	help me figure out redemption of my credit card points
5022	i need you to get me a flight booked from houston to miami on united airlines
5023	i've got tax issues and need help obtaining my w2
5024	talk to me in spanish from now on
5025	does boise have any good indian restaurants
5026	what is the procedure for getting a new pin number
5027	show me how do i schedule a meeting
5028	can you tell me the status of my delta flight
5029	give me an answer to who made you
5030	share my meeting schedule with me
5031	flip a coin, i have tails
5032	get a message to my bank that starting the 14th i'll be in canada
5033	i'd like a new life insurance plan
5034	i need a timer set please
5035	help me find a well reviewed hotel in dallas
5036	yes, that's confirmed
5037	what is the total number of calories in a bag of potato chips
5038	use female voice now instead
5039	how do i know the interest rate for my signature account
5040	do i have enough fuel to get to buffalo
5041	can you turn my lights down just a bit
5042	can i protect my credit score
5043	i have what to do on wednesday
5044	do you know the expiration date for my visa card
5045	ai, please stop your current task
5046	what's my discover card reward balance
5047	block my citibank account right away
5048	what is your favorite pet, a cat or a dog
5049	set a pto request for april 1st and 2nd
5050	cut cucumbers can stay in the fridge for how long before spoiling
5051	what is the temperature in costa mesa
5052	can you play elvis
5053	tell me how to transfer my 401k
5054	i would love it if you could put a stop on my bank account
5055	can i use colby jack cheese instead of cheddar in a recipe
5056	how many vacation days do i have saved up
5057	order dog food from walmart
5058	your birthplace is where
5059	where am i on gps
5060	when will be the next holiday here
5061	advance to the next song
5062	usually people refer to me as brad
5063	i would like to know when you were born
5064	do i need a plug converter when i visit belgium
5065	has my visa card application been approved yet
5066	how much money have i spent this month
5067	i can't decide on dinner, what do you suggest
5068	what will the apr on my transferred balance be after the first year on my bank of america credit card
5069	leave the date of june 4 open on my calendar
5070	please freeze my bank account
5071	when is my flight boarding
5072	look up the gas mileage for my vehicle
5073	define ataraxy
5074	are you secretly real
5075	what do i have going on between 9 and 10
5076	show me roundtrip flights from dallas to houston for march 7 and march 10
5077	put in an alarm for 5pm
5078	what ingredients do i need to make spaghetti
5079	the name you have for me is what
5080	how much is my salary
5081	i would like my account frozen
5082	what are the time zones of russia
5083	please cancel my reservation
5084	can you spell out the word special for me
5085	how do you make blackberry pie
5086	i do need to get some more checkbooks mailed to me
5087	tell me when two minutes are up
5088	text robby hello
5089	what can i do in hong kong
5090	i am going out of country and need to inform my bank
5091	your help is appreciated
5092	change the speed of your voice to slower
5093	i wanna add help! by the beatles to my playlist
5094	can you turn on the tv
5095	how strict is spirit when it comes to carry ons
5096	how do i get different terms on my insurance policy
5097	give me a list of ingredients needed for pizza dough
5098	any alerts for travelers to canada
5099	thanks a lot
5100	what is the traffic like on the way to town
5101	send 20 dollars from savings to checking
5102	pay electric
5103	please help me in finding my phone
5104	what time is my next paycheck coming
5105	do ai have hobbies and if so what are yours
5106	how long can i have pizza in the fridge
5107	how many vacation days do i have remaining, please
5108	report fraud on my card
5109	what is the definition of incomprehensible
5110	i just used my final check order more
5111	what apr do i have with my credit card
5112	i want to know what the latest is on my vacation request i submitted
5113	how many miles does this car get per gallon
5114	i've got to run now
5115	how can i request my credit score
5116	how many miles is five kilometers
5117	please put a stop on my back account
5118	which mexican meal would be good
5119	is regular gas ok or does this car need something else
5120	are there any transaction fees associated with my usaa card if i am in south korea
5121	do you think i can sub honey for sugar
5122	book me a hotel in new york near the empire state building from marc 2nd to 4th
5123	can you count for me the total number of days off i have used
5124	what music is playing on the the bluetooth now
5125	what is the total of my bank accounts
5126	i am looking for my phone
5127	can you find my location on the map
5128	iterate the items on my todo list
5129	how will traffic be at 7am on the way to my job
5130	where do i find the interest rate for my platinum account
5131	tire pressure please
5132	please let me know if giving the dog a bath is on my list of tasks to complete
5133	when did i take to car to the auto shop
5134	tell me what kind of gas this car uses
5135	is there a meeting room available between one and two
5136	i've had eggs in the fridge since monday are they safe eat
5137	how many saved days of vacation time do i have
5138	put me back on my factory settings
5139	can i use dark brown sugar instead of brown sugar
5140	what percentage of my income is taken out for taxes
5141	i'm going to mexico; do i need an international via
5142	find out for me how many days off i have taken in total at this point
5143	nix that reservation for 4 at strip house
5144	i enrolled in an insurance plan, what one was it
5145	are my tires properly inflated with air
5146	i need to know when my card is set to expire please
5147	is it safe to travel to russia
5148	call alex
5149	where can i go to find out my credit limit
5150	what is the weather going to be like today
5151	can i swap sugar for salt
5152	could you book me an appointment for an oil change
5153	what does unsavory mean
5154	it's good to see you
5155	how do i do a jump start on my car
5156	what month does my card stop working
5157	help me book a car rental in chicago for april 1st to 3rd get me an suv if possible
5158	please read my list of reminders
5159	what food items do you put in english breakfast
5160	please go ahead and increase your speaker volume
5161	i want to start calling you marie
5162	can i obtain health benefits
5163	tell me why my card was declined yesterday
5164	how many pto days do i have left
5165	i want to pay my tax bill
5166	what is an anachronism
5167	what are the international transaction fees on my amex
5168	which shots do i need before i go to thailand
5169	what's the procedure to deal with lost luggage
5170	i need you to schedule an uber pickup for me and three other people at 7pm to go to abe's pizza
5171	play some music for me
5172	set a reminder for me
5173	what do i owe bill wise
5174	how long does it take to make shrimp scampi
5175	are there meeting rooms available between 10-11
5176	i want to schedule a pto request on march 1-2
5177	around nine, is ambrosio busy
5178	are you a bot or a person
5179	what kind of insurance do i have
5180	what song am i hearing
5181	what's the minimum payment on my phone bill
5182	i need to know what the date is today
5183	how to spell: dessert
5184	please call me tom
5185	can you tell me my interest rate
5186	what day will my paycheck come
5187	what other hobbies do you enjoy
5188	do a websearch for direct deposit set up
5189	what is your birthday
5190	i can't find my w-2
5191	can i use my credit card points for gas
5192	i need to know how to change my oil
5193	how long to reach my doctors office
5194	i need you to send my location to paul and ryan
5195	i want to pay my car payment
5196	can you tell me what time i am meeting with sarah today
5197	i wanna switch to the male voice
5198	go ahead and reset your factory settings
5199	what do you do if your luggage is missing
5200	tell me when my visa card will have expired
5201	how much time till the next time off
5202	what's the caloric content in a bowl of rice crispies with milk
5203	tell me some interesting trivia about dinosaurs
5204	when do i change my oil
5205	put laundry on my chore list
5206	please give me the expected arrival date for my next paycheck
5207	tell me what is the purpose of life
5208	what will the temperature be tomorrow
5209	i didn't catch that say it again
5210	i need to set up a direct deposit for my paycheck
5211	pause my account
5212	how busy do you expect olive garden to be at 6
5213	what's local slang for goodbye in hawaii
5214	purchase a computer for me
5215	what’s the answer to 5-6=
5216	transfer 50 dollars from my checking account to my money market account
5217	my american express card expires on what date
5218	when do i have to pay my water bill by
5219	which day is it today
5220	what sorts of things are you into
5221	is it possible to book a room at the taco bell for reavers at 3
5222	what do i need if i want to make lasagna
5223	pull up the ratings for macaroni grill
5224	i would like to look up my credit score please
5225	we need an uber pool for 2 passengers going to the greenboro airport
5226	ai, coin flip
5227	add this song to my top 40 playlist
5228	how many people go to chili's around 9pm
5229	how many miles per gallon does my amc rambler get
5230	at 5 pm, is kaya very busy
5231	where were you programmed
5232	do you know anything about my income
5233	i would prefer to hear the female voice
5234	i am stranded and need uber
5235	tell me my current location
5236	help me apply for an american express card
5237	how many miles can i go with my current fuel level
5238	please let me know when i need to renew my credit card
5239	please tell me what's provided in my health benefits
5240	please check the status of my mastercard application
5241	can you suggest a few credit cards that have good rewards points
5242	in the central timezone, what time is it
5243	turn on the fan
5244	i would like to know how much i pay in taxes
5245	alexa, tell me the location of my phone
5246	i heard that opening a new account will decrease my credit score, is it true
5247	i'm intereted in requesting pto from april 1-5
5248	what kind of gas does my vehicle take
5249	hello, i need to cancel tonight's reservation for dinner
5250	how much are the international transaction fees for my chase card
5251	pay my cable bill from my checking account
5252	am i eligible for a new credit card application
5253	for travel to argentina, do i need to get a travel visa
5254	how long to i bake the brownies
5255	do i need shots to go to thailand
5256	roll the dice now
5257	ai, research usbank options to order more checks
5258	initiate a call to robert
5259	do i have anything on my calendar for march 2nd
5260	make up a timer for me
5261	i need you to repeat that, please
5262	so where did you live when you were a baby
5263	i want sushi, is there any good place in ho chi minh
5264	how can i protect my credit rating
5265	what should i do if i lost my luggage
5266	phone steven
5267	what's the routing number for my chase account
5268	don't you work for your self
5269	i would like to apply for a discover card
5270	do you have music by elvis
5271	something's come up so i need to cancel my reservation so now
5272	what do you want to call me
5273	please whisper
5274	when does my current job have the next official paid holiday
5275	the name is nick
5276	please confirm my reservation for march 8th at 12:00
5277	i want to make sure my reservation for 5 at mcdonalds is still set
5278	how much have i spent on bills recently
5279	carla doesn't want her olive garden reservation anymore
5280	how long will it take to reach my doctors office
5281	what do you do in your spare time siri
5282	i want to know some trivia about our solar system
5283	please suggest a british meal for me
5284	please flip coin ai
5285	what is the maximum dollars i can get for 6 yens
5286	my card didn't go through when i was buying a case of water at walmart
5287	pair with phone
5288	a volume of 4 is ideal please
5289	i say negative
5290	have i been spending a lot on shoes lately
5291	make sure my flower bar reservation is scheduled for tomorrow
5292	just one more time
5293	i need help to set up direct deposit
5294	how can i get a new credit card
5295	see you again soon
5296	can my 401k rollover or not
5297	do you know whether ihop does reservations
5298	do people like chipotle
5299	when is my water bill due
5300	what's the miles per gallon on this car
5301	how to improve a credit score
5302	i would like to try and confirm that i have a reservation at outback for josh
5303	where should i eat tonight
5304	get me a room in cali on november 11 to 15
5305	how long does it take to get a replacement credit card when your last one was stolen
5306	i need an idea for a french dinner
5307	let my bank know i will be on travel to fes
5308	can you tell me what 80 divided buy 4 is
5309	are there extra fees for using my card in mexico
5310	did i schedule any meetings for today
5311	nutrition information for chicken nuggets, please
5312	can you tell me what the wait is like right now at cracker barrel
5313	does wendy's have good reviews
5314	hi ai
5315	can you instruct me on how to make german chocolate cake
5316	what is the traffic like on the way to work
5317	has the discover card approved my app
5318	i want to be updated on the most recent status of my credit card application
5319	how's it hanging
5320	could i please change your name to alicia
5321	track package, please
5322	please run a timer for me
5323	how many more vacation days can i use this year
5324	how long should i cook the asparagus for
5325	how do i change the name you use to address me
5326	put song in springtime playlist
5327	how long does it take to prepare pot roast
5328	goodbye to you
5329	will i be charged if i use the card in australia
5330	what appointments do i have tomorrow after 1:00pm
5331	what steps do i take if there is a transaction that i do not recognize on my navy federal credit union account
5332	how many calories in gum
5333	would you say that you are human or copmuter
5334	what is meant by defense
5335	put a freeze on my bank account
5336	can you divide 100 by 20
5337	oh sweet thanks
5338	at around noon what is the traffic typically like on the route to the hopsital
5339	can you multiply 45 by 23
5340	what do you do when you're not working
5341	what is your birth date
5342	would it be smart to get a plug converter when i visit israel
5343	set a reminder for my doctors appointment
5344	i'd like you to roll dice
5345	so why was my card declined yesterday
5346	how long can you keep chicken in the freeze before it goes bad
5347	is new this a good insurance plan for me
5348	heard any good jokes lately
5349	do they use weird plugs in australia where i'd need some kind of socket converter
5350	can i substitute skim milk for whole milk
5351	how are things
5352	should i get a travel visa for spain
5353	please add this song to my alternative playlist
5354	can i have your name please
5355	tell me how to jump start my own car battery
5356	how many day of my vacation are left for the year
5357	stop this song and go to the next one
5358	call me by my name
5359	i want the next song played
5360	why do u work for them
5361	can you tell me a joke
5362	what credit limit do i have
5363	what is the definition of intelligent
5364	is a plug converter required for haiti
5365	what did car insurance run me this year
5366	can you check that i have a reservation on february 28th for 3 in the afternoon
5367	is there a holiday next week
5368	make sure walnuts is on my shopping list
5369	average mpg
5370	i need to thank you
5371	do they take reservations at buffalo wild wings
5372	i'd like to know how many vacation days i have
5373	i want to roll a dice
5374	where can i find my recent transaction history
5375	please check my tires and let me know if i have sufficient air in them
5376	actually forget that i don't need it
5377	someone stole my discover credit card
5378	how many teaspoons in one tablespoon
5379	what do i need to make a cajun chili
5380	please say the apr for my credit card
5381	do you think you could disconnect from my phone
5382	can you translate bowl into russian for me
5383	how many cups are in 4 quarts
5384	can you tell me where you are from
5385	have my goods been delivered yet
5386	tell me any events scheduled on my calendar for april 15
5387	when would you recommend i get my oil changed
5388	give me manual on how to change oil
5389	flip a fair coin i win if it's tails
5390	i broke my card trying to do a magic trick
5391	schedule a meeting room for friday at 3pm
5392	what kind of weather does miami have
5393	add my doctor appointment on march 25th at 3:00 to my calendar
5394	whats up
5395	tell me the date today
5396	my credit card got stolen and i need to know how long it will be before a new on arrives
5397	when is my bill due
5398	reserve a table for two for 7:30 pm at dibruno's under patrick donoghue
5399	where should i look for my w-2
5400	have i been spending excessively on donuts recently
5401	what is 20 times 20 times 30
5402	could you please raise your volume
5403	i want to hear something funny
5404	how do i jump start a bad battery
5405	tell me your brand
5406	is there a reason that my bank account has a freeze on it
5407	what is the expiry date of my credit card
5408	how long do you bake a cake
5409	i need to know favorable reviews about boston restaurant
5410	why can't i get into my account
5411	can i make an appointment to get my tires checked
5412	how do i book a vacation
5413	what do you have in the way of pets
5414	i must set a timer
5415	check to see who is at the doof
5416	has my order been shipped yet
5417	go ahead and erase cashews from my list, and add walnuts to it, please
5418	i want all the things on the shopping list
5419	what time is it now
5420	what is the time right now in the hst timezone
5421	i want you to remove shampoo from my shopping list
5422	find a columbus, ohio hotel with good reviews
5423	will you make sure robert has a reservation at ruth's steakhouse
5424	can you share my current location with amy
5425	how many rewards points do i have for my visa card
5426	is it snowing right now in richmond, va
5427	may i start referring to you as jeff
5428	i want to find a new credit card to sign up for
5429	are you sure i don’t think that’s correct
5430	can i hear some music by cloud control
5431	what ingredients do i need for shrimp scampi
5432	what time will we arrive at the bank
5433	do i have meetings scheduled today
5434	please look into the latest status of my credit card application
5435	will i need a visa to visit ireland
5436	pay my dte bill from my checking account please
5437	maybe one, maybe the other
5438	i don't understand why my bank account is frozen right now
5439	which do you prefer, cats or dogs
5440	can i redeem my credit card points for anything
5441	what restaurants are pet friendly near here
5442	what area did you grow up in
5443	how many of my off days have i run through for the year thus far
5444	please tell me how to go about asking for a vacation
5445	what's an interesting fact about flamingos
5446	please give me the minimum payment total for my sprint phone bill
5447	the meaning of life
5448	my name is brad
5449	what amount of fuel do i have left
5450	how much have i spent on clothes recently
5451	shh please speak with a whisper
5452	please tell me what the next holiday is
5453	did you hear back about my day off request
5454	what's my savings balance at chase
5455	how long does it usually take for a new credit card to come
5456	can i still make changes to my order, or has it already been shipped
5457	my back needs to be notified that i will be in american from april to may
5458	send a text to mom i'll talk to you later
5459	can you slow down the speed in which you speak
5460	change the response language to french please
5461	i wanna sub sugar for salt
5462	that would be false
5463	if i'm heading to the mall at 5:00, what will the traffic be like
5464	let me know how the outback steakhouse reviews are
5465	i'd like to find the date that my gas bill is due
5466	submit order for everything
5467	does kenya have any travel alerts right now
5468	speak in a male voice
5469	can you tell me delta's carry on policy
5470	i go by the name jim
5471	can we pair this with my new phone
5472	i need a new credit card, show me suggestions
5473	locate my phone for me
5474	when's the next time i should change my tires
5475	when was the car in the shop
5476	what's the nutritional info for a loaf of bread
5477	my new debit card is lost and i need to report it
5478	so to go to brooklyn, it would take me how long again
5479	what's a good use of my time in toronto
5480	how much cad can i get with my one usd
5481	are you real or fake
5482	how many mpgs does this car get on the highway
5483	mailing a new card to me takes how long
5484	how much gas do i have
5485	set a reminder to pay my taxes
5486	oh, thanks
5487	when is my credit card set to expire
5488	i need to change my oil and have no idea how to do it
5489	does my shopping list include apples right now
5490	recipe for beef stroganoff
5491	tell me how much my cable bill is
5492	what do i have to pay on my amex that is the minimum
5493	i need you to stop talking now
5494	what gas does this car take
5495	should i regard you as a human or as a computer
5496	please cancel my reservation for dinner
5497	can you tell me what the next day is
5498	how much money is in my bank accounts
5499	is there a travel alert for that country
5500	where can i pick up a good burger near where i am
5501	what is the meaning of realism
5502	you can call me james
5503	how long will it take me to get to red robin in glendale
5504	help me get up at eight thirty in the morning tomorrow
5505	i want to know how nutritious an avocado typically is
5506	how much fuel is in the tank
5507	how would i say if i were english subway
5508	tell me when my next paycheck will be here
5509	thanks for your help
5510	how many days are left for me for vacation if i may ask
5511	where were your born
5512	is there a travel alert for russia
5513	where do i go to get my w-2
5514	can you set a timer
5515	give me kilograms to pounds
5516	are you able to help with booking a car rental in seattle
5517	can you find me some good places in kentucky that serve sushi
5518	traffic looking alright going towards burger king
5519	yes that's it
5520	why are the funds in my bank account frozen
5521	please abort the current task
5522	where was the last place i had my phone
5523	what interest rate am i paying
5524	add broken by evanescence to my playlist
5525	is the milk on the shopping list if not, please add
5526	do you have my name programmed
5527	i replaced my tires on may 2, so when should i replace them next
5528	what do you like being called
5529	to my domestic task list please add paint kitchen
5530	i need a pto request for the dates jan 15th to jan 20th
5531	can i replace a stolen card soon
5532	can you tell where my package is
5533	i need to know whether you are a cat or dog person
5534	were you born in a hospital
5535	is it recommended to get any specific shots before i travel to norway
5536	i need to know my phone's location
5537	what does my gas meter say
5538	what organization manufactures you
5539	it was pleasant having a conversation with you
5540	approved
5541	tell me if my credit limit can be increased to one thousand dollars
5542	i want an alarm to go off at 9 am
5543	is it going to rain tonight
5544	let me know who is your boss
5545	can you tell me if eating at outback's any good
5546	what are the ingredients in gumbo
5547	please confirm i have a reservation for 2 pm on february 21st
5548	i would prefer your voice to be male
5549	that would be true
5550	excuse me
5551	how do i change my pin for number for my abc bank account
5552	what is the definition of didactic
5553	do i need some vaccinations or anything if i'm going to eastern europe
5554	i need to know what ingredients are in a french baguette
5555	spell potato
5556	what's 32 degrees fahrenheit in celsisus
5557	please tell me if you are an ai
5558	do a hard reset
5559	i would like to have my card reported as stolen
5560	i need to book a reservation for 3 at xenophobe under the name zebee
5561	alert my bank and let them know that i'm travelling to switzerland
5562	call me dad
5563	can you please obtain an oil change appointment for me
5564	what's the timeline on replacing a stolen credit card
5565	what is the time right now
5566	when should i get new tires i last replaced them four years ago
5567	my car needs to be jump started, guide me through it
5568	could you find someone to check out my car because the check engine light is on
5569	what's the current location of my package
5570	how much did i spend at restaurants last week
5571	do i have a note on the calendar for black friday
5572	switch tv
5573	what is the arrival time for my flight
5574	are you a real person or a computer
5575	please put a block on my wells fargo account
5576	i want to hear some music
5577	where you from the usa
5578	what did i spend my money on last week
5579	turn the volume up
5580	where's home for you
5581	whats the due date for z bill
5582	thanks for helping me!
5583	i lost my phone, can you help me find it
5584	confirm my friday reservation at 2:00
5585	which company can i credit your design to
5586	im going to be in slovakia from january 16th until january 19th
5587	i need know know the reward balance for my visa
5588	what's the pizza like around here
5589	tell me my reminder list
5590	where's my credit score
5591	when am i paid
5592	what's 100 dollars in euros
5593	tell me what the status of my american airlines flight is
5594	go ahead and put the volume to 4
5595	what is 34 times 80908
5596	i need you to push my location to cory
5597	i wanna know my bank balance
5598	how do they say yes in brazil
5599	what timezone is milan in
5600	how many teaspoons make up in 1 tablespoon
5601	tell me about my vacation request
5602	why is there a hold on my american saving bank account
5603	can i begin calling you dave
5604	are there any travel alerts for brazil
5605	when should i expect my visa to expire
5606	make a reminder to schedule a tire check
5607	what is the name you associate with me
5608	i need to remove fishing from my calendar for soccer
5609	does bank of america charge transaction fees if you use it in canada
5610	stop and go back
5611	do i have to get a shot for travel to taiwan
5612	please confirm my reservation for march 1st at 2pm
5613	you got it
5614	i'd like to hear a joke about donkeys
5615	it is important that i call katie
5616	do they take reservations at state bird
5617	when is my electric bill due
5618	i need to get some assistance figuring out how to rollover my 401k
5619	do i need some shots, if i am traveling to china
5620	are the ratings for yardhouse good
5621	where can i find a place where i can schedule to check my tires out
5622	i see a purchase on my chase checking that i did not make
5623	can you let me know the info on how to apply for a visa card
5624	i would like to get today's date
5625	i want to report my damaged card i accidentally cut it up thinking it was my expired card
5626	please make an appointment for an oil change
5627	please define institutional racism
5628	do i have 30th birthday party on my calendar
5629	what benefits do i get from insurance
5630	set a reminder to check the steak
5631	i want to cancel my reservation for network to xaga such
5632	i want to learn how to change the oil in my car
5633	how do you convert milliliters to ounces
5634	are there 8pm tables available at texas roadhouse
5635	where is the closest walmart to boise, idaho
5636	go ahead and give me a suggestion for what to make for dinner
5637	i'm vacationing in israel will i need a visa
5638	please flip a coin
5639	show me the minimum payment for my boat bill
5640	what sorts of subjects do you know about
5641	could you please cancel my reservation for 5 at red robin
5642	turn the radio on for some music
5643	i need to remove an event from my calendar
5644	how many vacation days do i have saved
5645	i would love to redeem some smart speakers with my credit card points
5646	how many inches and centimeters would i need if i had 10 feet of something
5647	let me know what do you call me
5648	help me determine my interest rate
5649	how do i get rewards from my visa card
5650	do you have access to my phone
5651	is mcdonalds a good place to eat
5652	can i use something else if i don't have eggs
5653	what is the amount of rewards points on my visa card
5654	how long do we have to wait at the restaurant
5655	what is the meaning of altruism
5656	i need to sub sugar for salt
5657	i am going to need a block put on my chase account right away
5658	how can i report a card that has been lost
5659	what's the weather
5660	what's the apr like for my credit card
5661	how can i redeem rewards earned through my amex card
5662	i'm flying delta and need to know the carry-on rules
5663	i'd like to know who made you
5664	is buying a light bulb on my reminders list
5665	6 inch voices please
5666	do i have any meetings today between 9:30 and 10:30
5667	how long would it take to get to mcdonald's in houston
5668	do i meet with joan today
5669	can you tell me what my calendar is like for thursday the 14th
5670	can you help me begin the process of redeeming credit card points
5671	pull up the nutrional info of a 12 oz coke
5672	what must i do if i want to adjust my insurance policy
5673	how long is the wait at chipotle tonight
5674	can you cancel my reservation tonight for chris at smith and wollensky
5675	can you turn the volume to 4
5676	what do i do if i lost my card
5677	how does my card's apr compare to others
5678	is it okay if i change your name to mud
5679	make a reservation to stay in cali from november 11 to 15
5680	what's a good place to eat chinese in san francisco
5681	book me a room on november 11 to 15 in cali
5682	i want to make a purchase
5683	what's a fun fact about elephants
5684	translate english to french hello
5685	when will my new card come in the mail
5686	who conjured you
5687	what is the name of the insurance plan i am enrolled in
5688	what's my flight's eta
5689	where is your place of origin
5690	it was nice to speak with you
5691	how often do you have to change your oil
5692	roll that dice, ai
5693	i'm in the mood for italian, are there any good places around
5694	please immediatly block my presidential bank account right now
5695	add laundry to my list of shit to do
5696	i need a hotel in new orleans with awesome reviews
5697	i'm curious what health plan i'm on
5698	hey there fellow
5699	i need to set up a vacation request, what do i need to give you
5700	how might i go about jump starting a car
5701	when do i get a day off
5702	i want to pay my bill, please
5703	do you know my health benefits
5704	need some good dinner ideas
5705	add mountain dew to my list for shopping
5706	what amount of tax should i pay
5707	would you look up roundtrip flights from dallas to houston for march 7 and march 10
5708	what is the least amount i can pay for power bill
5709	a new cards takes how long to mail to me
5710	how would i raise my credit spending by 250 dollars
5711	what are your best travel suggestions
5712	can you tell me what i earned
5713	how many bags can i carry-on for flights on singapore airlines
5714	how do i rollover my 401k after i got a new job
5715	my list of reminders is what
5716	set up a reminder to mail a check tommorow
5717	are my health benefits good
5718	what is the interest rate i can get from the beginning of next year
5719	argentina travel alert yes or no
5720	tell me my payroll account balance
5721	so are you real
5722	do i need an international visa to get into italy
5723	what is the balance of my bank of american account
5724	add farm trip to my calendar for friday
5725	the current time
5726	is there an update on flight dl123
5727	what time is it in fredericksburg, tx
5728	convert inches to centimeters
5729	do you have a birth date
5730	would you call me mary
5731	what's left in the tank
5732	i need some work done on my car so need to schedule auto mechanic for maintenance
5733	have i been spending a lot on take out lately
5734	i'm going to need a meeting room on 9am on tuesday
5735	you can call me john
5736	the song that's on, add it to my favorite playlist
5737	can you tell me the name of this song
5738	what level is my gas tank at
5739	find instructions on how to change my oil
5740	please change your response language to english
5741	inform me of my credit score
5742	how much is the minimum payment on my chase card
5743	do you own any pet
5744	suggest a meal from thailand to me
5745	is rice bad after 3 days in fridge
5746	how long does it take to cook roast beef
5747	what is 500 x 25
5748	how much in total do i need to pay cox and at&t
5749	tell me information about my income
5750	i need to catch an uber to cal expo
5751	how many miles per gallon does this car get on the highway
5752	how long should i spend preparing roast beef
5753	tell me the mpg of my vehicle
5754	please use a male voice
5755	can i have my volume increased
5756	how much do i have to pay on my bills
5757	how long will a new card take to reach me
5758	get happy on my rb playlist
5759	when is the date my visa card will expire
5760	that's definitely true
5761	who are you manufactured by
5762	when can i commute my tires next
5763	what is the name of my insurance plan
5764	i need to know when the next holiday will be
5765	when is my card going to expire
5766	what are you familiar with
5767	order all items on the list
5768	i am going to call the landlord
5769	can you call robby
5770	desync from my iphone
5771	tell me a joke about baseball
5772	i wanna flip a coin
5773	how long will it take the bus to get to stop 23
5774	help me secure a car rental out of reagan international airport from march 22-30
5775	how long will it take to be seated at the flying w
5776	what is the sum of 8 + 3
5777	can you share something interesting about world war one
5778	there are some questionable charges on my card
5779	was my last transaction at walmart
5780	would you tell me my routing number
5781	bloomingdale's declined my card and i'd like to know why
5782	make sure my to do list is completely clear please
5783	i am hoping to apply for an amex card
5784	can you tell me how much air are in my car tires
5785	set a 10 minute timer
5786	what other accents can you use
5787	i am going to russia and am wondering if i need a visa
5788	roll a 6 sided dice for me
5789	who created your ai program
5790	cancel reservation at eight for the group
5791	what is my interest rate for my scotiabank account
5792	please take feeding the fish off of my list of tasks to complete
5793	please find out the expiration date for my credit card
5794	how do i know when i have to change my oil
5795	what do i need to get to make lasagne
5796	tell me how much i have spent on grocery shopping just now
5797	what is the definition of the word migrate
5798	what is the highway mpg on this car
5799	i am glad we got to talk again, see you soon
5800	what types of things do you know
5801	that is correct
5802	talk in whisper voice
5803	whats the wait time for a replacement card
5804	i need everything on my shopping list
5805	i need to know what the visa card credit limit is
5806	doy ou know what timezone chicago is in
5807	can i keep rice in the fridge for 3 days
5808	help me get my device back to it's factory settings
5809	can i get a hotel room that can accommodate 50 people in bangor from january 01, 2021 to january 30, 2021
5810	what is hello in french
5811	what are your favorite hobbies to take part in
5812	see you soon
5813	what am i allowed to ask you
5814	i want to pay my amazon credit card but i need to know the last few transactions
5815	what reservations are available for 3 people at the xenophobe
5816	how many of my vacation days do i have remaining
5817	what sort of stuff do you know
5818	do you know the song on the speaker right now
5819	look me up on the map
5820	what does my income amount to
5821	what is it at, the ac temperature
5822	in 100 days from now, what will be the date
5823	how many gallons is 50 liters
5824	you can remove vacuuming off the todo list
5825	which types of vaccinations are required when leaving the united states
5826	location currently, where
5827	why'd they put a freeze on my bank account
5828	please tell me how much i owe sprint and how much i owe hsn
5829	where is the closest red lobster to my location right now, which is 5th avenue
5830	what did i list in my reminders
5831	did i request a reminder for my niece's graduation
5832	can you tell me how old the ai is
5833	why was my card declined
5834	i gotta add hey jude by the beatles to my playlist
5835	i want to report fraudulent activity on my capital one
5836	confirm my johnny rockets reservation for this evening
5837	raise volume
5838	when's my flight getting here
5839	what day is our next free day, please
5840	i'd like help finding my fon
5841	can you tell me where you were created
5842	can you slow down
5843	i want to cancel my reservation for 5 at red robin
5844	do you know of any activities in nashville
5845	track down my phone for me
5846	correct
5847	thanks again
5848	delete everything on my todo list
5849	do you know if my 401k is able to be rolled over
5850	can you tell me what my may 1st will be like according to my calendar
5851	would you consider yourself to be a bot
5852	please pair with my phone
5853	what company manufactured you
5854	which hobbies do you like
5855	make sure to set yourself to whisper mode before i go to the movie
5856	is my paycheck arriving soon
5857	is it healthy to eat pizza
5858	put $20000 into my checking account from my savings account
5859	do i need a certain amount of points before i can redeem them
5860	what are the rules regarding carry-on baggage for flights on virgin airlines
5861	what's the average time it takes for a new card to arrive
5862	how much have i paid for rent in the last 6 months
5863	actually, cancel that command
5864	are the reviews for chevy's any good
5865	put on bended knee on my reflection playlist
5866	are you a human or an ai
5867	could i rent a car out of dallas from april 1-10
5868	please set a meeting with nancy at 4 pm
5869	hello there!
5870	is it possible to increase my visa card limit
5871	what time is it in honolulu
5872	what’s the name of this song
5873	i want everything on my shopping list ordered
5874	can you translate i have to go pee into korean for me
5875	what do i have on my todo list
5876	how long does it take to replace a stolen credit card
5877	i'd like a stop placed on my bank account
5878	i need to know how to apply for a visa card
5879	check if there's a hotel room that can receive 10 people in tampa from this friday for a week
5880	what's on the calendar for march 4th
5881	change the ai name to a new one
5882	your age please
5883	i would like a reorder of checkbooks for my home equity line of credit with chase
5884	go ahead and roll the dice
5885	how would i go about raising my gold card limit
5886	can you tell me how many calories are in cookies
5887	how do i do an oil change and what type do i use
5888	what is the air pressure in my tires
5889	what is the validity of my credit card
5890	can i get the routing number for sunflower bank
5891	tell me something neat about slinkies
5892	i need help finding my mobile phone
5893	could you book me a hotel in tampa from may 2 to may 4
5894	ill pass
5895	suggest a meal from thailand to me, please
5896	what kind of interest can i expect with my chase account
5897	'please contact my credit card company to report fraudulent activity on
5898	what is today's date
5899	can i get some funds to pay my utility bill
5900	how far can i go on one tank of gas
5901	is an international visa needed to go to cyprus
5902	let me know how old you are
5903	what is the most recent info for my request for vacation
5904	i need a room in indianapolis near the track from may 2nd through the 5th
5905	when ought i get my tires changed next
5906	the credit limit i have needs to be changed
5907	search for the nearest atm to newark penn station, newark in new jersey
5908	how are those mcdonald's reviews looking
5909	what all can i ask you
5910	how is the weather in miami
5911	can i use water instead of milk
5912	i would like to hear a funny joke
5913	are any meetings booked for today
5914	i want to hear my shower playlist
5915	i'll require a rental car from 3/6 - 3/19 in san jose
5916	is it possible to cancel the reservation at outback for the johnsons
5917	do i have meetings from 1 to 4 today
5918	add games without frontiers to my week 5 playlist
5919	what do i need to change my oil
5920	tell me how to improve my credit score
5921	add a block to my capital one bank account so it cannot be used any more
5922	what have car repairs ran me this month
5923	does mexico travel require a visa
5924	please clear entries on my calendar for the 1st
5925	make a new alarm for 6 in the morning
5926	what is the total amount of my starbucks rewards balance
5927	did my order ever get distributed today
5928	how do you convert pounds to kilograms
5929	what are the gps coordinates where i am located
5930	what kind of entertainment is available in chicago
5931	call 911
5932	i no longer want this phone to sync
5933	i need you to roll an 8 sided dice
5934	what is the correct spelling for malignant
5935	will you tell me the interest rate
5936	set the volume to 4 now
5937	are my doors in the locked position right now
5938	what do people say about village inn
5939	please tell me the name you use for me
5940	show all purchases of video games
5941	when asked who you work for, what would you say
5942	play the next song on this list
5943	what is my cable bill minimum payment
5944	you've been a great help
5945	create an alarm for 9 am and another one for 11 am
5946	take frozen food off my shopping list
5947	nope, that's false
5948	what is 562 times 400
5949	where is the w-2 form located
5950	what kind of outlets does havana have
5951	what is the meaning of supercede
5952	i need to order new checks
5953	add my birthday to my calendar for next month on the 5th
5954	how many gallons of gas are in my car
5955	where is my gas level right now
5956	help me set up direct deposit to my bank of hawaii checking account
5957	what are the things you like to do for fun
5958	i need to schedule a meeting with mae at 5pm
5959	will pepper work instead of salt
5960	check chase bank for my checking balance
5961	let's go over the list of items on the to do list just to be sure we got it all
5962	let's roll some dice
5963	how much did i spend shopping for clothes today
5964	is it going to be sunny today
5965	what is 13 times 45
5966	please repeat what you said
5967	create a reminder to give the cat her flea medicine
5968	what were those things i was trying to remember
5969	what type of fuel should i use in my car
5970	why did my card get declined at the dentist office
5971	suggest a meal from italy to me
5972	i need to know who programmed you
5973	will i be charged extra for using my card in spain
5974	would you change your accent to the male british one
5975	could i rent a car from tuesday to thursday out of lax
5976	share some information about your pets with me
5977	i need you to schedule an alarm
5978	i need to add the chore of vacuuming to my task list
5979	what is the current credit limit i have on my wells fargo mastercard
5980	place call to robby
5981	create alarms for 8 pm and 9 pm
5982	when will i be off again
5983	the next holiday is when
5984	give me some restaurant suggestions
5985	can you alert me at 6 in the morning
5986	sayonara
5987	can i substitute salt for pepper
5988	what interest rate am i getting
5989	go ahead and close the reservation
5990	is it ok to substitute spinach for lettuce
5991	rename yourself to betty
5992	thanks a lot for the answer
5993	please play the song that goes like hey jude don't make it bad
5994	tell me the apr on my mastercard
5995	please report my stolen card
5996	thank you a lot for that answer
5997	want 5 minute timer
5998	i need you to pair with my phone please
5999	current date
6000	how do i jump start my vehicle
6001	what's on my schedule for may 3
6002	tell me if boston restaurant has good reviews
6003	how long will the wait time be at the cheese cake factory
6004	inform bill and craig of my location
6005	i need to uber somewhere
6006	maybe, maybe not
6007	where do i redeem my credit card points
6008	i need alarm for both 4am and 7am
6009	how do i report a fraudulent charge on my visa
6010	look up the calories in an apple
6011	on the fan
6012	what is the cars mpg on the highway
6013	who has the tax form that shows my wages
6014	i need a 10 sided die rolled
6015	i need to know how to spell superficial
6016	i want to hear satisfaction
6017	what is our purpose here on earth
6018	how to set up direct deposit for paychecks
6019	can you get me any recommendations for the place i'm traveling to
6020	which subjects can you tell me about
6021	for the love of all that good change your accent
6022	thanks for the help
6023	what is 10 ounces in grams
6024	is there a way i can change the name you use to address me
6025	can i increase the credit limit for my american express card
6026	please repeat yourself
6027	what shots do i need before going to africa
6028	can you change the volume to 4
6029	i need to know when my oil was last changed
6030	i need to know what adumbrate means can you look it up for me now
6031	are there meetings schedules today between noon and one
6032	my starbucks rewards balance is
6033	transfer fifty dollars between my chase and bank of america account
6034	for what reason is my account blocked
6035	how do i report my card if it got cut in half
6036	how many vacation days have i saved up
6037	i prefer to go by brad
6038	what are some easy ways to make my credit score better
6039	how would i say, 'i don't know the answer' in spanish
6040	how much can i spend on my visa card
6041	make a timer for 5 minutes
6042	has my vacation request been acknowledged
6043	get me a flight for tuesday on spiritcom to las vegas from chicago
6044	i want to know the bofa routing number
6045	how long do the brownies need to be in the oven
6046	how much money did i spend yesterday
6047	my luggage has not arrived and i would like help locating it
6048	will i receive a fee if i use my card in ireland
6049	tell me how many days i've taken off at this point
6050	i have a new job, help me with my 401k rollover
6051	what's your country of origin
6052	how much are my state taxes
6053	can you suggest to me any meals from nigeria
6054	does the bellagio have any reservations
6055	am i able to rollover my 401k
6056	please show me what transactions i made on the first of this month
6057	find auto store that tests dead car batteries for free
6058	what percentage of gas do i have left
6059	show me where i am on the map
6060	how many miles before i run out of gas
6061	i need help figuring out a new credit card to get
6062	what meetings do i have today
6063	what is the status of my purchase
6064	rename bob to betty
6065	whats pesos australian dollars in 20
6066	find out why my card declined yesterday
6067	i need an uber to get to dulles airport
6068	what kind of gas does my car take
6069	is there any way to change the date of my oil change
6070	if i'm trying to get to heinz field, how long would it take by bus
6071	add song to my hype playlist
6072	what's the nutritional info for pizza
6073	how is the word umbrella spelled
6074	could you please tell me a good joke
6075	what time is it in the mountain standard timezone
6076	please order more checks i just used the last one
6077	text my boss for me and tell them i will be a little bit late
6078	i think that's false
6079	what's the minimum payment for my internet bill
6080	can you play right above it
6081	one cup of almonds has how many calories
6082	you are wrong
6083	can you go back to my original settings
6084	is cleaning the garage on my to do list
6085	what are the nutrition facts for a medium popcorn at the movies
6086	i would like to change the pin on my checking account
6087	place a call to father callahan
6088	please don't speak so fast
6089	what's the number of day's i've taken off
6090	can you tell me the name of the insurance plan i'm a member of
6091	who created you
6092	that is not true
6093	i need to cancel my reservation for 2 at franklin's grille
6094	please let me know how much my gas bill is
6095	what's the due date for the credit card
6096	can you recommend a decent place in chicago to get pizza
6097	what are the steps for setting up direct deposit for my paycheck
6098	and what are the taxes
6099	find my next payday
6100	do i have to pay amex transaction fees in brazil
6101	how many tablespoons are there in half of a cup
6102	are there any openings in new york city from april 2 through april 8
6103	the statement is true
6104	whats the meaning of life
6105	my friends call me sam
6106	id like a rental car in denver colorado between january 1st and january 3rd and id like a ford if possible
6107	find and book a hotel in md, baltimore starting on the 7th to the 9th
6108	how to see my credit score
6109	hey, flip me a coin i call tails
6110	what is the colour of your pets
6111	what is the timezone in las vegas
6112	is there a minimum gas grade this car needs
6113	how long until i should have my tires replaced
6114	i need to get a flight out of denver to houston on friday for under $250
6115	what is the square root of sixteen
6116	can you get me a table for 5 at johnnys
6117	was my day off request approved
6118	how can i build up my credit score
6119	go ahead and book a reservation for 8 pm at red robin under the name kevin
6120	is my savings interest rate too low
6121	is the beltway backed up in traffic on saturday mornings at 11 am during the cherry festival
6122	can you share my location with mom
6123	can you tell me what 30% off 235 is, please
6124	i need to book a hotel in ny, queens arrive on 8th and leave on the 13th
6125	tell me how to set up a direct deposit
6126	what's the nutritional info for a ganola bar
6127	looks like someone made an unauthorized charge to nike on my account
6128	tell me my scheduled meetings for today only, please
6129	how many euros can i exchange for 200 yen
6130	let me know the status of flight dl123
6131	in france do they require socket conveters
6132	repeat your last message
6133	how do i find information about my credit score
6134	find me cat trivia now please
6135	do you have any funny jokes
6136	what was the issue with my card yesterday
6137	tell me about this cars fuel economy
6138	i wanna apply for a new credit card
6139	are my tires requiring a fill-up
6140	how can i say not now in spanish
6141	both maybe
6142	so what do you do at free time
6143	what pets do you currently own
6144	i wish you were here earlier
6145	what kind of oil do i need to use for my car
6146	what's my pin for my fidelity account
6147	what am i listening to right now
6148	nice, excellent!
6149	when don't i have to work next
6150	where would my phone be
6151	can you put oranges on my shopping list
6152	yes, that is true
6153	tell me a random fact
6154	what's the mpg for the car when it's on the highway
6155	this was a nice chat, goodbye
6156	what kinds of hobbies do you enjoy
6157	what place were you born at
6158	will this trip require vaccines
6159	please go to the song after this one
6160	let me know my march 2 calendar
6161	i want to know what song is playing
6162	can you tell me the song we are listening to
6163	can you tell me my routing number for summit
6164	please reserve a table for 4 at red robin under the name kevin at 7
6165	tell me how do i schedule a meeting
6166	i would like to try and confirm that i have a reservation at kelly's for moreno
6167	what does 6 x 1 equal
6168	tell my something funny
6169	how soon until my tires will need to be changed
6170	how can i have my paycheck directly deposited in my account
6171	are there any travel alerts for north korea
6172	slow your roll
6173	can you help me with my 401k rollover since i got a new job
6174	what type of gas does the car use
6175	can i get a jeep to rent in bangor from the first of the month to a week after the first
6176	what's the purpose of existence
6177	i'm out of bananas; add to shopping list
6178	set a timer for fifteen seconds
6179	i have a fraudulent transaction from wal mart on my account
6180	tell me what's on my shopping list
6181	if i were mongolian, how would i say that i am a tourist
6182	how do i cook boiled eggs
6183	how do i report a lost card
6184	speak at a slower rate
6185	do i need a travel visa for the uk
6186	put 'get tires checked' on my calendar
6187	how do i set a timer
6188	how old are you ai
6189	what is your birthday again
6190	play me some tunes
6191	please call me johnny
6192	can you tell me what 30% off 235 is
6193	what benefits does my insurance have
6194	how can i rollover my 401k at my new job
6195	how long to replace a credit card
6196	can you find the exact address for where i am currently
6197	i need to get on a new united healthcare insurance plan
6198	am i low on gas
6199	i do not have pizza so will you order me some more
6200	i think my luggage is stolen
6201	tell me how good the apr is on my card please
6202	are things going well for you
6203	what am i known as to you
6204	tell me the calorie content of an apple
6205	please tell me the name i should use when talking to you
6206	on the tv
6207	good day
6208	can put fan on
6209	do you know ho many vacation days i currently have
6210	are there any fees for using my amex in england
6211	i didn't hear say it again please
6212	what is the amount of vacation day i have used
6213	what is the way to say thank you in spanish
6214	i need my luggage found, i was on delta flight ab123 out of san francisco
6215	i need to report my card as stolen, who do i tell
6216	i require a coin flip
6217	tell me something funny about americans
6218	what are you, a bot or human
6219	make your speech slower than now
6220	would you be willing to add bread to my shopping list if i haven't already
6221	what's the nutritional info for french fries
6222	ingredients needed to make a mexican lasagna
6223	you can cancel my reservation
6224	how can i go about cashing in rewards with discover
6225	what is the proper fuel type for my car
6226	what's this car do for fuel economy
6227	should i buy a plug converter if i am traveling to egypt
6228	can you please speed up your speech settings
6229	i wish to add this song to my classical playlist now
6230	how do you say hello in japanese
6231	i need more checkbooks for my chase account
6232	start my playlist
6233	how do you spell asian
6234	change the language you're using to american english
6235	how are my tires
6236	what's the right way to spell miscellaneous
6237	what is my income
6238	i want you to connect using my phone
6239	find repair shop that will diagnosis dead car battery
6240	how were you made
6241	and what would your name be
6242	set a reminder for me to take my meds
6243	i need some good suggestions for peruvian cuisine
6244	what is the limit on my victoria's secret card
6245	i need more cat food, please order some
6246	make me a reservation for 5 at coral for 10 pm immediately
6247	what should i put on the timer to cook this dish
6248	does my navy federal card have international transaction fees
6249	what type of gas do i need for this car
6250	is there any good place for mexican food in hawaii
6251	book me a rental car in aiken on may 12 to may 16
6252	do i need a socket converter if i'm going to mexico
6253	does england have a different plug type and if so what is it
6254	what can i do since my car battery died
6255	can you speak slower please
6256	can you translate i love you into french for me
6257	what did i do with my phone
6258	see ya later
6259	what is my health plan
6260	what is the best thing for me to do to improve my credit score quickly
6261	i want to redeem my card points for cash
6262	is the level of fuel in my car enough to get me to work
6263	let me know what names you have for me
6264	what interest rate am i getting from chase
6265	please use whisper mode
6266	i know it could be either one
6267	count how many sick days i've used
6268	tell me my car's tire pressure level
6269	tell me when i received my most recent paycheck
6270	tell me what is on my reminder list
6271	you can remove the field trip from my calendar for march 12, 2019
6272	give me the specifics on my federal taxes
6273	what name should i refer to you as
6274	what is my ac set to right now
6275	how is doctor spelled
6276	i'd like to confirm that i have a reservation at red robin for josh
6277	do i have any personal days left
6278	i need to know what i have on my shopping list
6279	are there any holidays this month
6280	that's not right it's false
6281	please go back to the original settings
6282	how can i cash in on the rewards i earned through my american express card
6283	take me out of whisper mode
6284	check maps for my location
6285	tell me the bill's minimum payment
6286	please change your language setting to russian
6287	how much have i spent on food in the past week
6288	how's my gas mileage in citys
6289	what are the best restaurants
6290	have you heard any great jokes lately
6291	i can not thank you enough
6292	can i put in a vacation request with you
6293	how many delta miles are on my card right now
6294	can you switch out of whisper mode
6295	is it safe to fly to russia
6296	are there any meetings for today on my calendar
6297	can you help me switch insurance plans
6298	when will i get to my destination
6299	please tell me my spending limit
6300	cash in my credit card points
6301	define zesty
6302	where can i find a w2 form
6303	what hobbies do you like doing
6304	how much is 500 dollars in pesos
6305	can i give you instructions in japanese
6306	please help me figure out where my lost phone is
6307	how many points do i need before i can redeem them
6308	who fabricated you
6309	i need you to pair with my phone
6310	how can i create a meeting
6311	tell me the plug type that is used in scotland
6312	make sure to add to my calendar the staff meeting for march 1 at 10 am
6313	thank you for your time
6314	purchase me dog food
6315	what's my current mpg
6316	how do i convert tablespoons to cups
6317	i'm out of fabric softener so will you order me some more
6318	what is the apr to my credit card
6319	what food from italy do you suggest
6320	i need to report credit card theft
6321	suggest something for me to make myself for dinner
6322	please help me increase my mastercard credit card limit
6323	is there anything available in new york city from april 2 through april 8
6324	please go ahead and flip a coin
6325	go ahead and flip that coin, i choose heads
6326	can you tell me the routing number for my chase checking
6327	can i afford a new tv from my savings account
6328	can you please slow down
6329	how can i make changes for my insurance policy
6330	thanks
6331	show me all gas purchases within the last month
6332	make arrangements for me to get my oil changed
6333	is there an option to speak only in mandarin
6334	there seems to be fraudulent activity
6335	what did i spend at bath and body works last month
6336	i need to know what day i need to pay my water bill
6337	can you explain why my card was declined
6338	i want to get reminded to clean my room
6339	schedule an oil change for me
6340	i want to know when a bill is due
6341	i want to be called mollie
6342	could you check and see if my credit card application has been processed and approved or not
6343	how is that credit limit
6344	what are the benefits i get for my health
6345	please begin pairing with my phone
6346	i wanna know something funny
6347	what octaine is recommended for this car
6348	has my credit card application been received, or what is its current status
6349	can you get me a table for two for 8:00 pm at parc
6350	hey computer, make a reservation for 2 for my parents at red lobster on wednseday next, 2:00pm if possible
6351	do i have anything on my todo list about shoveling snow
6352	let me know how much money i will need to spend on paying bills
6353	have i spent too much of my paycheck on donuts lately
6354	how do you say hello in mexico
6355	how long do i have to pay the gas bill
6356	i need you to confirm that there is a reservation under the name david kramer for 7:00 pm at pietro's
6357	text someone
6358	please play the next song on this playlist
6359	what's my account balance
6360	is bacon on my shopping list, add if it's not
6361	i need to order more checkbooks for my capital one account
6362	have you any pets
6363	what do you do for fun alexa
6364	what is my annual percentage rate
6365	get my credit score
6366	does the restaurant michael's take reservations
6367	do i need to get any shots before visiting family in seattle
6368	will my plugs work in barcelona
6369	i think i want your name changed to fred
6370	how can i increase my aa credit card limit
6371	what must i do to report my card lost
6372	there is an unauthorized transaction on my bank of america checking
6373	remind me to call my mom
6374	the staff meeting on march 1 at 10:00 am needs to be added to my calendar
6375	go to the next song now
6376	usd to yen is what right now
6377	hold on what was that you just said
6378	where do i go to look at my credit score
6379	change my pin number for my checking account
6380	i enjoyed our talk, goodbye
6381	i was on american airlines flight ab123 out of houston and i can't find my luggage
6382	do i have plans on 12/03/2019
6383	i need to rent a car in chicago but don't know how
6384	naw
6385	i would like to know the credit limit for my citibank card
6386	what hobbies do you like to partake in
6387	i want you to use whisper voice now
6388	i'm going to the movies book an uber for 6 people
6389	what amount of time will pass in order for a person at our location to take bus to detroit
6390	please, can you set the timer for me
6391	i need to know how to say hello in france
6392	i let my bank know that i'm traveling to greece from march to april
6393	what ingredients do i need for philly cheesesteaks
6394	how much can i buy on my discover card
6395	ai, please roll the dice
6396	cancel my 8:00 pm prime rib reservation
6397	i must know the nutritional info for grapes
6398	how much tax do i pay
6399	what are you hobbies
6400	what's the nutritional info for a cheeseburger
6401	i need to know the items on my shopping list
6402	what do i have planned on my calendar for next sunday
6403	do you know what the latest is with my credit card application
6404	what's the way to cash in my rewards for my citibank card
6405	how do i see me rewards for my chase card
6406	you were made where
6407	how low should the tread be on my tires to replace them i bought new tires four years ago
6408	how much can i max out on my visa
6409	if i go to canada next month do i need a visa
6410	i need to know how to make philly cheesesteaks
6411	when will my aa flight be landing
6412	how to solve this math problem
6413	perform a search for my most recent balance on my amex account
6414	do you think longhorn steakhouse will be busy at 5pm
6415	what is on my schedule between 10:00 am and 11:00 am
6416	how can i order more checkbooks by mail
6417	hmmm, either could be a choice
6418	would you say you are working for me
6419	how do i go about applying for a macy's credit card
6420	can i change you name to gretchen
6421	don't have any idea
6422	what can i do to maintain good credit
6423	do you know your name
6424	what's the weather like right now
6425	what timezone is sacromento in
6426	who directs your labor
6427	are you a live human being
6428	yeah, that's how it is
6429	your name from this point forward is george
6430	how do i apply for a visa card, please
6431	where is the list of my insurance benefits
6432	why cannot i take any money out from my bank account
6433	i want you to reset to factory settings
6434	when was my last payment
6435	i was at walmart when my card was declined i was only trying to buy some candy
6436	what sorts of hobbies do you enjoy
6437	how much time will riding the bus to downtown take
6438	what's on my agenda for tomorrow
6439	have i been spending more money at restaurants
6440	how is the ai doing
6441	what's the minimum i can pay on my sewer bill
6442	let me know what's on my list of reminders
6443	i want your volume decreased please
6444	what is let it be mean
6445	can you schedule a meeting with james at the office, please
6446	tell me flight dl123's statud
6447	i need to know when i should replace my tires next if i last replaced them on june 2
6448	turn the tv to on right now
6449	find the best life insurance for me
6450	what is the most unique piece of trivia relating to cameras
6451	dates for my car in the shop
6452	do you know when the best time for me to change my tires next would be
6453	how can i find the current interest rate for my account ending in 9012
6454	can you suggest a restaurant for me to eat tonight
6455	do you know why my account appears to be blocked
6456	what is the definition of my health benefits
6457	what is the quantity of dollars i receive for trading 6 yens
6458	i wanna swap salt for baking soda
6459	can i redeem my credit card points to cash
6460	i am hungry and need a restaurant suggestion
6461	where do i report fraud on my credit card
6462	is waffles on my list for shopping
6463	i gotta schedule some car maintenance
6464	tell me something funny about animals
6465	what was the date when i last had my car inspected
6466	would you add bananas to my shopping list as i am out
6467	i need a w2 form, how do i get one
6468	schedule me an uber to the mall
6469	how long should i cook ham for
6470	i want to use the female voice now
6471	how do i set up direct deposit to my bank of hawaii account
6472	please confirm my reservation for feburary 21st at 6pm
6473	do i have enough fuel for the drive to tampa
6474	my bags didn't make it to the new orleans airport
6475	could you make a flight reservation with air emirates from orlando to london
6476	i want you to repord my card as lost
6477	can i have your name
6478	i can't seem to find my gold card and want it reported as lost
6479	i want to hear a male british accent
6480	check my calendar for march 4th 2019, please
6481	what is my citigroup card's rewards balance
6482	find me an asian restaurant
6483	roll a pair of dice
6484	set my alarm for eight tomorrow, please
6485	can i get beer within my deposit account
6486	what's the amount of time since having my car given a once over by a mechanic
6487	pay my electric bill from my amex account
6488	what is the apr on my american express card
6489	is being alive the meaning of life
6490	how about any bookings in new york city from april 2 through april 8
6491	please delete the items on my to do list
6492	i need a recipe for beef
6493	what kind of plug do i need for my razor in ireland
6494	can you repeat what you said
6495	what oil do i need for my honda crv and how do i change it
6496	what is the bare minimum for my truck payment
6497	i have no earthly idea at all
6498	does ihop have a lot of business around 7 am
6499	that’s actually wrong
6500	how much did i spend the past 3 days
6501	how long to cook a frozen pizza
6502	please find the benefits provided by my insurance
6503	what's the current apr for my mastercard
6504	i spent what dollar amount last month on mastercard
6505	give me the date my bill is due
6506	i need an airline ticket for a round trip flight from philadelphia to atlanta for the dates of june 5 - 8
6507	i need an address for the closest starbucks to home
6508	i want to roll some dice
6509	what's the quickest way to a bank
6510	i would like to request that more checkbooks be mailed to me
6511	my damage card will not work
6512	i would like to know if i can put a pto request in for march 19 to march 20
6513	i would like for you to confirm my reservation for red robin at 5 pm
6514	i ordered new light bulbs online when will they get here
6515	make a reminder to give the cat her flea medicine
6516	the date tomorrow is what
6517	look up when my flight is set to start boarding
6518	whisper please
6519	could you tell me when you were born
6520	what is the smallest i can pay on the water bill
6521	how do i get a personal w2 form
6522	i need to know when my flight is landing
6523	what will my state taxes cost
6524	what is the lowest amount i can pay for my electric bill
6525	take 100 dollars from checking and send it to savings
6526	let's add wonder by hillsong united to my playlist
6527	how much money did i use to spend on catering five hours ago
6528	thanks for answering my question
6529	i hope i have enough money in my chase account to buy new clothes
6530	make sure my calendar is clear for june 1
6531	i'd like to rent a vehicle from nov 1st to nov 15th in san antonio and i need a 15 passenger van
6532	for what person do you work
6533	where is starbucks
6534	tell me the meeting schdule please
6535	silence
6536	put on my shopping list i need carots
6537	please increase your speaker volume
6538	i need to know the routing number for my checking
6539	append my playlist with smooth operator by sade
6540	what is 13 times 57
6541	i want to practive changing oil
6542	my visa was stolen
6543	what things can i do to increase my credit score
6544	what's the amount of calories in a cheesy omelette
6545	what's the current count of my pto days
6546	the dog chewed up my card, will you find out what it takes to get a replacement
6547	what is an 18 percent tip on 20 dollars
6548	i want to find out how do i schedule a meeting
6549	i need to know my income
6550	what is 1785 minus 334 minus 87 plus 374 minus 400 plus 17
6551	i'd like to know where you're from
6552	what is the expiration date on my visa card
6553	i want a meeting to be scheduled
6554	what does subway use to make a cold cut combo
6555	is a toothbrush on my shopping list
6556	tell me the reviews for chipotle
6557	book a flight from sacremento to tampa two weeks from now and returning a month after
6558	i'd like to know about setting up direct deposit
6559	give recommendations for thai food
6560	talk to me in a speedier manner from here on out
6561	i want us to speak to each other in spanish from now on
6562	how we stop my account
6563	create a timer that is set to go off after 25 mins
6564	i am thankful for your help!
6565	please tell my bank that i will be traveling abroad
6566	there's been some fraudulent activity on my card
6567	what's the currency conversion between rubles and dollars
6568	is it possible to use sausage instead of hot dog
6569	what benefits are available with my insurance
6570	check my visa account and see if i have enough money for dinner tonight
6571	can you check to see how busy that restaurant is for dinner
6572	play heart shaped box
6573	can you tell me the nutrional info of a big mac
6574	set the timer for me please
6575	i need a really good recipe for making doughnuts
6576	what is the credit card apr at the moment
6577	would you tell me a joke
6578	what's this song called
6579	choose heads or tails and tell me what you came up with
6580	would you tell me what kind of pets you have
6581	what kind of ingredients go into the chicken a la king
6582	define flange
6583	what's the expected time to have a stolen credit card replaced
6584	if i go to brazil, do i need to get an international visa
6585	i want you to stop your present action
6586	do i have to pay international transaction fees when i use my chase card
6587	please tell me why did my card not get accepted
6588	in what month will my card reach expiration
6589	i need to know what my to-do list is looking like
6590	i want whisper mode
6591	subtract 85 from 997
6592	what type of plugs do they use in london
6593	what does it look like i will be paying in federal taxes this year
6594	what's the damage on my federal tax return
6595	i need an uber for 6 people to the movies
6596	when did you come to exist
6597	i'd like to change the ai name
6598	when am i due for a tire change
6599	what am i called by you
6600	how do i get to the bus stop on foot
6601	can you get me a recipe for mashed potatoes
6602	can i call you betty
6603	i think that's true
6604	can you find me a recipe for coffee cakes
6605	please call me by this new name
6606	how do i make chicken alfredo
6607	what is the date i get paid
6608	what hobbies do you enjoy in your free time
6609	i wish to know why my card was declined
6610	where would my w2 be found so i can do my taxes
6611	would late payments hurt my credit
6612	do i need a visa to go to cancun
6613	set my oven to 350 please
6614	please confirm my reservation for morton's at 5 pm
6615	how good are the review for yardhouse
6616	please text nancy and give them the message that i am on vacation
6617	how much are the foreign transaction fees in brisbane
6618	who froze my bank account
6619	please reserve a table for 2 at lucky's under the name melissa at 7 pm
6620	please make a pto request from dates september 1 to 15
6621	what can't i carry-on to delta
6622	can my car get to reno with the gas currently in my tank
6623	my vacation to spain is coming up and i need my bank to know
6624	i am in need of an uber to the hospital
6625	am i speaking with a real person
6626	i want you to call me pam
6627	i want to find out what my credit score is
6628	set a timer for 35 minutes
6629	i have to have a text sent
6630	i need to know when was the last time i had my car checked out for a tune up
6631	tell me my first national account's routing number
6632	give me a fun fact about otters
6633	can i book a hotel in new york city near times square from 3/1 until 3/5
6634	how are british plugs
6635	what is the apr on my master card
6636	i need to make a reservation for 8 pm at red robin for 3
6637	schedule an uber for 3 to go to the airport
6638	what shots do i need to get in order to travel to khartoum
6639	does black bear diner in tracy take reservations
6640	i want to call you maggie
6641	i have to call the commander
6642	what is the total amount of tax deductions from my income
6643	can you help me book a car rental in paris
6644	who is your creator
6645	switch from the male to the female voice
6646	how would i say thank you if i were russian
6647	please play the new lady gaga song
6648	how much have i spent on groceries recently
6649	tell me the name of this song
6650	i'd like direct deposit to my chase bank account
6651	cant say
6652	what do you i need to make pizza dough
6653	please turn the volume to 4
6654	how can i switch the pin on my wells fargo account to 9982
6655	i would like to know the kind of gas that this car uses
6656	remind me tommorow at 3pm i have a doctors appointment
6657	i want you to tell me about my income
6658	tell me when my car last had its oil changed
6659	please tell me if my vacation has been approved or not
6660	how do i get my pin number, i forgot mine
6661	give me the plug type for the country
6662	where should i go out for food to
6663	can you spell 'diatribe' for me
6664	make the sound of my speaker greater
6665	how fast can i get to target in trenton
6666	how much on bills to i have to pay
6667	what should i have for dinner
6668	where are rewards from my visa card visible
6669	what date will it be 8 days from now
6670	someone is charging my card for playstations, and it's not me! what do i do!
6671	i need to rollover my 401k to a new job
6672	i can't hear you
6673	i need you to disconnect from my phone
6674	could you let me know how many pto days do i have left
6675	what's the time in anchorage timezone
6676	what do i need to do to get an american express card
6677	whisper to me
6678	can you make a phone call to kevin
6679	please let me know how much my bills for comcast and sprint total
6680	i think there has been a fraud on my black visa card, can i report it
6681	i need to obtain and uber
6682	how do i change my oil and choose the right oil
6683	the name you should call me is janet
6684	please play me the song that starts out with doo doo doo
6685	i need everything ordered on my shopping list
6686	i would like to have language set to spanish, please
6687	can you answer all types of questions
6688	yes, that is right
6689	the next time i change my oil, when should it be
6690	do you know any greek dishes i could make for dinner
6691	true, most definitely
6692	is there enough in my savings account to get a new tv
6693	hey
6694	i don't know why my check engine light is on, i need a mechanic
6695	what's the cost of my dte bill plus my electricity bill
6696	may i take a pto on february 7 and 8
6697	add apples to my to do shopping list
6698	will my order be here by saturday
6699	what did you just ask
6700	do i have to have a visa to go to denmark
6701	are there ways for me to make my credit score better
6702	any recommendations for a greek dinner
6703	i need to schedule a car repair
6704	that is actually false
6705	it could be one or the other
6706	how can i roll over my 401k
6707	can you read me my list of reminders
6708	what transactions happened in the last week
6709	no, that's not right
6710	show me how to change my oil
6711	speed your speech up
6712	do you know any fun facts about shampoo
6713	filp a coin, i call heads
6714	what's delta's carry on policy
6715	do i need an international visa to go to malaysia
6716	find a chow mein recipe for me, please
6717	tell me when i have to pay my bill
6718	do i need an international visa to go to hong kong
6719	use my savings account to pay xfinity
6720	give me trivia about bats
6721	youre a doll
6722	i need to get my tired checked at one of the location
6723	what are the steps to jump start my car
6724	share my location with darren and stacey
6725	can you give me a recipe for german chocolate cake
6726	how to change oil of a car
6727	can you make a note for my next oil change
6728	help me find somewhere to schedule a check up on my car's tires
6729	do you go by any nicknames
6730	help me buy a black iphone7
6731	how much air do i have in my tires
6732	are you my worker
6733	what are some good places to eat at
6734	tell me a joke about cats
6735	when should i replace my tires if i replaced them last year
6736	where did you come from, originally
6737	what do the ratings say for black bear diner
6738	how high is my spending limit on my wells fargo card
6739	how much interest am i getting percentage wise from chase
6740	is las vegas a safe place to visit
6741	i want to make pork barbque but do no know how
6742	what's my bank balance
6743	what was the date of my last paycheck
6744	why can't i log into my bank account
6745	i want a hotel room for 6 from the 1st through the 3rd in seattle
6746	what are my gps coordinates right now
6747	how much time to drive to the closest bank
6748	everything needs ordered off my list
6749	please suggest a meal from italy to me
6750	how do i fix my card being declined
6751	can you check to see if my order has been delivered, please
6752	what is the gas mileage on a ford falcon
6753	i need what ingredients for meatloaf
6754	so tell me the pin number
6755	can you make an appointment for an oil change
6756	let me know my bank of america routing number
6757	change accent to male british
6758	on my vacation request, what is the latest information
6759	in bst timezone, what time is it
6760	remove the sync from my phone
6761	are french fries health or not
6762	find list of ingredients i would need to bake a funnel cake
6763	what things do you do for fun
6764	what location did you originate at
6765	not a clue
6766	your efforts don't go unnoticed
6767	i need to know the weather
6768	i want to make sour dough bread please find a good recipe for me
6769	timer 5 minutes
6770	what's the usual time to get a new card when your previous one was lost
6771	how does this cars mpg do on the highway
6772	roll a die with 6 sides
6773	could you help with booking a car rental for me in seattle
6774	minimum to pay on power bill
6775	what is the minimum payment due on my visa
6776	can you let me know my latest transactions
6777	call an uber to mcdonalds
6778	tell me my tax rate
6779	is chocolate good for you
6780	what types of hobbies do you enjoy
6781	speak in the language english
6782	can i have my credit limit changed
6783	what time is it in las vegas, nv
6784	what is your country of origin
6785	please look to see if paying bills is on my reminders list currently
6786	what does indignation mean
6787	please inform me the gas i need to fill this car up with
6788	schedule family dinner on my calendar on march 8
6789	is checking the mail on my list of reminder
6790	do they take reservations at mendy's
6791	where were you before moving here
6792	i did not hear you
6793	where can i get my w2 from for tax reasons
6794	where can i get the employment form i need to do my taxes, please
6795	how many day off i have taken
6796	go ahead and switch to the female voice
6797	what are the fees to use my card in nigeria
6798	are there any reputable car rental places in seattle
6799	what's the status on my vacation approval
6800	please list my total spending on grocery shopping for the last two months
6801	where is a beef recipe
6802	add hells bells by acdc to my playlist
6803	does my great western bank account allow me to order more checkbooks
6804	reserve a table for 6 at morton's under the name jaime at 8:30pm
6805	will you roll a 12 sided dice
6806	from here, i take this bus to go to brooklyn and how long is the commute
6807	can you remove this event from my calendar
6808	do you know if my vacation request has been approved
6809	please inform me on my current vacation request status
6810	what are my insurance advantages
6811	how many miles per gallon does it get on the highway
6812	are you older than me
6813	ai, where do i go to order checks for my usbank account
6814	how long does it take to get to phoenix by bus
6815	when were my tires changed
6816	tell the bank i'm traveling between denver and la
6817	what's the balance of my reward points on my discover card
6818	can you find my lost phone
6819	who plays this song
6820	what's the amount of time i've taken off work this year
6821	ai, how many months old are you
6822	in brooklyn, i need a hotel room for 4 from 3/15 until 3/20
6823	could you book me a hotel in afghanistan at the zoo for the 10th to the 15th
6824	how is everything going
6825	will the restaurant be busy at 5pm
6826	will car rentals be available in boston from march 2 to march 4
6827	set a reminder
6828	how much is my bill for capital one
6829	what transactions do i have on my visa from the last 4 weeks
6830	search google for how to set up direct deposit
6831	how much have i spent on starbucks since the beginning of 2019
6832	how can i keep my credit score from going down
6833	find if there are any travel alerts for canada
6834	i need an uber reserved to take me to the restaurant
6835	are there any good chinese restaurants open right now
6836	what is 2/3 x 1/9
6837	i would like the volume lower
6838	the song on speaker is what
6839	find me a place to stay in cali november 11 to 15
6840	your name is
6841	how should i go about improving my credit score
6842	can you create a reminder
6843	when is my chase visa due
6844	i believe that's true
6845	how can i get my w2 to do my taxes
6846	i need help to make changes to my insurance policy
6847	are you a computer
6848	how many tablespoons are in a cup
6849	yo, hows it going
6850	i wanna know the gad i need to fill this car up with
6851	can i make reservations at spago in beverly hills
6852	are my tire's air pressure good enough to drive on
6853	alert me in 20 minutes
6854	does march have a holiday
6855	will my 401k carryover or not
6856	who do i go to to find lost luggage
6857	how many pesos can i get for one dollar
6858	can you confirm i have a reservation at 5 pm on march 13th
6859	how do i use reward for my first hawaiian bank
6860	please go back to your factory settings
6861	tell me the minimum payment of my bill
6862	how would you convert yards to inches
6863	start playing the next track
6864	i want to put in a request for pto from may 5 to may 12
6865	tell me what today's date is
6866	what day is it
6867	i may have had fraud committed on my account
6868	did i put cutting the grass on my todo list
6869	can you assist with my utility bill payment
6870	what kind of electrical outlets do they use in z
6871	what is the best way to insure that my credit score doesn't decrease
6872	what do you like doing in your free time
6873	remind me to do something
6874	do a coin flip
6875	tell me how to make ramen
6876	what do you answer to
6877	go to next song, please
6878	i need any relevant travel alerts for australia
6879	i need an uber that fits ten people to go to chipotle
6880	are there any travel alerts for syria
6881	what you are doing is not actually helpful, please cancel the action
6882	book me a hotel in seattle near the space needle from march 3rd to 5th
6883	what is the total of my repair bill
6884	can i ask you all different types of questions
6885	what to do if i lost my luggage
6886	which types of questions may i ask you
6887	i would love to know when my flight is going to land
6888	i can't use my damaged card
6889	what are you able to do
6890	what are the pets that you take care of
6891	please call me frank from now on
6892	what are the conditions like in orlando
6893	i really thank you
6894	how many mpg does an equinox get
6895	put rice and pudding on my shopping list cause i need them
6896	i want to change to male voice
6897	what is the apr on my amex card
6898	are you a person in real life or programmed ai
6899	can you help me find my w-2
6900	what time is it in daniel boone national forest timezone
6901	can you tell me the nutritional content of chicken nuggets
6902	show me my credit score
6903	how do i change my current insurance to a new plan with lower co-pay
6904	i need you to reset to your factor settings
6905	i need a block placed right away on my joint checking account
6906	please make a phone call to christopher
6907	can you stop
6908	what time is it over in pacific time
6909	what is the apr for the credit card
6910	how long will i have to wait if i want to eat at panera
6911	when do i need my oil changed
6912	i'd like to know what to call you
6913	how much money do i pay in taxes, please
6914	i need you to roll dice now
6915	what is my hourly rate
6916	what's td bank's interest rate
6917	turn on the rap playlist
6918	what are common illnesses i should be vaccinated against when leaving the united states
6919	delete everything from the task list
6920	how real are you
6921	what decent restaurants around here are italian
6922	i've had eggs in the fridge since monday, are they still safe
6923	i applied for the credit card, have you processed my application
6924	that is affirmative
6925	set the temperaure to 71
6926	how busy it that place for dinner
6927	can you give me a thai dinner suggestion
6928	what did you add to my playlist - broken by evanescence
6929	give my gps location to jason
6930	please look up my credit score
6931	can you find me a flight from denver international to new york international on the 4th for under 700 dollars
6932	i do not know that
6933	lunch with deb at noon today
6934	i want to visit chicago by bus what do i need to do
6935	any travel alerts for that country i should know about
6936	how good is card apr
6937	how's my day off request looking
6938	can you speak faster please
6939	show tracking information on my replacement credit card
6940	do you work for anyone else
6941	slow down your speech
6942	what's the weather today
6943	walk me through applying for a visa card
6944	can you search for the best new york style cheesecake recipes please
6945	when will my american express card expire
6946	on my big project task list please add paint shutters in spring
6947	start counting down from two minutes
6948	i can not use my card since it is damaged
6949	figure out why there is a block on my account please
6950	how much money do i need to spend on bill payments
6951	how come my card was declined at rosses
6952	what's my visa's current rewards balance
6953	please place this track on my driving mix
6954	switch to your whispering voice please
6955	how much traffic is there before the stadium
6956	can you text the sgt adam and tell them i found the missing girl
6957	who has seen my cellphone
6958	where were you created
6959	how long ago were you born
6960	check to confirm my reservation for february 22 at noon
6961	what is the apr on my chase visa
6962	is there anything neat to do in boston
6963	what kind of stuff is in potato salad
6964	what temp is the ac at
6965	set an alarm for nine minutes from now
6966	does my visa have international transaction fees
6967	can you inform me of my gas amount
6968	please add lunch and catch up with lisa on friday to my calendar
6969	i need help paying my electric bill
6970	find out for me when the next holiday will be
6971	how many personal days have i taken
6972	i want an evaluation of my car's tire pressure
6973	is red lobster busy at 6pm
6974	how long before my amex card expires
6975	can i hear my smooth jazz playlist
6976	tell me when ninety minutes have passed
6977	can you do a coin flip for me
6978	i need to get to a church immediately, please take me to one!
6979	where in sacramento ca i schedule maintenance on my car
6980	i need to switch the language for your responses
6981	please remove ginger ale from my shopping list and add root beer
6982	create an alarm for me
6983	what is the tax amount
6984	is it okay to listen to elvis' music
6985	put my points up for master card
6986	what do you do when you're not working, for fun
6987	could you please switch to whisper mode
6988	what if you need to get a new credit card
6989	can you help me figure out how to utilize my credit card points
6990	remind me friday to call my mother
6991	how long does it take to boil an egg
6992	i want a new pin for my savings account
6993	incorrect, it is certainly a false statement
6994	roll the dice!
6995	i don't know the anwser
6996	estimated time to airport from current location, la
6997	i'm out of razors so will you order me some more
6998	when's the next time i should go for an oil change
6999	how can i benefit from using you
7000	who is responsible for who you are
7001	how much have i spent lately
7002	alert my bank and tell them that i'm travelling to paris
7003	take $40 and transfer it to account a from b
7004	forget it
7005	what are the recommended shots to get before i travel to england
7006	can you be quiet please
7007	what is tuesday like on my calendar
7008	can you tell me why my card was declined yesterday
7009	tell me the types of things i can ask you about
7010	how can i go about finding my location right now
7011	what kind of gas does my car currently need
7012	will i be able to increase my credit limit to $1000
7013	can you tell me what the status of my last amazon order is
7014	would you please pair with my phone
7015	use my boa account to pay the cable bill
7016	i need you to increase the speaker volume
7017	could you tell me how much i've spent over the past two weeks
7018	my account appears to be blocked but i have no idea why that could be
7019	i need a flight from nyc to paris with delta
7020	tell me how i know when to pay my chase bill
7021	whisper for me
7022	help me report my lost mastercard
7023	i need my routing number
7024	when did i get paid the last time
7025	there is a fraudulent charge for paypal on my bank account
7026	when will i need to replace my tires if i last replaced them on december 20
7027	can you cancelt the reservation i have for dinner
7028	how do i bake a blackberry pie
7029	you can call me jason
7030	will my 401k rollover
7031	tell me when my next paycheck is set to arrive
7032	hey, have you approved my vacation time yet
7033	i gotta report fraudulent activity on my credit card
7034	tell me the number of vacation days i have stored
7035	call an uber and have it pick me up at my present location
7036	you are not wrong about that
7037	the word is happiness; how many a's can you find in that word
7038	can you tell me a fun fact about elephants
7039	do you know if my vacation was approved yet or not
7040	a rental car needs to be booked in nashville
7041	will you please end the connection to my phone
7042	can i get assistance with booking a seattle car rental
7043	how many days off did i use so far
7044	what do i need when i go shopping
7045	let me know in 15 minutes please
7046	i want to know the definition of discretionary
7047	how healthy is tomato soup
7048	miami time zone is what
7049	has my day off request been approved or denied yet
7050	can you switch to whisper mode
7051	i want to know your name
7052	forget reservation at longhorn for 4
7053	help me get an uber
7054	what's the meeting room availability between noon and 2
7055	how long will it take to get to phoenix
7056	what do you think i am called
7057	i'd like to switch back to my factory settings
7058	i'd like to set up a reservation for kibble at 4
7059	how do i request a credit limit increase on my visa
7060	tell me things i can do in chicago
7061	ostensibly when is my flight going to land
7062	that is not right
7063	can you tell me the meaning of life, please
7064	i want to hear the next song
7065	what steps do i need to take to take a bus to detroit
7066	please find out how many of my vacation days i have spent
7067	how's it going right now
7068	it was good to talk to you today
7069	how long will the turkey take to cook
7070	what steps should i take to improve my credit score
7071	i need to know when it was that i last took my car to have the oil changed
7072	where do i get the form i need for taxes
7073	what's going on with my order
7074	my visa has been stolen by someone
7075	turn to whisper mode
7076	what's my going out to eat tab this month vs last month
7077	i was in target about to buy a chair when my card got declined
7078	i left my phone somewhere
7079	please put africa by toto on my playlist
7080	how is my tire pressure
7081	please pay my utility bill from my wells fargo checking account
7082	will you please turn the tv on
7083	help me find my luggage
7084	how low is my gas tank
7085	tell me the expiration date for my current credit card
7086	where is your family from
7087	put wash the counters down on my list of pending tasks
7088	if i'm using citibank, what is the interest rate
7089	can i use strawberries instead of pineapples for this
7090	can you put in a pto request for me for july second and third
7091	set reminder for tomorrow to eat
7092	make sure to put extra paint on the list
7093	what is the square root of 10294
7094	can you do algebra
7095	what tasks have i yet to complete off my list
7096	what is the exchange rate in pesos for 100 dollars
7097	bring up my location
7098	can you say what you just said again
7099	what is the time now
7100	has my vacation been ok'd
7101	would you tell me my credit score
7102	what is the best interest rate i can get from now on
7103	cancel my reservation at osteria for our party
7104	read back my to do list
7105	have my tires got adequate amounts of air in them
7106	what timezone is china in
7107	if i have four inches, how many centimeters is that
7108	i gotta know the exchange rate between yen and rubles
7109	can you call me bobby instead of bob
7110	where did you live previously
7111	is there a meaning to life
7112	my check engine light is on and i need to take a look at it
7113	is it true a hard pull hurts my credit score
7114	can you look who is at the door
7115	what can i get for 10 usd in cad
7116	direct me to the closest starbucks near home
7117	is this where i get a w2
7118	what are the reviews like for black bear dinner
7119	do i have anything on my schedule for may 3
7120	would you let me know who programmed you
7121	please tell me when my flight will land
7122	what's 11 yen in pounds
7123	in osaka, do i need a plug converter for my electronics
7124	when did i last bring my car in to get looked over
7125	please send my location to haley
7126	can you check where my luggage is off jetblue flight ab123 out of buffalo
7127	i'm in baggage claim at the airport and my luggage didn't make it
7128	what timezone is london is
7129	i'd like to increase my credit spending limit to 500 dollars
7130	i need to know if there are transaction fees for my visa card in canada
7131	alert my bank and let them know i'm travelling to japan
7132	i want to use spanish as my language
7133	what plugs are used in spain
7134	can you find a hearty lasagna recipe
7135	put carrots on my shopping list
7136	how long will it take to get seated at needham's
7137	i wish to pay my cable bill
7138	communicate trivia about lebron james
7139	how old are you, ai
7140	start a new text
7141	tell john and sam where i am
7142	what's the amount of money accumulated in my bank accounts
7143	ai, i lost my phone, help me find it please
7144	what meal from italy do you suggest
7145	can i increase the credit limit on my target card
7146	how's the traffic to work
7147	who would you say that you are employed by
7148	i want to apply for a new credit card
7149	what's the cooking time for chicken alfredo
7150	tell me how much pto i've used
7151	would i be able to swap apples for grapes
7152	does my td ameritrade checking account take direct deposit
7153	when should i get my tires changed again
7154	mark down cleaning the bathroom on my list of things to do
7155	i ordered new sheets online when will they arrive
7156	i need to switch to a new insurance plan
7157	on the 26th what is on the table for my calendar
7158	what is my pay grade at work
7159	whats the best way to roast a chicken
7160	i want to know how to rollover my 401k
7161	how busy is ihop at 5 pm
7162	can you help me remember my pin to my boa account
7163	what is the balance of my bank account
7164	i'd like to know my current location
7165	are there some good thai restaurants in san antonio
7166	i need to report a new card please the atm hurt mine
7167	how do i look up my credit score
7168	can you help me tell what my starbucks rewards balance is
7169	when will lettuce in the fridge go bad
7170	set the volume to 4 please
7171	what is the song that is currently playing
7172	tell me about the reviews for chilis
7173	help increasing credit on discover card
7174	how many points did my visa earn
7175	when will i need to change my tires again
7176	tell me the type of fuel my car takes
7177	play the next song
7178	what scheduled meetings do i have today
7179	i want to hear my to do list please
7180	do they take reservations at mcdonalds
7181	what is my money market account balance
7182	can you please change you accent to the male british one
7183	set a reminder for tomorrows meeting
7184	schedule an uber to the bean
7185	make your name jake
7186	text my wife and tell her i'm divorcing her
7187	id like to rent a ford in denver colorado between january 1st to the 3rd
7188	can you assist me in locating my phone
7189	what's the nutritional info for a subway chicken sandwhich
7190	can you tell me the name of my insurance plan
7191	the nutritional info for macaroni and cheese is what
7192	what is the credit limit on my discover card
7193	make sure i get a meeting room for 9am on friday
7194	can you tell me how much i need to pay on my bills this month
7195	can you tell me my exact salary
7196	whats on my shopping list at the moment
7197	would you please make a reservation for 2 at olive garden for 5 pm today
7198	how can i apply for a mastercard, please
7199	call tom
7200	how many centimeters are one inch
7201	text mollie saying 'i am on my way
7202	are barcelona plugs compatible
7203	i need to know why my card declined yesterday
7204	give a text to my cousin linda that says happy birthday
7205	i wanted to remember what again
7206	i'm not sure of that
7207	tell me a fun fact about the olympics
7208	will you take my bill payment
7209	i need to put in a pto request for march 4 to march 6
7210	i want your responses to be in french
7211	what do i have going on march 2nd on my calendar
7212	i need to know how much gas is left
7213	what can i do if my card is lost
7214	what is your name by chance
7215	do i have enough gas to take me home
7216	i want my credit limit changed
7217	what's left in my gas tank
7218	give me instructions on how to change my oil
7219	what is the due date of my at&t bill
7220	let me know what is on my reminder list
7221	tell me when my mastercard bill should be paid
7222	how do i adjust my insurance policy
7223	you are talking far too fast for me, can you slow it down a bit
7224	what's the name you like to be called
7225	check my domestic to do list for carpet cleaning
7226	translate hello to english
7227	tell me the date
7228	do i need to get any shots before volunteering in the congo
7229	how do you create pork chili
7230	i need to track my package
7231	will you summarize my health benefits
7232	check if meeting rooms are free from 6 to 7
7233	where can i rent a car in boston
7234	my card was rejected at shakey's and i am wondering why
7235	i wanna know what timezone spain is in
7236	what can i refer to you by
7237	how much do i make in a year
7238	set a reminder to go grocery shopping
7239	tell me about traffic conditions in ocean city, nj on sunday mornings around 10 am in the summer
7240	remind me in (x) hours
7241	how do i do a 401k rollover when switching to a new job
7242	can you tell me how i would say, 'more bread please' in french
7243	look up the credit limit for my visa
7244	flip a coin if you will
7245	i would like to try and confirm that i have a reservation at macaroni grill for silva
7246	can you schedule a meeting with steve at the office, please
7247	i think someone stole my card and used it
7248	what is the calorie content of lays chips
7249	what are the procedures for changing my oil
7250	i'll use what ingredients for lasagna
7251	set a meeting with tom for 5:30 tomorrow
7252	when does pork go bad in the fridge
7253	who is your supervisor
7254	what benefits does my health coverage give me
7255	would you provide me with italian cuisine dinner suggestions
7256	what can you answer for me
7257	set alarm for 5 am
7258	i need my savings account placed under a block as soon as possible
7259	please place a pto request for february 18th to the february 25th
7260	tell me what the interest rate is on my personal loan through chase
7261	whats the travel time to redmond right now
7262	add twelve and twelve please
7263	how long will it take me to get to phoenix
7264	what is today's high temperature predicted to be
7265	what is your favorite, cats or dogs
7266	i didn't catch that so please repeat it
7267	how long will it take to get a new card
7268	i am in downtown austin where is the nearest airport
7269	order more cat food, i'm out
7270	what is your favourite pet
7271	how old are you siri
7272	where would you eat italian in chicago
7273	are there any positive reviews for wendy's
7274	how good are the ratings for papa john's
7275	phone sarah
7276	my card seems to not work because its blemished
7277	how many dollars can i exchange for 200 euros
7278	can you let ben and jerry know my current location
7279	any pets in your household
7280	look up uber to downtown
7281	can you tell me where i left my phone
7282	i accidentally put my credit card in the shredder
7283	give me some trivia about lebron james
7284	can you tell me how to jump start a car
7285	how old is al
7286	i'm due for an oil change and need assistance doing it and also need to know what kind of oil the car takes
7287	ai who made you
7288	what ingredients are in tortillas
7289	play the song that goes like i like to move it, move it
7290	turn up your volume
7291	how long can you go between oil changes
7292	i'd like to schedule a meeting room from 1:00 pm until 2:00 pm
7293	tell me your birthday
7294	tell me what vaccinations i need to get into france
7295	can you explain why there is a hold on my savings account
7296	with my phone please pair
7297	tell the kids where i am
7298	my name's frank
7299	i need to know what is currently on my calendar for friday the 1st
7300	i want for you to connect to my phone
7301	when do i have meetings today
7302	show me the transaction on my car
7303	what hotels are near, ny, ny for the 9th to 11th
7304	what is the credit limit on my visa
7305	create a text message to
7306	erase all items on my todo list
7307	in portland, what things are there to do
7308	put my parents anniversary on the calendar for next week on tuesday
7309	would you mind switching to whisper mode
7310	change my reservation with carl at umami to canceled
7311	take it easy!
7312	why was my card declined at safeway
7313	what do you think will be the result of my federal tax return
7314	can you please unlock my bank account
7315	what've i got set for friday, the 13th, of next year
7316	how much are all my bills combined
7317	resume my death metal playlist
7318	can you tell me if there's a lot of wait time at wendy's around 8am
7319	i would like to know my income
7320	could you roll a 6 sided dice
7321	your voice speed is too slow, please increase it
7322	read me the definition of ajar
7323	great western bank's login screen tells me i'm locked out but not why
7324	please use your whispering voice; i need quiet
7325	how much gas do you have will you make it to jackson
7326	give me an idea of traffic on the way to the doctors office at 6
7327	how can i find out my credit score
7328	tell me the meaning of condemnation
7329	what time is it in the pacific timezone
7330	where am i located
7331	is the request for vacation i filed with my manager at intel approved yet
7332	change your name to something funny
7333	what are some good itialian restaurants in north salem
7334	i need a hotel booked in denver near the museum from friday to saturday
7335	is the apr on my card that ends 1234 what it should be based on my credit score
7336	i want my account frozen
7337	call work
7338	let me know when my next day off is
7339	reserve a table for 5 at lawry's under the name steve at 8:00pm
7340	start my vehicle
7341	am i going to need a visa for traveling to canada
7342	are you self employed
7343	suggest a meal from burma to me
7344	what's the right spelling of rambunctious
7345	will i have to apply for a visa if i want to visit mexico
7346	i'm going out of country, what type of outlet plug do i need
7347	what day is my bill due
7348	can i expect chili's to be busy at 4:30
7349	can i request pto from march 9-16
7350	i didn't hear you can you repeat that
7351	put smooth operator by sade on my playlist
7352	can i hear the male voice please
7353	can you check my tire pressure
7354	how do i find out when my visa bill is due
7355	erase my to do list
7356	weather
7357	what place were you actually born at
7358	how much do i have to pay on my amazon card this month
7359	how much do americans pay for federal taxes on average
7360	please transfer $50 to my checking account from credit
7361	what is the ai's name
7362	can you put a stop on my account
7363	how long do you need to bake chicken for it to be safe to eat
7364	see you in a while
7365	i need to know all the recent transactions i've made
7366	i want to know where to visit in bangkok
7367	tell what is showing on my calendar for the 17th of march
7368	what have i got planned for the date of april 23
7369	i suspect some suspicious activity
7370	i want to hear an interesting fact about dinosaurs
7371	tell brady where my location is
7372	what sort of gas does the car need
7373	how far along is my credit card application
7374	what's a neat fact about twinkies
7375	whats the timezone for modesto
7376	do you have nutrition facts for cheerios
7377	remove my dinner reservation
7378	what alerts are listed for traveling to paris
7379	what do i need to make a vacation request with you
7380	my luggage is lost
7381	i want to report fraudulent activity on my discover card
7382	quit talking
7383	cancel the reservation i made for 8 pm at black rock
7384	i've told my financial institution that i'm in africa from august 6 to december 5
7385	what pto time to i have remaining
7386	i need to know how many teaspoons are equivalent to two tablesppons
7387	what's fun to do in thailand
7388	what is the apr on my chase card
7389	do i have any meetings with roger today
7390	what's the total of my bank accounts
7391	is it safe to travel to argentina
7392	what do i have going on for 12/03/2019
7393	are there any meetings on my calendar today
7394	how much is my income
7395	show me my credit score please
7396	what fun is there to do in england
7397	i need to know what restaurants are near me
7398	can i apply for a paypal master card
7399	can you schedule a meeting with damon for 1
7400	i'd like to hear a joke
7401	how do i ascertain when my next insurance payment will be
7402	are bananas already on the list, if not go ahead and add them
7403	how cold is it in wisconsin today
7404	i want you to know it's a true statement
7405	does my w2 come by mail
7406	how do you show my name
7407	what type of gas does this car take
7408	can i switch in almond butter for peanut butter
7409	how many days till i get a new card to replace the stolen one
7410	find me a roundtrip flight from dallas to los angeles from march 2 to march 10
7411	what's the crowd like at hopper's bar around 11pm
7412	how long can i store eggs in the fridge
7413	explain to me the trivia on twilight
7414	are my tires under-inflated
7415	what is the timezone of saigon
7416	it's either of them
7417	i want you to speak to me faster
7418	ai was made by whom
7419	can you help me change my credit limit
7420	please let me into my bank account
7421	i dropped my card in my gasoline and the printing wore off
7422	do they take reservations at outback steakhouse
7423	listen i need to get a reservation for , me and teresa at georgetown cafe on tuesday at 7:00 pm
7424	where can i find my w-2
7425	is the apr on my credit card good
7426	i'd like a new alarm set for 6am
7427	what is an amazing trivia fact relating to 3d printing
7428	how much have i paid in medical expenses recently
7429	tell me the carry-on restrictions for united airlines
7430	how do i make lemon merengue pie
7431	get the details on the pto i have used
7432	tell me what you do for fun
7433	what time is it right now in cst
7434	please lookup my experion credit score
7435	please provide the name of the insurance plan that i'm enrolled in
7436	can you find me a recipe for quiche
7437	please suggest a chinese meal
7438	make the temperature 78 in here
7439	what are all the things on the shopping list
7440	what date is another paycheck due
7441	i would like to make a pto request for july 17th and 18th
7442	roll a dice for me
7443	how many miles can i drive before i need to change my tires
7444	can you find the expiration date and tell me what it is that is on my visa credit card
7445	who made the ai
7446	send mom a text asking where are you
7447	you're speaking too fast and i need to change that
7448	find the meaning of qat
7449	can i get a new pet insurance plan
7450	let my bank know that i'm going to norway between march 3 and march 5
7451	will it take more than a month to get a new card
7452	go to next song
7453	can i get an uber for 2 home
7454	what are your interests
7455	i need a suite that can accommodate 3 adults and 1 child in san diego for may 15th, 16th, and 17th
7456	please give me my gps coordinates
7457	do i need to get shots before i go to kenya
7458	schedule my meeting with jim at 3pm
7459	halt
7460	which day is it that my payment comes in
7461	how long can i keep pork in the freezer for before it gets freezer burnt
7462	can you tell me what dirge means
7463	when did i last take my car in for maintenance
7464	what is 8 factorial
7465	no, that is not right
7466	please tell me my bank of america routing number
7467	what is the meaning of this life
7468	what day did i last have a technician check out my vehicle
7469	do i have peanuts on my shopping list if not please add it
7470	give me some awesome travel destinations
7471	what health plan do i have
7472	how much have i recently spent
7473	do you know why i can't log into my bank account
7474	i need anniversary dinner added to my schedule for march 7
7475	perform a coin flip
7476	i need a roll on a 6 sided dice
7477	i want to know what the word discomfit means
7478	where do i find instructions on how to speed up voice replies
7479	i need to get 3 riders to union station
7480	please tell me a really fun fact about facebook
7481	switch the pin on my visa account
7482	tell me what is on my calendar for march 2
7483	why thank you
7484	what's my credit score
7485	tell me united's carry on policy
7486	i don't understand why i have been barred from accessing my own account
7487	i need you to book me a flight from ft lauderdale to houston on southwest
7488	what have i spent on food recently
7489	alert my bank and let them know that i'm travelling to stockholm
7490	add flour to my shopping list if it's not already on it
7491	ok
7492	i want to set up direct deposit to my charles schwab account
7493	what are the best family restaurants in charlottesville
7494	would you be able to tell me how to make a vacation request
7495	send my money between accounts
7496	please help me apply for a silver card
7497	has my application for a trust bank credit card been mailed out and if so was i approved or not
7498	is it possible to order more checkbooks for my chase bank account
7499	add god's plan by drake to my playlist
7500	will using a different type of gas matter for this car
7501	what's my apr on this card
7502	how do i use my credit card points
7503	what is 543 times 344
7504	say it again please
7505	can you translate hello into swedish for me
7506	text josh and tell him i need a delivery
7507	put soda on the shopping list and add carrots
7508	have they recieved my vacation request and approved it
7509	could you help me find the interest on my chase account
7510	do you know if bottlenecks takes dinner reservations
7511	does france have any travel alerts i should be aware of
7512	i want to check if there is any meeting room available between 8:00 and 10:00 am
7513	can you call me something else
7514	make the male british accent please
7515	abort it
7516	would it be possible to replace the salt with baking soda
7517	i want to update my pin number on my bank of america account
7518	you're speaking too fast, slow down
7519	can you get me a table for 6 at johnnys
7520	if i want to redeem miles from my delta skymiles card, how do i do that
7521	if i replaced my tires on labor day, when should i next replace them
7522	what time is my flight supposed to be landing
7523	what are some things that you enjoy
7524	i dont know
7525	can you remind me of the date
7526	how long does it take for dough in the freezer to go off
7527	my insurance plan needs to be changed
7528	help me get an uber to ann arbor
7529	how can i say thank you very much in chinese
7530	it's necessary to call michael
7531	how much have i spent eating out this week
7532	aaa insurance start new plan
7533	spirit mastercard card was taken
7534	how many vacation days have i used up
7535	i'm not going to cook today, can you suggest a restaurant
7536	please tell me the amount of gas i have
7537	can you tell me the exchange rate for yen to euros
7538	i'm craving for italian food, where should i go
7539	suggestions for thai food
7540	what's next on the list
7541	what things do you enjoy doing
7542	when will i be paid again
7543	i need an alarm set for 9 am and another for 11 am
7544	i want to learn to change oil
7545	what do i do for new insurance
7546	how many vacation days did i use
7547	make an alarm for tomorrow at twilight
7548	do i need a travel visa to visit china
7549	what interest rate will i get from city national
7550	will you roll a 6 sided dice
7551	what sorts of things do you do for fun
7552	i gotta know the meaning of life
7553	i need you to make a reminder for me to give the cat her flea medicine
7554	i need to know where to get a w-2 form
7555	what date should i next change my oil
7556	i want to make a reservation for 8 pm at red robin for 3
7557	i just used up my toothpaste and need you to order more
7558	tell me what time it is in the central timezone
7559	you can call me sarah
7560	will you tell me who made the ai
7561	how can i cash in my visa rewards
7562	how can i find my phone
7563	what is delta's carry on policy
7564	give me information on grub burger reservations
7565	what time will my flight reach the destination
7566	how long does it take to get to disneyland in anaheim
7567	did i make a note on my todo list to mop the bathroom floor
7568	can you link to my phone
7569	is milk an ok substitute for cream
7570	did my visa card app go through yet
7571	what is the ac temperature
7572	let me know whether folding laundry is on my to do list
7573	confirm a reservation for nicole brown at diangelo's at 6:45 pm, please
7574	what do i have to do
7575	why was my card declined for my monthly netflix subscription payment
7576	i cannot remember what my pin is for my bank of america checking account
7577	what are the steps for transferring my 401k
7578	i need to change my pin number for my savings account
7579	research the meaning of life
7580	share my location with ma
7581	how do you spell out newspaper
7582	what is the car's tire pressure
7583	how many days until i am off
7584	can you find out the latest on my credit card application, i haven't heard an update in some time
7585	i need help figuring out where my phone is
7586	i intend to apply for an american express card
7587	i will need an uber for 3 to go to jfk airport
7588	is there a way to roll over my 401k
7589	how do i make changes to my insurance policy
7590	i need a reservation at 8 on the 22nd of november at ruth's
7591	suggest a meal from peru for me
7592	do people like the donuts at tgi
7593	how long would it take to get to times square by bus
7594	when is payday
7595	what's the letters in 'you' word like
7596	can you end the task
7597	what steps are involved in making lasagna
7598	i wanted to remember somethings, what was it
7599	what kinds of things do you do for hobbies
7600	how long does a roast take
7601	how many rooms are available between 2 and 3
7602	view my transactions for the last week
7603	do you know how to change car oil
7604	i hereby rename you felix
7605	please confirm my reservation for may 9th at 4pm
7606	add up 8 and 7
7607	i would like you to buy me some paper plates
7608	cancel my party reservation for brad at longhorn
7609	how can i find the interest rate for my red river account
7610	is traffic bad on the parkway
7611	confirm
7612	which meetings do i have today
7613	what is the current tune
7614	given my time, what time is it in mst
7615	did you get confirmation my vacation is a go
7616	what are my carry on options when flying american airlines to trenton
7617	how much is 1 dollar worth in country b's money
7618	will i be charged if i use my card in canada
7619	what will my federal tax return be
7620	i need to rollover my 401k
7621	how long have you been functional
7622	please give me instructions on making blueberry pie
7623	help me find a new auto insurance policy
7624	what is the exact time in the ist time zone
7625	how do i locate my credit score
7626	how would i say goodbye if i were norwegian
7627	how long do you cook a salmon
7628	i think i made a fraudulent transaction
7629	i want to pay my insurance bill
7630	can you help me add the song i listen to to my clutch playlist
7631	can i book a meeting room from 2:00 pm to 3:00 pm
7632	tell me my minimum citicard payment
7633	read me my list of things to do
7634	how long is it until payday
7635	i appreciate the assistance
7636	can you get me a table for 1 at the vega at 1pm
7637	only call me dan
7638	would please let me know how much i spent on food in january
7639	definition of zesty
7640	during what month will my card's expiration date fall on
7641	schedule a pto request for me on march 1-2
7642	can i increase the credit limit for my usaa card
7643	what stuff do you dump in an omelette
7644	schedule a monday meeting with sam at 1 pm
7645	can you tell me where flight dl123 is
7646	check who's at the door
7647	it was great to have this conversation with you
7648	i really appreciate your help, thank you
7649	what are the best sushi restaurants in reno
7650	is a bar close to my church
7651	my chase card expires on what date
7652	book me a flight out of la to chicago on march 3rd for under $500
7653	i need to pay my time warner cable bill
7654	what's the nearest ups store to walmart
7655	from a flight from muscat to qatar, how many carry ons can i take
7656	suggest an italian meal to me
7657	you are how old
7658	call my phone, i can't find it
7659	i want you to be in whisper mode now because i am in the library
7660	when did the oil get changed
7661	is my tire pressure in the correct range
7662	can you tell me about the best tourist attractions in sweden
7663	please pay my bill
7664	i will require help to take care of my utility bill
7665	give me a 10 minute countdown
7666	can you tell me what my tire pressure is
7667	i need someone to look at my check engine light
7668	how many personal days have i taken this month
7669	play the next song instead
7670	are there any travel alerts for juarez
7671	mayonaise has been in my fridge for three years, is it still good to eat
7672	how many reward points have stacked up for my amex card
7673	where do i find the routing number for bank of america
7674	what status is my card application in
7675	is it safe to travel to bermuda
7676	where is your home located
7677	go ahead and skip this song and play the next one
7678	i need to know the current time in the central timezone
7679	is there a list of recommended shots to get before travelling to kenya
7680	move $40 from account b to account a
7681	how much time do i have before my credit card expires
7682	do you remember where i left my cellphone
7683	book me a hotel in pittsburgh near grant street for 3/15 through 3/18
7684	let me know the amount of vacation days i have used
7685	please tell me my credit rating
7686	show me yesterday's last transaction
7687	pair with my smart phone
7688	what are ways to utilize my credit card points
7689	please change my name to loverboy
7690	can you have some new oakley's shipped to me
7691	how is it going my friend
7692	i want my credit score
7693	what day is my telephone bill due
7694	how many more miles can i drive before changing my tires
7695	what's my limit on my amex card
7696	can you place laundry on my to do list
7697	what is the insurance plan i am enrolled in
7698	how many miles do i drive before i have to get new tires i replaced them four years ago
7699	i want to know when is the next holiday here
7700	move 100 dollars from my savings to my checking
7701	do i need to get any shots to travel to mexico
7702	what is my kohls card's rewards balance
7703	what are the subject areas you are knowledgable in
7704	set a reminder for me to do this in a bit
7705	tell me the date 650 days from now
7706	have miranda know about my current location
7707	is my card made immedietly after reporting stolen
7708	tell me when my bill will be due
7709	what is currently on my calendar for friday the 1st
7710	what are some fun things to do in sweden
7711	can i substitute vinegar for apple cider vinegar
7712	would you book me a flight to miami from dallas on southwest airlines
7713	can you tell me my to do list
7714	do you know when my card will come in
7715	let's terminate connection to my phone please
7716	i really want an italian meal suggestion
7717	i think i need to make a reservation for 8 pm at red robin for 3
7718	how do i use my vacation days
7719	it's true
7720	can you tell me how do i get new insurance
7721	i am interested in applying for a visa card
7722	what is the expiration date on my credit card
7723	what weight oil do i need and how do i change the oil for my chevy truck
7724	are eggs on my list, if not add them
7725	does michael's accept reservations
7726	i don't know how to spell circumference
7727	who is the person you work for
7728	my card is not working and i need to let them know
7729	put dr feelgood by motley crue on my playlist
7730	make your preferred language english
7731	can i use margarine instead of butter
7732	please order some more cat food, i'm out
7733	cancel that reservation for 8 at barney's
7734	are people recommending the donuts at tgi
7735	suggest a restaurant for me to eat tonight, please
7736	please apply cc visa card for me
7737	text audrey and tell her i will be there soon
7738	what time is my flight supposed to board
7739	how many of inches of snow did my hometown get last year
7740	thanks for chatting, later
7741	are vaccinations needed for trips to guana
7742	turn up the speaker volume
7743	add my next doctor visit to my calendar
7744	tell me how the weather is
7745	tell me who is your boss
7746	did my vacation get approved yet
7747	what subjects are you versed in
7748	do i have toothpaste on my shopping list
7749	tell me what is on my todo list
7750	how can i cash in rewards on my discover card
7751	how do i get to the mall by bus
7752	set up two alarms one for 10am and another for 2pm
7753	i need an italian dinner idea
7754	please link up to my cell
7755	what's the credit limit on my account
7756	do i have any vacation time left
7757	how's the fuel efficiency for city driving for this car
7758	how do i check my rewards for my capital one card
7759	what name should i use to address you
7760	how do i find when my electric bill is due
7761	what will the date be 100 days from now
7762	i need to set up direct deposit
7763	do i have anything to do march 2nd
7764	change back to your initial settings please
7765	when do i need to pay the cable bill
7766	can i cancel my reservation for 4 at red robin
7767	do you know any trivia about the ocean
7768	i need your help to pay my gas bill
7769	can you locate my package
7770	i need guidance on how to rollover my 401k
7771	when is my meeting with roger
7772	when do you think i should change my oil
7773	will i be notified when my application has been processed
7774	help with credit card application status
7775	what ingredients go in potato skins
7776	tell me a joke if you'd like to
7777	link up my paycheck for direct deposit to my account at chase
7778	i have how many vacation days left
7779	will i need a travel visa to go to canary islands
7780	can you get me a table for 2 at diablo
7781	am i in need of an international visa to go to france
7782	can you let me know what health plan i'm on
7783	how do i keep my credit score from dropping
7784	what does my tire pressure look like
7785	tell me whether i can put a pto request in for may 10 to may 15
7786	can you calculate my tax
7787	how many times a year should i change my tires
7788	flip me a coin i'm calling tails
7789	confirmed
7790	could you pull up my location on the map
7791	when will i get the next holiday with pay
7792	show me my calendar for next sunday
7793	where is the closest chevron gas station in columbus, ohio
7794	can you tell me today's rate for cad to usd
7795	please give me a list of the ingredients contained in chocolate cupcakes
7796	what's my pay for this week
7797	i would like to try and confirm that i have a reservation at carrabbas for heather
7798	do i need a vaccination to go to europe
7799	give me the next song
7800	how's my tire pressure
7801	what's your place of manufacture
7802	could you connect to my phone
7803	how healthy is pecan pie
7804	i need to go to phoenix sky harbor airport using uber
7805	i applied for a visa card; did that go through
7806	can you check that there's a reservation for mark at sidetracks
7807	how many calories are found in bagels
7808	do heads or tails
7809	can you confirm my reservation for steve at olive garden
7810	what electrical plug do they use in the uk
7811	decrease volume level
7812	will my card expire on a certain month
7813	my card is damaged and no longer function
7814	nutritional information for celery
7815	what is the due date on my xfinity internet bill for february
7816	what is my expiration data for my card
7817	can you put a stop on my bank account
7818	i want your name to be samantha now
7819	find out for me when my mastercard expires
7820	i'd like to hear about your hobbies
7821	you are correct
7822	what are some good mexican restaurants in indianapolis
7823	i gotta know what the traffic is like on the way to phoenix
7824	find a suitable lodging in vancouver on march 16-19
7825	can some more checkbooks get mailed to me
7826	add baby shark to my kid playlist
7827	are bananas on the list, if not can you add them
7828	can i make a reservation for 6 pm on the 21st at sidetracks
7829	when do i have to renew my card so it doesn't expire
7830	what is the secret or meaning to life
7831	how much is 10 us dollars in canadian dollars
7832	read me my shopping list please
7833	tell me how you're made
7834	i want to hear my reminder list
7835	show shopping list
7836	does jet blue have any carry-on restrictions
7837	let me know what the exchange rate between dollars and pesos is
7838	when will my tires need to be replaced
7839	please make a pto request for me from dates jan 21 to begininning of february
7840	please change credit
7841	who do i report card theft to
7842	i forgot my pin number for my credit union bank account, can you help
7843	what's the calorie content of cheetos
7844	whats the best way to jump start a battery
7845	please confirm my reservation for april 1st at 9am
7846	i need a newer insurance plan
7847	use my capital one account to pay for my gas bill
7848	get me a hotel room for 3 people from march 12th to 14th in chicago
7849	is fixing mom's kitchen blind on my to do list
7850	what kind of questions can you answer
7851	are my tires good on air
7852	what should i use the points from my credit card on
7853	can you list each item on my reminder list
7854	when do i get paid again
7855	what is the apr on my chase freedom card
7856	can you tell me, what is the meaning of life
7857	i wanna know the limit on my credit card
7858	speed up your speech
7859	add sprite to my shopping list
7860	send sal a text and tell them thanks
7861	how much time do i have before i have to change my tires
7862	did they say yes to my day off request
7863	i want a timer set
7864	go back to your normal settings please
7865	what time zone are we currently in
7866	for today only, how many meetings are with jake
7867	i need to know why my card was declined
7868	hello, how are you
7869	i must have you repeat that
7870	can you tell me what my income will be this week
7871	get rid of my 2 pm reservation at ruth's steakhouse
7872	what's the time in london
7873	is my visa card's apr decent
7874	i'm looking for a roundtrip flight from oma to sps august 1st, 2019 to august 2nd, 2019
7875	add to my task list get carpet cleaned
7876	send 100 dollars from checking to savings
7877	my card is impaired and i can't use it
7878	add yosemite to my rap playlist
7879	will i be charged if i use my card in dublin
7880	who is responsible for making you
7881	what do i do to check when my next credit card payment is
7882	i am going to go ahead and pair this with my new phone
7883	please respond in latin from now on
7884	what am i listening to
7885	when my house burned down, so did my card
7886	it is definitely affirmative
7887	how long can i keep a ham in the freezer
7888	i'd like to get some more checkbooks mailed to me, if i can
7889	are you a live person or a computer
7890	meetings today
7891	tell me how far i am from home in time and miles
7892	how can i find my routing number for el dorado
7893	show me what's on the shopping list
7894	can i make a reservation for 2 at state bird for 6:30, please
7895	can i eat the eggs i've had in the fridge since 2/21
7896	put a hold on my bank account
7897	make me giggle
7898	when was your birth
7899	what kinds of things are you into
7900	tell me about the chase credit card application process
7901	how long to cook steak for
7902	help me figure out where my cell phone is
7903	read my complete todo list to me
7904	what are my chase cards fees for international transactions
7905	what kind of insurance plan am i enrolled in, please
7906	how long should this be in the oven
7907	set a reminder to call my mom
7908	would you say that you are now a pet owner
7909	when will i need to change my oil again
7910	please order an uber for me to go to the zoo
7911	would you let me know today's date
7912	how do i make beef stroganoff
7913	why did my card get rejected yesterday
7914	i need to order more checkbooks by mail
7915	tell me how to change my policy
7916	how do i get to statue of liberty by bus
7917	what plug type should i use in england
7918	how much money did i spend at starbucks in the last week
7919	tell me when someone looked at my car last
7920	i want to know how old you are
7921	don't talk anymore
7922	how do i get paychecks put directly in my sunflower savings account
7923	i won't require my reservation anymore
7924	walk me through the process of reporting a lost card
7925	can i up my credit limit to $1000
7926	text message chris and say i love you
7927	do i need to get any shots before travelling to australia
7928	can you tell me my spending limit
7929	what is the way to jump start the car
7930	what kind of traffic is on hwy 1 going to the downtown area right now
7931	what activities do you enjoy
7932	book delta ticket madison to atlanta
7933	what kind of oil should i use for my current car
7934	add bread to my list of groceries
7935	what's the amount due on my latest sprint bill
7936	what is the traffic like on the way to makaha
7937	what are some of the hobbies you enjoy doing
7938	change back to factory settings
7939	can you tell me the expiration date for my mastercard
7940	don't sync to my phone anymore
7941	i really want my account frozen
7942	how long do noodles need to cook
7943	i'd like to have a reminder made
7944	what's the name of this tune
7945	i want you to speak more slowly to me
7946	where's my w-2 tax form
7947	i need to book a hotel room or suite for 2 adults and 2 children in orlando for july 1st through 5th
7948	can anyone let me know the reason behind my frozen bank account
7949	report discover card as lost
7950	i would like some help getting a rental car reserved in los angeles
7951	i'd like to be out of whisper mode
7952	how do i get my credit score
7953	i think there's fraud on my account
7954	describe who it is you work for
7955	so what are my current gps coordinates
7956	what things are there to do in kentucky
7957	can you get a coin and flip it
7958	can you use male voice
7959	is there a carry-on item weight limit
7960	syonara, ai device!
7961	how do i report a stolen card
7962	i need to cancel my reservation for new york to xai varanda
7963	what vaccinations are required to enter paris from outside the country
7964	where is my phone now
7965	set a brand new timer for eight seconds
7966	do i have to get an international visa before they'll let me in melbourne
7967	can you help me pay a bill
7968	start a new text to maureen and tell her i go mom's christmas present
7969	that’s not correct
7970	can you tell me why my card was declined
7971	how would i go about setting up a direct deposit
7972	i need you to call the broker
7973	merci beaucoup
7974	what do you need to make pancakes
7975	does laos require a travel visa
7976	add staff meeting to my calendar for march 1 at 10:00 in the morning
7977	whats your name by the way
7978	what is my intetest rate
7979	when did i get my check last
7980	you wrote what for my name
7981	will you please put remember to drop off at the dry cleaner's to my current to do list
7982	where i can use word 'rescind
7983	how much did my state taxes change
7984	can you tell me the number of ounces in a quart
7985	i would like to get a new insurance plan
7986	i could really use a laugh right now
7987	gas type needed for this car
7988	how do i get to the museum by bus
7989	while on flight america airlines i lost luggage in o'hare
7990	can traveling to nepal be safe (what's safe in x)
7991	i think my account is blocked
7992	which vaccinations are required to go to viet nam
7993	can i get my credit limit increased to $15,000
7994	change the native language
7995	call jim
7996	is my phone in the house
7997	how busy is imanas tei at 7 dinner
7998	i was at trader joe's trying to buy groceries and my card got declined
7999	remind me to call my mother saturday morning
8000	will a loan lower my credit score
8001	would you let me know what date it will be in 3 days
8002	what's your age siri
8003	i want to add a doctor's visit to the calendar for friday
8004	do you know how busy outback steakhouse tends to be at 7:00 pm
8005	ai how are you doing on this fine day
8006	are there instructions on how to make buttermilk pancakes
8007	what phrase means goodbye in hawaii
8008	can you tell me how busy chipotle will be at nine tonight
8009	what type of gas do i need to use in this car
8010	i want you to cancel the current action
8011	do you have the time
8012	a pleasure as always to speak with you, bye
8013	let's switch to whisper voice
8014	i need you to turn the tv on now
8015	can you check when my visa card expires
8016	what is my total spent on dining out for the month of january
8017	count down 10 minutes
8018	what is the calorie content of a small bag of lay's potato chips
8019	tell me the visa card credit limit
8020	what should i do if my car battery is dead
8021	go ahead and cancel the reservation i made for 6:00 pm at parc
8022	what's a fun fact about eggs
8023	i need my luggage that your airline lost it was flight abc123 and now it’s suddenly missing
8024	my luggage was lost on the flight
8025	make a reminder to do my taxes
8026	share some of your hobbies with me
8027	would you please inform me about my credit card's apr
8028	bring up my most recent purchases
8029	i need you to flip a coin
8030	i would like to know this song's title
8031	i wanna get some new checks cause i ran out of them
8032	how would you put what life is all about
8033	set a timer to go off in 5 minutes
8034	volume needs to be at 4
8035	make me a reminder about booking it
8036	what can you help me with
8037	how much state taxes do i owe
8038	i have a reservation at pizza hut under the name leia roberts and i want to cancel it
8039	please give me the amount of pressure in my car tires
8040	do you know what the meaning of life is
8041	could you tell me where did you originate
8042	what are the different subjects that you know
8043	when was the last time i got my oil changed
8044	set up direct deposit for me
8045	let me know something funny
8046	do i need specific shots before traveling to germany
8047	credit limit
8048	please tell me the status of my last online order from walmart
8049	i would like to reserve a table for 2 at sam's steakhouse under the name jessie at 6:30 pm
8050	it looks like someone made an unauthorized amazon purchase on my account
8051	i want to find a new united healthcare plan to get on
8052	can you book me a room in new york city from april 2 through april 8
8053	could you please change your accent to the male british one
8054	help me find my phone
8055	how long will it be for me to get a new card
8056	i need to hear how many points i've obtained on my capital one visa
8057	make an alarm for me
8058	when is my car due for an oil change
8059	what kind of interest am i getting from my bank of america checking
8060	i need help finding a recipe for enchiladas
8061	i would like to know my chase interest rate
8062	pull up my grocery transactions
8063	do you know where my package is
8064	pay the cable bill with my visa card
8065	i must know when should i get my oil changed next
8066	is mr ceo waiting me now
8067	convert inch to cm
8068	how are things going for you
8069	what's dollars yen in 10
8070	what time is it now in michigan
8071	can you explain my benefits
8072	tell me how to change my insurance policy
8073	i need an 8 o'clock reservation at pizza hut for the last name mercury
8074	what's the status of my gas tank
8075	what do i do to fix a dead car battery
8076	how do i know when to change my tires
8077	what information can i ask you
8078	will i have enough to get a new roku with my savings account
8079	please speak to me in chinese
8080	where is an appropriate place where i can schedule to check out my tires
8081	what's 10 euros in dollars
8082	how many calories does a big mac have
8083	can you tell me the limit i currently have on my barclay card
8084	please run that by me again
8085	i'd like to know your hobbies
8086	whats my recent transactions on my card
8087	you are so thoughtful and i appreciate your gesture
8088	i appreciate the help
8089	what are the carry-on restrictions for southwest airlines
8090	i need a new accent male british
8091	tell me something fun about gravity
8092	do you have any of the beatles music
8093	what kind of gas goes in this car
8094	when is my next vacation day
8095	i was trying to buy a chainsaw at the tractor store and they said my card was declined
8096	positive
8097	my phone is lost - can you help me find it
8098	nice to see you
8099	when do i need to change my motor oil next
8100	share my gps coordinates with kelly
8101	i would like to compare insurance plan options
8102	what can a tourist in denver do
8103	transfer 1000 dollars from my first national bank to my bethpage federal credit union savings
8104	is my card set to expire soon
8105	could you tell me the name of your boss
8106	transfer happy to my rb playlist
8107	what's the spelling of cancer
8108	what can i do if i lost my luggage
8109	i think someone's using my visa card without my permission
8110	send 400 dollars between city bank and usaa accounts
8111	i'm driving from la to denver and need my bank notified
8112	look up the date of my car's most recent visit to the shop
8113	would you schedule a meeting with carrie and lisa please
8114	please change the pin on my bank of america account to be 1234
8115	get me access to a list of my recent transactions
8116	schedule an appointment for a tire check for me
8117	i need to include a stop at the pharmacy to the list of things to do
8118	it was nice to catch up with you
8119	how does this car do on its fuel
8120	i want to know the bill's minimum payment
8121	tell me how i should cash in my rewards for my citibank card
8122	can you tell me my routing number
8123	can i increase the credit limit on my old navy card
8124	please create one alarm for 330 pm and one for 8 pm
8125	how long does it take to replace a lost card
8126	how much do i owe for my gas and phone bills
8127	can i cancel my reservations please
8128	tell me the conversion between tablespoons and cups
8129	how long is the wait at macaroni grill
8130	please send a text message to natalie for me
8131	can you tell me which vaccines i need to take before mexico
8132	i am ready now to use some of the credit card points i have saved
8133	please change accent to british male
8134	how high in calories is pork
8135	do you have a record of when i last got my car checked
8136	i want to change my pin number for my checking account
8137	uber ride available from here to downtown
8138	can you tell me today's date
8139	how long can i expect to keep steak in the freezer
8140	can i change your language
8141	tell me what's on the calendar for saturday
8142	what's the time frame for hamburger stored in the freezer to go bad
8143	can you tell me the address where i am right now
8144	how many vacation days have i spent in total
8145	what is the company that made you
8146	if i go to baltimore will i be safe
8147	could you connect to my phone, please
8148	my luggage is missing
8149	do i have any meetings with dave today
8150	secure the doors
8151	please cancel the table for two at burger king
8152	how you are
8153	i'd like to find a hotel in tampa that people liked enough to leave good reviews about
8154	tell me today's weather forecast
8155	can you send me an uber to go to a restaurant in downtown phoenix
8156	does buffalo wild wings in concord take reservations
8157	i'm going out of the country and need to notify my bank
8158	trey needs my current location
8159	compare fares for al italia from bucharest to tampa returning before thanksgiving
8160	does my amex card use international transaction fees
8161	do i need to apply for a visa to visit dnipro
8162	tires should be changed when
8163	i need to see my shopping transactions
8164	i need to know what the traffic is like on the way to phoenix
8165	will you give me some guidance on how to make ceviche
8166	how many vacation days have i used
8167	my card is coming by mail how long will that take
8168	whats the cars mpg
8169	my card isn't working
8170	where is my w2
8171	how do you make benedict arnold
8172	can you tell me if there is anything on my todo list
8173	submit full payment to chase for my visa bill
8174	mind connecting to my phone
8175	i need to know if it is possible to rollover my 401k
8176	add this song to the end of my led zeppelin playlist
8177	list a few pizza places that have seating near my current location
8178	nutrition information of mashed potatoes
8179	how do i make pumpkin pie
8180	what is the meaning of word alliance
8181	indicate something funny on the topic of food
8182	not that one
8183	is it recommended to get any specific shots before i travel to argentina
8184	can you explain to me how to rollover my 401k
8185	book a flight from key west, fl to san antonio, tx on 18 february 2019 and returning on 5 march 2019
8186	where did you last live
8187	can you see where my package is
8188	when can i put a pto request in for feb 22 to march 1
8189	compare prices for flights from recife to miami leaving may 20 returning june 5
8190	is it safe to travel to iceland
8191	get me a meeting room for 9am on friday
8192	when is the upcoming holiday, please
8193	okay thanks
8194	can you give me a good piece of trivia about the rainforest
8195	what is my gymboree card's rewards balance
8196	what do i have on my calendar for february 8
8197	can you check to see if my order has been delivered
8198	can you freeze my account
8199	i'd like an italian meal suggestion
8200	do you know if cheese cake factory does reservations
8201	by what nym do you think of me
8202	what was it i wanted to remember
8203	how long is it acceptable to carmelize onions
8204	no don't do that!
8205	i need to report unauthorized activity on my card
8206	which type of plugs do they use in scotland
8207	what is the routing number on my first merit account
8208	please request pto for me from march 3rd to march 7th
8209	can you tell me if my last amazon order is coming today
8210	calculate my total income from my job
8211	i would like a reminder
8212	what is the quickest way to get a new card
8213	i want you to send ten dollars from bank of america to capital one
8214	do i need to get a visa for traveling to chile
8215	tell me about your hobbies
8216	will my credit card be mailed soon
8217	i would like an appointment to get my oil changed
8218	i need that repeated
8219	please cancel that last task
8220	how do i change the oil for my car
8221	please remind me to take out the trash
8222	switch the pin on my chase account
8223	i must say goodbye
8224	can you roll a dice with 6 sides
8225	direct me to the closest korean grocery
8226	can you confirm my account's blocked and tell me why
8227	how much will i pay in state taxes
8228	what can i do to keep my score from dropping
8229	if i cook the pizza at 400 degrees how long must it be in for
8230	i was on delta flight ab123 out of new york and haven't been able to locate my luggage
8231	i'd like to take a vacation day from 2/24 to 2/25
8232	what benefits are provided by my insurance
8233	when is my mortgage payment due
8234	start a countdown for 20 minutes
8235	i have transactions on my card that aren't mine
8236	do you know the expiration date that is on my visa card
8237	never mind
8238	what can harm my credit score
8239	i am needing to know when you were born
8240	i want to send a text message to
8241	what is today's month, day and year
8242	you can call me brandon
8243	the meaning of life please
8244	volume to whisper voice
8245	go to the next song on the playlist
8246	what's the currency conversion between rubles and yen
8247	does chili's have good reviews
8248	how can i build my credit
8249	i'm going to paris, what plug type do i need
8250	i want to hear from you in german
8251	are you a real person or automated
8252	give me expected number of calories in a breakfast burrito
8253	what time is my plane supposed to arrive
8254	thanks for talking to me
8255	can you schedule a meeting for me
8256	what's my checking balance
8257	what's the due date for the renting bill
8258	tell me the nutritional information for chicken nuggets
8259	my credit card application has what status
8260	i would like you to suggest a chinese dish
8261	please give me a really impressive piece of trivia about bubble gum
8262	in spanish, meet me tomorrow is said how
8263	what sort of fuel do i need for my car
8264	its date night and we cant decide where to go help
8265	how long should i bake the brownies for
8266	what is my apr
8267	please dial christie's number
8268	answer me in french
8269	can you tell me the drive time to the nearest gas station
8270	i need to know how much of my pto has been used at this point
8271	my card was rejected at the zoo, could you tell me why
8272	if you were to call a place your beginning, your home start, where would that be
8273	i need to pay my bill
8274	translate hello to french
8275	can you tell me whether or not you approved my vacation time
8276	i need to know what the latest is with my application for a visa credit card
8277	i want to apply for a mastercard
8278	can you get me an uber to the movies
8279	no, that is inaccurate
8280	on what date did i get paid last
8281	i'm going to be in thailand from october 15th until october 23rd
8282	what's the current song that we are listening at this time
8283	please set a timer for 20 minutes
8284	what is 22+ 6
8285	what would you like to be called
8286	turn down your volume
8287	call the restaurant and cancel my reservation
8288	online order: status
8289	i want to do a payment on my water bill
8290	i'm out of laundry detergent so will you put that on my shopping list
8291	what's the traffic like right now for my route to work
8292	at four, how much business does georgio have
8293	i do not believe that that is correct
8294	i would like to get an uber to the movies
8295	confirm the doors are locked
8296	will they let me up my credit limit to $1000
8297	can a phone call be made to maria
8298	a meeting needs to be schedule and i need to know how
8299	could you roll the 8 sided dice
8300	where are there current travel alerts
8301	tell me a fun fact about tigers
8302	what type of plug do i need when in rome
8303	can you tell me the best place for cajun shrimp in tampa
8304	i am needing you to tell me how to get to dallas, texas, by bus
8305	please give me my salary figure
8306	how to make mac and cheese
8307	please delete the reservation for 3 people at outback
8308	my card is ruined and isn't working
8309	are there international transaction fees associated with my td bank card
8310	i need quiet; use whisper
8311	i gotta pay my cable bill
8312	bring up all purchases from target
8313	does carrying a balance hurt my credit score
8314	do you know any fun facts about mt everest
8315	go ahead and increase the volume to 4 please
8316	thanks, that's helpful
8317	am i ready for an oil change soon
8318	how do i change the speed of my ai's voice
8319	can you tell me how to change my oil
8320	could you tell me what kind of money i've recently spent
8321	text my friend for me and tell them to meet me later
8322	look up the expiration date for my barclay's card
8323	please tell me when is the next holiday here
8324	may i apply for a new credit card
8325	i have credit card points, how do i redeem them
8326	you could tell me if you were real
8327	what will i need to make lasagna
8328	when did i take my car to paul's auto last
8329	i need you to let me know what the status of my day off request is
8330	how have you been doing
8331	i must confirm my reservation for 2/20 at 8 pm
8332	can you give me the answers in italian instead of english
8333	can you help me rent a car in las vegas
8334	how long until you send me a replacement card
8335	what topics are you versed in
8336	i need you to find a mechanic for my check engine light
8337	i'm unsure of the answer
8338	i need to to the female voice
8339	you need to go back to the original settings
8340	what is the apr on my first bank card account
8341	i'd like to know how to make changes for my insurance policy
8342	i need to talk to someone on the phone
8343	how do i alter my insurance policy
8344	what ingredients do i need to make pancakes
8345	is there a routing number for wells fargo
8346	what's the minimum required payment on my visa card
8347	i don't know how to jump start my car
8348	can i get paychecks directly deposited to my bank of america account
8349	i seem to have lost the pin for my retirement account
8350	could you check if my order has been delivered, please
8351	help me find a roundtrip flight for may 7th through the 20th from pittsburgh to chicago
8352	how many miles will i get for one gallon on this car
8353	no payments on my bank account
8354	when's my meeting with richard
8355	do i need a socket converter in england
8356	could you check to see if my order has been delivered, please
8357	what's the amount of time off i've had
8358	stop that
8359	what is the way to jump start my car
8360	what timezone is honolulu in
8361	i'm not sure what the answer is
8362	dial lisa's cell phone number
8363	check my calendar for saturday
8364	my card is cracked and i want to report it
8365	you're talking too fast i need you to slow it down
8366	i wanna know five dollars in yen and rubles
8367	in what timezone does baton rouge fall
8368	what is the apr on my aaa visa card
8369	i need to know bank of america's routing
8370	my credit card snapped in half while i was fiddling with it
8371	stop using the whisper mode
8372	when can i start boarding my flight
8373	turn down volume
8374	noodles need to cook for how long
8375	how much gas to i have left
8376	tell me what to enter into my gps for my current location
8377	how is my name saved
8378	please tell me how to change the oil in my car
8379	i wanna know my current location
8380	can i substitute rice milk for milk
8381	can you name the song on the speakers
8382	i didn't get your name
8383	what do i get taxed at my income level
8384	revise the ai name
8385	how can i change centimeters into inches
8386	i need to pay my cable bill from my checking account
8387	can you tell me your place of origin
8388	where do i locate the form that has my tax information
8389	what is the amount of calories that scrambled eggs has
8390	i want to buy an iphone7
8391	how long until i need to change my oil
8392	please double check on my reservations for buffalo wild wings at five for the game
8393	i'm traveling to england soon and want to inform my bank
8394	when my credit card is going to expire
8395	how will i know when my application for a credit card has been processed
8396	tell me the timezone for hong kong
8397	what is the next holiday on the calendar
8398	how much fuel do i need to get to buffalo
8399	what do you do for fun
8400	how long do i put the casserole in
8401	you work for who
8402	are my doors locked right now
8403	what's the routing number for my bank of the west account
8404	call aj
8405	what topics can you answer questions on
8406	does one need a visa to go there
8407	when do i need to pay my annual payment for auto insurance
8408	tell me the content of my to do list today
8409	for march 1 to 2 make a pto request for me
8410	i would like to report my card as stolen, please
8411	i don't have butter can i use oil
8412	give me location for tourist destination in bangkok
8413	what products are on my shopping list
8414	when was the date that i was last paid
8415	you refer to me as what
8416	can i increase the credit limit for my visa platinum card
8417	i will know later
8418	do i have any appointments on tuesday
8419	this costco charge looks fraudulent
8420	is my gas tank full
8421	can you tell me my starbucks rewards balance
8422	your boss is who
8423	i don't have the answer
8424	i'd like to call you alex
8425	does chili's take reservations
8426	for under 700 i need a flight from denver international to new york international on the 3rd
8427	i want to convert my credit card points
8428	how many years old are you
8429	will i be charged if i use the card in germany
8430	i want to go to china but am not sure if i need an international visa
8431	how many feet are in 50 yards
8432	send chris a text message that says stop for milk on your way home
8433	whats a good chinese dinner suggestion
8434	what's up with my 401k and will it roll over
8435	do you have a nickname
8436	what is 78 times 85
8437	please change your accent to the male british one
8438	name some tourist things to do in chicago
8439	how do i find out my rewards balance on my chase card
8440	i need you to look up the date of my car's last visit to the shop
8441	please do me a favor and call brother mario
8442	could you make me a reminder to do the floors
8443	do i need a vaccination to go to china
8444	please stop calling me dave, my name's bob
8445	in which timezone is jamaica
8446	can acero take reservation
8447	is it raining
8448	could you use a male voice
8449	what's the time right now
8450	what would cause my bank account to be frozen
8451	i lost my card, how do i report it
8452	you sound like a bot
8453	what's the artist's name of this song
8454	you have my sincere gratitude
8455	please confirm my reservation for red robin at 9
8456	what song is playing
8457	i want to know all about trivia for the office
8458	would you unsync the phone now please
8459	tell me the exchange rate between rubles and dollars
8460	how many miles before i need my tires changed
8461	could you tell me what my routing number from first republic is
8462	remind me of what i asked you to remember
8463	help me book a rental car in green bay
8464	can you confirm the date my last paycheck was received
8465	i can't answer that
8466	what is the distance to austin city limits from my hotel , the holiday inn at austin
8467	help me search for my phone
8468	can i make a reservation for 2 at state bird for 8:30
8469	can you tell me my income tax
8470	name the singer of this track
8471	transfer 200 dollars from paypal to savings
8472	inform eric of my current location
8473	what do you think i should prepare for my dinner
8474	is there someone else you work for
8475	can you give me a spelling for antipathy
8476	i misplaced my visa and need it marked as lost
8477	i would like to know if you are an artificial intelligence being
8478	i wanna confirm my reservation for 2/20 at 8 pm
8479	are there any travel alerts for seattle
8480	what are my recent transaction
8481	quit the current action please
8482	do i have enough money in my chase account for a new refrigerator
8483	help me pay my electric bill
8484	what's a big bowl of ice cream contain in calories
8485	i think a thief used my card
8486	what time is it in the alaska standard timezone
8487	i tried using my card at chipotle yesterday and it was declined; why
8488	what are my recent purchases
8489	i need to know the calorie count of a bacon cheeseburger
8490	help me transfer $x from credit to debit
8491	what is the weather like in denver
8492	it was pleasant conversing with you
8493	roll dice now
8494	find me a hotel in kansas city with good reviews
8495	can you tell me why there's a hold on my mutualone account
8496	go ahead and delete the doctor appointment i have scheduled for monday
8497	do i need to read any travel alerts for kenya
8498	how long will eggs last in the fridge
8499	your boss is
8500	i want to go out to eat but have no idea where to go, do you know of any places
8501	will you respond to adam instead of the current name
8502	can you read my to do list to me please
8503	please set an alarm for 2 pm for me
8504	yes, that's correct
8505	is there any traffic on my way to work
8506	will they take reservations at torris
8507	i'm going to the mall at 5:00 what will traffic be like
8508	make an order of bread because i am out
8509	call me an uber please, and make it for four people to go downtown
8510	please tell me the status of my southwest flight
8511	what is the time frame for receiving a new credit card if my original one gets lost
8512	set up a 52 minute timer
8513	can you check the air in my tires
8514	what is on my to do list
8515	who brought you to life
8516	how long will it take to get to tacoma
8517	what is the minimum i need to pay for my cell phone bill
8518	would you tell me when i should replace my tires next if i last replaced them on june 2
8519	please put a block on my capital one account immediately
8520	how do i get a new credit card
8521	i gotta know when my flight will land
8522	my credit card has been stolen and i want to know how long it will be before i can get a new one
8523	what is the duration of time cookies should be in the oven
8524	roll a pair of six sided dice
8525	are there any good restaurants in nyc that serve barbecue
8526	what was that last thing you said
8527	what is 7 x 7
8528	how safe is it to travel to germany
8529	can you set the temp to 69
8530	remove my todo list
8531	what is the record high temperature for today
8532	tell me some good mexican restaurants in dallas
8533	abort please
8534	share with me a fun fact about outer space
8535	what are people saying about chipotle
8536	how much is my electric bill for this month
8537	how many more days until the next holiday
8538	thank you very much for the assistance
8539	my account has been blocked, but i have no idea why
8540	take one hundred and fifty bucks from my wells fargo checking account and put it in my wells fargo savings account
8541	insurance benefit information
8542	put in a pto request for march 4 to march 6
8543	is cleaning the outside windows on my todo list
8544	please tell me the address of my current location
8545	please start my car
8546	what's the time it takes to make a decent omelette
8547	is my package able to be tracked by you
8548	my interest rate please
8549	i need to know where to get w2
8550	thanks, i appreciate it
8551	i wonder how many points i have earned with my bank of america card
8552	could you freeze my account
8553	will you please repeat what you said
8554	i am glad that you did that
8555	can you speak with me using faster speech
8556	about how long does it usually take a new card to get mailed to me
8557	can you explain the meaning of life
8558	roll the die!
8559	when do i need you change my oil
8560	what are the things you can help me with
8561	i need to let my bank know i am traveling to detroit
8562	is any traffic on my route to work
8563	can you text christopher and tell them im on my way
8564	can you tell me what reminders i've set
8565	can you get me a table for 5 at mcdonalds at 5pm
8566	in terms of making scrambled eggs, what ingredients do i need
8567	what is my car's tire pressure
8568	that isn't the right answer
8569	tell your hobbies
8570	how do i know if you are a real person
8571	establish a connection to my phone
8572	how healthy is pizza
8573	if i'm going to africa, do i need some shots first
8574	what is the balance in my pnc account
8575	i am flying jetblue and need to know what the most number of bags are that i can carry on
8576	i must find the interest rate for my checking account
8577	please call an uber for me
8578	yes you are right
8579	when do i owe the rent
8580	do i still owe any bills
8581	could you check to see if my order has been delivered
8582	convert 2 inches to meters
8583	find the applicable timezone for austin
8584	clear my calendar for the date of june 23
8585	if a recipe calls for sour cream, can i use yogurt
8586	what chunk of my income have i spent on rent this year
8587	i want to hear that again
8588	i am trying to find my credit score
8589	does nopa in san francisco take reservations
8590	what ingredients are in sushi
8591	how long have you been alive for
8592	what do i pay in taxes
8593	what's my pnc balance
8594	what is on my shopping list
8595	what's the name of the song you're playing
8596	usd to the euro exchanges at what right now
8597	do you know the nutrition facts for grapes
8598	tell me the status of my day off request
8599	did i lock the doors
8600	who is the boss of you
8601	make a switch to whisper mode
8602	advise sam of my current location please
8603	how would you like me to refer to you
8604	i'd like to know what the date is
8605	which rules does delta have for carry on
8606	how expensive is it to fuel this car
8607	i gotta know what kinds of pets you have
8608	how many vacation days do i have remaining
8609	is there enough money in my discover account for a vacation
8610	i was just at target and they declined my card and i can't understand why
8611	how high is my credit limit for my chase card
8612	i need to know when to change oil
8613	i want you to play the next song on this playlist
8614	what are the top 10 ways to build my credit score
8615	please set a timer to go off in 45 minutes
8616	how've you been feeling
8617	tell me a joke about lawyers
8618	could you tell me my interest rate
8619	will you notify me when my new card is on the way
8620	is the processing done on my new credit card
8621	how to report bent credit card
8622	requesting money transfer between accounts
8623	could you check my bank balance for me
8624	that's not what i want!
8625	report lost card to discover company
8626	what kind of international transaction fees are related to my amex
8627	how do i activate you
8628	what do you need to make general tsao's chicken
8629	i need to order more checks for my usbank account
8630	send text message to
8631	create a link with my phone
8632	how long does it take to get to houston by bus
8633	hey how's life
8634	tell me if you are a real person or an ai
8635	will an oil change be on my to-do list tomorrow
8636	i need to apply for a visa card
8637	add everything to my shopping cart
8638	how can i find out about new insurance
8639	what is the exact time
8640	i'm going to need a hotel in tampa near ybor city for march 23rd through the 28th
8641	i must pay my cable bill from my checking account
8642	where do i go to get my w2 for tax reasons
8643	what's the last transaction i made yesterday
8644	if i am going to the uk are any specific shots needed
8645	i need to let my bank know i am traveling to paris
8646	i need to change my name to something else for you to call me
8647	can you help me apply for a visa card
8648	what are some of the ways that i can see an improvement in my credit score
8649	please tell my bank i will be in israel from the 6th to the 23rd
8650	i need to transfer one thousand dollars to my savings account from my checking
8651	say my credit score
8652	hi, i'm john
8653	what's the fuel economy of my car
8654	when is my car due for an oil change and lube
8655	remind me of the invoice total for my plumbing bill
8656	are you able to flip a two sided coin
8657	what should i know about the carry on policy for american
8658	how much did i spend on grocery shopping recently
8659	will i be able to get to the mall at 5:00, or will there be a lot of traffic
8660	is it okay to substitute oregano for basil
8661	what is the my comcast bill this month
8662	what kind of insurance plan am i enrolled in
8663	do you know any good jokes about zebras
8664	could you start a timer for me
8665	i'm wondering what health plan i'm on
8666	please show me how to order more checks for my savings account
8667	which purchases are on my shopping list
8668	how much is in savings
8669	make a new name for the ai
8670	how old are you
8671	how ya been
8672	how often should i have my oil changed
8673	will i need a plug converter for my electronics in amman
8674	what are some funny things about food
8675	are shots needed for uk travel
8676	how much money do i make a week
8677	switch to the next song on this playlist please
8678	i'll be out of the country soon, and want to notify my bank
8679	i think my account is block but i am not sure why
8680	i just found a better job and need to move my 401k over to my new employer
8681	send robert a text from me telling him okay
8682	what types of furry companions do you have
8683	call robby
8684	set timer for (x) minutes
8685	tell the bank i will be traveling internationally soon
8686	what is 606 divided by 5
8687	what do i have scheduled for march 2
8688	can you find the exact amount i pay income taxes
8689	how do i change my car oil
8690	what does x’s music sound like
8691	has my credit card application processed yet
8692	what is the least i can pay on my mortgage bill
8693	tomorrow i need an alarm at 7 tomorrow
8694	switch to quiet mode
8695	i'm out of detergent so will you order me some more
8696	do you know the ingredients used in homemade chicken soup
8697	can you tell me my current salary
8698	i need your help to jump start this car battery
8699	how can i schedule a vacation request
8700	that's a yes from me
8701	what number of vacation days remain for me
8702	what's the limit for my credit
8703	what are the most popular attractions in gatlinburg
8704	i appreciate your help, thank you
8705	i tried to use my credit card yesterday, but it did not work
8706	i need a quick recipe for spiral ham
8707	call dave
8708	did i get approval yet to take off next week
8709	how do you spell water
8710	i need the interest rate on my capital one account
8711	where is your home
8712	could you check and let me know roundtrip flights from dallas to houston for march 7 and march 20
8713	when do i need to change my motor oil
8714	how good is the fuel usage for this vehicle
8715	book me a car rental between january 1st to january 3rd in denver colorado and id prefer a ford
8716	have they approved my vacation request yet
8717	i didn't hear what you said
8718	please ask me again
8719	please add final exams to my calendar for may 2
8720	my card just got declined when i was in home depot buying tile
8721	how much is my cable bill for
8722	i am needing to know the current time in the eastern timezone
8723	i need a hotel room that can host 5 people from tomorrow to saturday in denver
8724	roll the 10 sided dice on time
8725	transfer between two accounts
8726	can i rent a car from dfw airport from march 1st to march 8th
8727	i want my savings account pin to be 1234 from now on
8728	yes you are correct
8729	what's my current interest rate, if you could look
8730	credit limit change
8731	add welcome to the jungle by guns n roses to my playlist
8732	can you please let me know when next my tires are due to be changed
8733	how does 10 pounds convert to euros
8734	6 sided dice roll
8735	what do you mix to make a chocolate cake
8736	i'm looking for a good suggestion for norse cuisine
8737	cancel
8738	hey hey!
8739	can you set me a reminder
8740	i want to confirm friday's reservation at 2:00
8741	do you have a car rental in new york from june 6th to june 9th
8742	how long to microwave a pizza
8743	abort running program
8744	if you had to choose, would you choose a cat or a dog
8745	can you help me pay this bill
8746	i'd really like to pay this bill
8747	hey, how's it going
8748	tell me the current location
8749	mind sharing a joke
8750	how is my application on new credit card going
8751	i want you to tell me my credit card's apr
8752	is there are limit of carry ons for my flight with aer lingus to cork
8753	what did i buy last
8754	use my credit card points
8755	what does saffron mean
8756	does long horns do reservations
8757	change the ai name
8758	regarding my name, whats it saved as
8759	when will my flight take off
8760	i'd like to add this song to my relaxation playlist
8761	make this song part of the 'kids' playlist
8762	fill me in on the reviews for ruby tuesday
8763	now what is the time
8764	x on the shopping list please
8765	can you tell me the nutrition info for pork sausage
8766	what is 22 meters in inches
8767	how much time left to pay my bill
8768	what's the reviews have to say about burger king
8769	do i need a new card yet
8770	give adam my gps coordinates
8771	is it possible for you to read the things on my shopping list
8772	what is the minimum payment i can make on my xcel energy bill
8773	i don't have checks so can i order some new ones
8774	how much is $1 usd in euros
8775	my card was not accepted for buying a computer at best buy
8776	make sure all doors are locked
8777	hi how are you
8778	are you one of my employees
8779	if i use my card in mexico, will there be added fees
8780	i need to find somewhere to check my tires out
8781	what is the total amount of gas in my car
8782	i need you to block my chase account immediately
8783	when am i due for my next paycheck
8784	did i spend too much dough on donuts last week
8785	mark my calendar that i will be meeting steven on march 5
8786	how much money do i bring in
8787	what time do you have on your watch
8788	what will be the date tomorrow
8789	i keep trying to figure out if i have enough money in my chase account to purchase a new set of tires
8790	how's everything
8791	if i want to cash in my american express rewards, how do i do that
8792	what is 5 in yen and rubles
8793	how early should i leave to the airport in la
8794	can you see if you can track where my luggage is
8795	how do germans say goodnight
8796	transfer $5 from savings to checking
8797	i need to swap salt for baking soda
8798	i need help with my 401k rollver since i got a new job
8799	please start counting down from 10 minutes
8800	what might i need to do to direct deposit my paycheck
8801	i feel i would like to get some more checkbooks mailed to me
8802	can you find me a roundtrip flight from orlando to austin for 3/28 to 4/5
8803	how much paid time off have i used
8804	what is 78 times 81 minus 5
8805	freeze my account immediately
8806	how long until my cereal is ruined
8807	i would like to know delta's carry on policy
8808	is vacuuming on my todo list
8809	disconnect sync from my phone
8810	what funny jokes do you know
8811	can you help me rollover my 401k to my new place of employment
8812	what are the sorts of things i can ask you about
8813	i need to know about travel alerts for mexico
8814	i want to update you name now
8815	your name will be queen
8816	has my time off request been approved yet
8817	what kind of oil does my car take and how do i do a change
8818	where should i go for dinner
8819	i'd like to order more checks for my savings account
8820	what is the time frame for changing oil
8821	3 of us need to get to union station via uber
8822	how bad is the traffic on the way to downtown
8823	can i use baking powder instead of baking soda
8824	please revert to your factory settings
8825	what is on my calander for valentines day
8826	say it again
8827	does my life have meaning
8828	i ned you to flip a coin
8829	roll the dice
8830	what do you do to occupy your free time
8831	when's the next day off coming up
8832	i am josh
8833	what is the location of my w2 that is needed for taxes
8834	i'm out of kleenex so will you put that on my shopping list
8835	i need a meeting scheduled with bob for 7:00am on 9/11
8836	favorite what's currently playing on my playlist
8837	peace
8838	do i need to get a visa for russia
8839	turn on the tv please
8840	what is the interest rate at chase
8841	make a reservation for tuesday at 7:00 pm at cielo for 2
8842	i would prefer not
8843	set your language setting to english
8844	how come a hold was placed on my 401k account
8845	how is the steamed fish at harbor village
8846	how much can i charge on my visa
8847	including the day i missed because of snow, how much time have i take off work so far
8848	set my amex pin to 1234
8849	is my schedule clear with no meetings with dan today
8850	what is the current song
8851	create a new text message
8852	whats the minimum payment on my electric bill
8853	switch the language for your responses, please
8854	what meetings are on my calendar
8855	what's a good joke
8856	do you happen to be employed by me
8857	why did you decline my card at sfo
8858	how many calories are in chocolate ice cream
8859	can you play music by the rolling stones
8860	i have suspicious charges on my discovery card
8861	what plug type does greece use
8862	i need to cancel my reservations
8863	i need a place in pittsburgh to stay from monday to friday, can you help
8864	how many vacation days do i still get
8865	adios ai
8866	what location were you born in
8867	i want to hear everything on my reminder list
8868	is my day off request approved
8869	your answer is appreciated
8870	i'm inquiring about the availability of a room that fits 10 people from monday to tuesday in manhattan
8871	locate my phone
8872	can you share the status of my day off request
8873	how is my vacation request looking
8874	i'm out of shampoo so will you order me some more
8875	when is my cards end month
8876	would it be smart to put air in my tires
8877	what do you get if you divide 3 by 2
8878	what does your boss go by
8879	look to see if my application for the barclay's card has gone through yet
8880	can i substitute cream for milk
8881	i'm traveling to belgium soon and want to inform my bank
8882	read me the nutrional info of a bag of lay's potato chips
8883	what is the calorie going to be if i'm eating cereal
8884	i want to be called tom
8885	set up a timer
8886	how much did i spend on lunches last week
8887	what recreational activities do you enjoy
8888	what type of plug does the country use
8889	look up carry-on rules for american airlines
8890	tell me a fun fact about the moon landing
8891	what do you have answers for
8892	make a new alarm
8893	what's the traffic like to city hall
8894	my damage card is not working
8895	i want to be out of whisper mode
8896	how do i change the oil in a car
8897	please use male voice
8898	can you find music by slow magic to put on
8899	can we stop my bank account
8900	that's not right, so no
8901	tell carl that he sucks
8902	what's my interest rate with my capital one account
8903	are you employed by someone else
8904	give me the date
8905	what is the interest rate on my charles schwab checking account
8906	say my name if you know it
8907	are there any transaction fees associated with my navy federal card if i am in japan
8908	i want to order some more checks for my savings account
8909	how many miles can i drive before needing the next oil change
8910	can you book me a place to stay in pittsburgh from monday to friday
8911	can you call dominos pizza
8912	on a flight with jin air to jeju, how many carry ons are allowed
8913	if i am in reno, what would the timezone be
8914	whats 5 feet in inches
8915	is there a reason my card was declined
8916	put spaghetti on my shopping list cause i'm out of it please
8917	i need a flight from denver international to new york for under 700 on the 3rd
8918	set up a new pin number on my college fund account and make it be 1234
8919	i would like to know my car's tire pressure please
8920	hey, speak slowly
8921	what is my vacation schedule look like
8922	please tell me the weather forecast
8923	the information is wrong
8924	look up qat please
8925	what's the exact date that my chase card will no longer work
8926	which organization you work for
8927	my credit limit needs to me changed
8928	what name should i call you
8929	is there a charge to use my card in japan
8930	where can i rent a car soon
8931	please change the language
8932	tata for now
8933	text mom where are you
8934	give me my gps coordinates
8935	read all my reminders
8936	meaning of life is
8937	stop it
8938	when do i need to pay the water bil
8939	oil changes are typical done when
8940	i would like a coin flip
8941	transfer 100 dollars between checking and savings
8942	how long is the drive from sfo to fisherman's wharf
8943	can you check what fuel type to use with this car
8944	tell me my income
8945	talker faster please
8946	how's ife treating you
8947	who you work for, please
8948	are you real or not
8949	how can i unsync my phone
8950	please change the language that you are responding in
8951	look up how much i earn annually
8952	make the volume set to 4
8953	look for travel alerts for china
8954	i am enrolled in what insurance plan
8955	who were you created by
8956	what day do i have to pay for my capital one card
8957	do i need to pay for delta carry on
8958	how many more days until my next paid day off
8959	randomly pick between heads or tails and tell me if tails wins
8960	i need to pay my cable bill
8961	what's my pioneer routing number
8962	can you transfer $5 from savings to checking
8963	remove chips from my shopping list
8964	tell me the company that produces you and similar machines
8965	let me know what kinds of pets you have
8966	show me my transactions on tacobell
8967	how much mpg does this car get on the highway
8968	where are w-2 forms given
8969	how many miles per gallon do i get in my car
8970	can you check if my application for a discovery card has been looked over yet
8971	look up the status of the order i placed online
8972	i need an alarm set for ten pm and midnight
8973	is there a better way to check my visa rewards card balance
8974	what is the status of my online order
8975	can you swap to male voice
8976	spell government
8977	ai can you help me find my phone
8978	i need help paying my store bill
8979	can you get me a table for 3 at captain d's at 2pm
8980	what gasoline do i need to buy
8981	tell me your date of birth
8982	can i increase the credit limit for my bank of america card
8983	what's my health plan
8984	you can call me stevie
8985	is there a way to get a larger limit on my bank of america card
8986	can i see my transactions from yesterday
8987	can you tell me what i owe for this month's phone bill
8988	tell me how many teaspoons are in two cups
8989	check to see when my car was last in the shop
8990	what is the full name of your boss
8991	please confirm my reservation at parc for 8:00 pm, with the name denise jack
8992	tell me why my card got declined
8993	is the limit on my visa card able to be increased
8994	get me an uber to the airport
8995	can you show me my shopping list
8996	i must switch to the male voice
8997	do i need a visa to go to cuba
8998	report my credit limit
8999	give my my current points on my marriot rewards card
9000	who are you employed by, please
9001	on turn tv
9002	erase the items on my to do list
9003	i need to change your name, do you have a new name that you like
9004	how much do you make an hour
9005	im going to be in canada from august 10th until august 12th
9006	i would like to know all of the covered benefits that are given by my health care plan
9007	i'd like to know the apr on my visa card
9008	is pizza considered healthy
9009	please connect to my phone
9010	look up hotels with positive reviews in new york city
9011	add a vet appointment for 5 pm on saturday
9012	can i use my credit card points to make purchase
9013	madison to atlanta delta ticket
9014	my car needs to be brought for maintenance
9015	include this song in the 'kids' playlist
9016	let me know the credit limit for my credit card
9017	can you change to the whisper voice setting
9018	i am unable to complete my order, why could there be a hold on my wells fargo account
9019	what is thank you in spanish
9020	put laundry on my list of things to do
9021	what's the minimum payment on my credit card bill
9022	suggest a few local eateries in mid price range
9023	i have potatoes in the cupboard from wednesday, are they fine
9024	which company is responsible for your design
9025	i intend to learn how to change oil in my car
9026	i want to cash my credit card points
9027	what do i do to jump start my car
9028	i appreciate that answer
9029	please tell me my current location
9030	what do i need to go shopping for
9031	where do i get the form that shows my wages for the year for taxes
9032	any idea what my credit score is
9033	can you check on a transaction for me
9034	how much is my water bill for
9035	would i need a visa if i want to travel to mexico
9036	what's life's meaning
9037	i need to know the cost of the cable bill
9038	on my chase bank account what is the interest rate
9039	can you book me a hotel in los angeles near commerce casino from april 1st to the 5th
9040	what is the meaning of the word lux
9041	send fifty dollars from me to carrie
9042	give me the name of the insurance plan that i enrolled in
9043	i am jason
9044	what languages can i switch to for your responses
9045	what might the meaning of altruism be
9046	what is the pressure like on my tires
9047	what is 35 times 23
9048	i'd like to know your name
9049	notify my bank i am travailing from denver to la
9050	how many calories should i plan to be in a donut
9051	i'd like a 7 sided dice roll please
9052	please flip a coin for me, tails i win
9053	what's chicago's time zone
9054	i'd like to schedule some pto from 2/22 to 2/25
9055	is there enough money in my discover account for a new pair of jeans
9056	siri, call jacob
9057	i need you to add creamer to my shopping list
9058	i no longer need the dinner reservation
9059	can you speak like a british dude
9060	at what point should the oil be changed again
9061	how many calories are in cake
9062	whats the reward balance for my visa
9063	when taking a flight with porter to toronto, how many carry ons can i take
9064	can you give me the car's mpg for the city
9065	have i earned a lot of points on my capital one card
9066	it could be either, i think
9067	please cancel my dinner reservation
9068	tell me if flipping the mattress is on my list of reminders please
9069	can you give me an overview of what march 23 will look like for me
9070	can i increase the credit limit on my walmart card
9071	what is the name you would use for me
9072	no that isn't correct
9073	whats the pressure like in my tires
9074	what ingredients are in spinach dip
9075	i want to learn a neat fact about black holes
9076	can i change the voice to male
9077	instead of pepper, can i use salt
9078	send a text and tell chris i’m not working today
9079	are there any transaction fees associated with my amex card if i am in the uk
9080	what are you interested in
9081	assist me in getting a car rental
9082	i'm out of toilet paper so will you put that on my shopping list
9083	help setting up direct deposit
9084	i want to pay my car bill
9085	speak navajo
9086	i would like to have march 5th's 5k added to my calendar
9087	connect this song to my playlist 'kids
9088	how long should i cook a glazed ham
9089	it seems that my account is blocked and i'm not sure why
9090	is there a way to increase the credit limit on my american express card
9091	how do i go to whisper mode
9092	i like to be called mikey
9093	is my application processed for credit card
9094	i would like to change my pin number for my chase account
9095	find me round trip flights out of lax to sfox
9096	i'm looking for a roundtrip flight from aaf to dia for february 23rd to february 28th
9097	what can i put on my bank of america card
9098	could you ask the question again
9099	are you a real person or a robot
9100	how do you spell sanguine
9101	how about a coin flip
9102	i need to know my bank of america routing number
9103	please unsync phone from phone from home system
9104	i need an alarm at 8 pm
9105	how do i increse my credit limit
9106	what's your boss' name
9107	am i cleared to miss work for vacation
9108	what timezone do ho chi minh use
9109	what's my visa limit
9110	how high of a credit limit do i have on my amex card
9111	yes, that's it
9112	take me to the closest walmart
9113	tell me how you've been
9114	set up an alarm to remind me to give my cat her flea medicine
9115	tell me what alternative means
9116	what do i need to get to put into homemade tortillas
9117	how much psi is in my car tires
9118	help me figure out where this fraudulent transaction from google came from on my account
9119	name this song, please
9120	tell me something funny about pizza
9121	how many years do you have
9122	can you give me the travel alerts for jalisco, mexico
9123	tell my bank i'll be in jamaica from the 4th to the 11th
9124	what is the square root of 66
9125	can you tell me where you were born
9126	can i call you by any name
9127	how many carry ons can i take on a flight with american airlines to seattle
9128	tell me ths pressure of my tires
9129	when will my car need an oil change
9130	has anyone looked at my mastercard application
9131	read me cat trivia
9132	how much mpg does this car get in the city
9133	i need to know if the application been processed
9134	report my burned card to the company
9135	can you give me instructions on how to change the oil for my car
9136	what's my bill going to be for my taxes for tennessee
9137	add bread to my list of things to buy
9138	delete everything on my to do list
9139	secure us a meeting room for 9am on friday
9140	please send a text to phil and ask him if he wants to play golf this weekend
9141	what is 20 + 20
9142	i need to book a car rental in las vegas
9143	how much do i pay in taxes
9144	where can i go to see if my credit card application has been processed
9145	please call mark
9146	how much vacation days have i used
9147	what timezone is melbourne in
9148	where can i locate my w2 so i can do my taxes
9149	what's the recommended cooking time for steak
9150	move 100 dollars from checking to savings
9151	what are you able to help me with
9152	can you remind me the things i was trying to remember
9153	will i be charged for using my card in japan
9154	pull up instructions on how to jump start a car
9155	cancel my reservation for me
9156	have i been approved for vacation yet
9157	i got to transfer ten dollars from my bank of america account to my capital one account
9158	what type of insurance plan am i enrolled in, please
9159	please track my package
9160	are there any events on my calendar for january 1st
9161	what's the point balance on my marriot rewards card
9162	for the shopping list, add ham as well
9163	can you tell how many days i already took off this year
9164	use the whisper voice
9165	tell me this week's forecast
9166	check me out on the map
9167	please only call me joe
9168	i want help making a pto request for february 22-27
9169	i want to learn the process of changing oil
9170	shut up!
9171	can you give me some fun suggestions for tourists to check out in las vegas, please
9172	please find out the status of my vacation request
9173	tell me the mpg of this car
9174	go back to your factory settings
9175	how do i make tuna salad
9176	go back to whisper mode
9177	stop syncing with this phone
9178	how do i get to the statue of liberty on foot
9179	i'd like to know how old you are
9180	transfer $40 from account a to b
9181	i would like to know how to say hello in french
9182	let me know where i'm located
9183	how much pto do i have used up
9184	can you figure out the meaning of life
9185	can you order new checks for my citizens checking
9186	i need to change the language to french
9187	oil changes are typical done how often
9188	please find me a recipe for spaghetti now
9189	what type of pizzas are available for dinner
9190	is my order at the delivery address
9191	how many days have i taken off this year
9192	good evening
9193	what number of pto days do i have left
9194	tell me the gas type for that car
9195	can i change my nickname
9196	can you make a phone call to dave
9197	am i talking with real person or ai
9198	at 4 tomorrow afternoon, remind me to start the oven
9199	please be sure to put folding laundry on my to do list for me
9200	what is the expiration date of my milk
9201	does bar tartine in san francisco take reservations
9202	can you tell me when you were born
9203	do you know any jokes about librarians
9204	is any type of gas ok on this car
9205	you were born where
9206	how many points have been earned on my amex
9207	it's time for me to call drew
9208	set the temperature to 78
9209	when does boarding for my flight begin
9210	what's the temperature outside
9211	can you confirm my reservation for lance at morton's
9212	give me the info of when our next day off is
9213	i would like a reservation for 6:30 pm at pietro's under the name david jones
9214	i have no more checks, how can i order more
9215	i see a suspicious transaction in my account history
9216	what is gumbo made of
9217	should i air up the tires
9218	i need to figure out what to do about lost luggage
9219	what is a fun fact about dogs
9220	tell me something funny about politics
9221	who do i work for
9222	find a mechanic to look at my check engine light
9223	please put the meeting with carla on my to do list
9224	what is the sum of 3, 7, 9, and 24
9225	where is my credit score
9226	im at lax and my bags aren't
9227	flip the coin ai
9228	is there another company you work for
9229	i need to set up a new pin number for my college fund account
9230	time zone in miami is what like
9231	what if any meetings do i have today
9232	what insurance do i have
9233	i don't like that, no
9234	did i had my wife and mine anniversary to my calendar
9235	can you move my money to my savings
9236	go ahead and roll the 6 sided dice for me
9237	i need to know more about my health plan
9238	how long is the wait at buffalo wild wings
9239	my card snapped, can you tell my bank to send a replacement
9240	how is the traffic on rt 5 towards my work , community bank
9241	what's the least i can pay on the medical payments for february
9242	i'm looking for a back and forth flight from lax to portland for w to sunday
9243	how much will i have to pay in colorado taxes
9244	what things do you like to do
9245	i missed what you said, please say it again
9246	do a coin toss
9247	what date does my capital one card expire
9248	where do i make a vacation request
9249	i want a flight booked from new york to san francisco with continental
9250	i need to know how healthy meatloaf is
9251	deposit ten bucks from my chase account to my ally account
9252	who gave you life
9253	how long is the drive to the closest gas station
9254	how do i set up direct deposit for my old national account
9255	i'm not sure which it is
9256	please show me how to share my location with noel
9257	please pay electric bill
9258	i am not sure if i have enough money in my chase account to buy a new dress
9259	set my alarm for 5pm
9260	why is there a hold on my edward jones account
9261	flip a coin, you win with heads
9262	play the song god's plan
9263	can you lock all the doors in the house
9264	show me how i can get a new credit card
9265	i am looking for a vegan friendly italian pasta recipe
9266	play the song with the lyrics, 'baby shark, doo doo
9267	search my calendar for birthday party
9268	what is the reservation policy for spago in beverly hills
9269	set an appointment for an oil change
9270	thank you so very much
9271	what kind of fuel do i need
9272	how can i know my current location
9273	let me call mark
9274	would being late hurt my credit
9275	change back to default settings
9276	do you know who you report to
9277	please turn your volume up
9278	is it time for a tire change
9279	tell me how healthy mac and cheese is
9280	how do they say 'who is your father' in german
9281	do you know the status of the credit card application i filed
9282	what interest rate is us bank giving me on my acount
9283	i want to know what kinds of pets you have
9284	in tokyo, what's the time
9285	what's my current limit on my mastercard
9286	are you working for me
9287	please roll the 5 sided dice
9288	transfer ten dollars from my wells fargo account to my bank of america account
9289	to what extent until the following day away from work
9290	how do i transport my 401k
9291	can you tell me the remaining time i have for pto
9292	how many rewards points do i have for my chase card
9293	please pair my phone
9294	do one coin flip; it will be tails
9295	what gas do i need to fill the car up with
9296	find out the status of my most recent online purchase
9297	how much do you charge if i use my card in japan
9298	i need to know if i have reservations at arufflo at 5 pm
9299	if i’m in japan, what time zone am i in
9300	what do you suggest for entertainment in tampa, florida
9301	what's my name saved under
9302	i want to know the apr on my capital one card
9303	how can i get your attention
9304	what is the next holiday
9305	has my request for the day off been approved yet
9306	teach me how to change the oil in my vehicle
9307	no is the answer
9308	what's on my meeting schedule today
9309	please add 456 and 781 for me
9310	how can i go about improving my credit score
9311	what is playing
9312	text wenona and tell her we will be there tomorrow
9313	could i redeem my credit card points on a new tv
9314	how much have i spent on shoes
9315	do they take reservations at bjs
9316	what will the traffic be like if i headed out to work right now
9317	i'd like you to call me something different
9318	retrieve my recent transactions
9319	check my reminders for mop the floor
9320	i wish i knew how to spell mississippi
9321	can you tell me what the weather will be please
9322	i need help paying my hoa bill
9323	yesterday what did i spend on lunch
9324	how do i locate my credit rating
9325	what is the number of points i earned with my mastercard
9326	how many tablespoons is 5 teaspoons
9327	can you tell me the calorie count in a glazed donut
9328	ai goodbye
9329	my card declined yesterday and i want to know why
9330	tell me when the next day off will be
9331	what are the steps to direct deposit my check
9332	suggest a meal from new york to me
9333	do i need to get any shots before i go to brazil
9334	please turn my fan on
9335	tell my bank that i will be taveling to south korea
9336	go back to whisper mode, please
9337	i need anyone who can help me pay my electric bill
9338	tell my bank i will be traveling in brazil from june 1st to july 1st
9339	how can i improve my credit score
9340	i need to know how to change my oil and what kind of oil for a 2007 trailblazer
9341	i want to go back to the factory settings
9342	i have had pasta in the fridge since monday, can is till consume it
9343	set a reminder to bring a book to work tomorrow
9344	tell me how to jump start my dead battery
9345	what's the minimum payment for our cc bill
9346	list my insurance benefits
9347	how would i go about converting inches to yards
9348	what timezone is lima in
9349	how do i direct deposit my paycheck
9350	what's the minimum payment on my gas bill
9351	i couldn't buy a mug from target because my card got declined
9352	go into whisper mode now please
9353	give my location to stan
9354	pay my cell bill from my deposit account
9355	i would like to replace the pin number for my retirement account
9356	please check and report on my tire pressure
9357	i need to know how to report fraud on my discover card
9358	how much longer until i need an oil change
9359	tell me what the word die means
9360	can you book me a place to stay in denver from wednesday to friday
9361	put milk on my shopping list cause i'm out of it
9362	i need an alarm for 6am
9363	what timezone is philadelphia in
9364	could you talk a little faster
9365	transfer $500 from my money market savings account to my checking account
9366	buy all the things on the shopping list
9367	how busy is kaya around 5 pm
9368	i would like to know the types of subjects are you familiar with
9369	i want to start calling you adam
9370	what timezone would tampa be in
9371	how many days till we have off again
9372	what's the point of this dumpster fire known as life
9373	does pho king in ceres take reservations
9374	how long can i keep fish in the freezer before it gets ruined
9375	when do i need to pay my at&t bill
9376	if i want to direct deposit my paycheck, what info do i need
9377	can you assist with an oil change, and what type of oil do i get
9378	please share the definition of episcopalian
9379	for italy what timezone is it in
9380	where are the best places to eat
9381	will the money in my capital one account cover a new washing machine
9382	go ahead and talk faster now
9383	is there a minimum amount accepted
9384	halt the process
9385	i need to know the pin number
9386	define discretionary
9387	there is no need to confirm my reservation
9388	i would like everything on my shopping list ordered
9389	how much vacation time have i accrued
9390	what is the time in sydney, australia
9391	i do not have cookies so will you order me some more
9392	i'd like to learn more about your pets
9393	let barbara know where i'm at
9394	does life have a meaning, according to you
9395	take $40 from account a and transfer it to account b
9396	does england require socket converters
9397	how little can i pay on my phone bill
9398	can i substitute lemon juice for vinegar
9399	i call tails and you call heads on this coin flip i need you to do
9400	can you play music the beatles
9401	when should another paycheck arrive
9402	my phone is currently lost
9403	are you a live being
9404	how much paid time off have i earned to date
9405	how much am i allowed to spend on my discover card
9406	look for auto companies that do scheduled maintenance on my vehicle
9407	does the mediterranean grille have good reviews
9408	how long before my lawn guy bill's due
9409	pay my water bill with my charles schwab account
9410	can i hear the song that starts out doo doo doo
9411	tell my bank that i'll be in uruguay during january to august
9412	tell me the tools i need to jump start my car
9413	put a reminder on the calendar to buy a gun on march 1st
9414	i need to know my bank of america account routing number
9415	i need ideas for things to do in nashville
9416	ring my phone at 12 pm
9417	display my location on a map
9418	what kind of hobbies do you have
9419	i requested some vacation time; has it been approved
9420	please tell me how much i have spent recently
9421	what are the atmospheric conditions in sparks
9422	can you turn on the lights in the den
9423	what is the exact date of your birth
9424	you can unsync from my phone now
9425	how much is my kill bill bill for
9426	add a song to my rock playlist
9427	what is the scheduled arrival time for my flight
9428	how much do i owe on bills
9429	where's your birthplace
9430	i want to book a flight from hawaii to new york on july 8th and returning on july 10th
9431	tell me today's scheduled conferences from noon on wards
9432	can i pay my bill
9433	i want to report fraudulent activity on my visa card
9434	tell me a fun fact about butterflies
9435	which domestic animal do you prefer, dog or cat
9436	set an alarm for me please
9437	when do i owe the state payment for my car tags
9438	can you factor x squared plus 4 x plus 4
9439	please look up the name of my insurance plan
9440	am i able to put in a pto request for may 6 to may 18
9441	what do i need to jump start a battery
9442	my card isn't working because its destroyed
9443	can i use flour as a substitute for bread crumbs
9444	how many times have i used my annual leave
9445	what is is the details of my bank account
9446	what were my purchases on visa card last month
9447	what's the preparation time for spaghetti
9448	i need to make a bill payment
9449	stop payments from my bank
9450	what routing number does chase use
9451	what kind of questions can i ask the ai
9452	what is the status for what i requested for my vacation
9453	i want you to guess my name
9454	on the card can you give me the last transactions
9455	are there international transaction fees for using my chase card
9456	i am out of ice cream so will you order me some more
9457	does outback steakhouse have good reviews
9458	what is the number of gas in my car right now
9459	it could be that one or the other one
9460	please help me pay my cable bill
9461	text christopher and tell him i will stop by
9462	get me instruction to change oil
9463	how many calories are in a piece of bacon
9464	thanks for helping out
9465	ai, go ahead and roll the dice
9466	i want you to your volume
9467	who are they that you work for
9468	can you help me find my cell
9469	what's the process for rolling over my 401k
9470	it turns out i have had pizza in the fridge since monday, so is it safe to eat
9471	tell me where you were born
9472	please inform regarding the procedure to cash in my rewards for my citibank card
9473	i need to find out the rewards points i have left on my american express card
9474	please unlink my phone
9475	do you know how i get to olympia by bus
9476	how many tablespoons are in three cups
9477	can you send a text for me
9478	tell me the steps to getting my credit score
9479	what plug type does russia use
9480	how many calories are in waffles
9481	please tell me why walgreen's wouldn't take my card
9482	can you raise your speaking speed
9483	set an alarm for my meeting and another for my phone call
9484	pass me my gps coordinates
9485	change language please
9486	tell me what day today is
9487	do the tires look a little low on pressure
9488	do i need a visa for canada
9489	how do i set up direct deposit for my fifth third account
9490	what type of plug do i need to bring if i visit japan
9491	where can i get my tires checked and how can i schedule it
9492	i may have a fraudulent transaction
9493	i'm not sure which one because it could be either of them
9494	order me a new usb cable on amazon
9495	can you stop speaking
9496	please raise volume
9497	how do you like to spend your free time
9498	use a new accent
9499	how can i obtain new insurance, please
9500	i need to hold off on my account
9501	how do you say thank you in german
9502	what date will my replacement card get mailed
9503	i need to do a fair coin flip
9504	how can i cash in my credit card points
9505	how is your day
9506	move money from one account to another
9507	i need to get help paying my gas bill
9508	how long does it take a new card to arrive in the mail to me
9509	please book me an uber ride to the stadium
9510	help me find a hotel in columbus with good reviews
9511	what holiday is coming up next
9512	what are some things i can do in portland
9513	report the card has been torn
9514	are you really a human
9515	need the tv on please
9516	how many weeks are in 3 months
9517	show me how to apply for a visa card
9518	can you roll a dice for me
9519	transfer $20000 from my savings account to checking account
9520	how can i stop transactions on my account
9521	give arianna my current location
9522	i am very grateful
9523	what do i have planned on 3/15
9524	so i made a fraudulent transaction
9525	how is the car tire pressure doing
9526	i want to have happy added to my rb playlist
9527	false for sure
9528	i want to pay my internet bill
9529	how long should i cook the eggs for
9530	turn lights on in my bedroom
9531	do you know the temperature of the ac
9532	i'd like you to add oranges to my shopping list
9533	i have to get going
9534	what date is the next day i get paid
9535	i want to listen to my maroon 5 playlist, play it for me
9536	can i use mayonnaise instead of miracle whip
9537	i need you to use your whisper voice
9538	what is my current tire pressure for each tire
9539	where my phone
9540	what is the square root of 144
9541	i need to change my pin number for my checking account
9542	will you help me figure out how to transfer my 401k
9543	what timezone is boston in
9544	where can i look up x's routing number
9545	are you able to play beatles songs
9546	make my volume louder please
9547	what are the reviews like at minnis
9548	how do i put in for vacation
9549	i need laundry to be put on my list of things to do
9550	call my mother
9551	who do i report lost luggage to
9552	i need to let my bank know i am visiting asia soon
9553	let's go to default settings
9554	can you put a stop on my bank account, please
9555	initiate connection with my phone, please
9556	i need for you to ask the question again
9557	i am very confused about the block that seems to have been placed on my account why is it there
9558	give me the details on my income
9559	what you just said is false
9560	how long's it take to get to the panera downtown
9561	is it possible to get a table for 4 at the village inn around 10am
9562	please check the amount of gas i have
9563	set me up with an uber
9564	can you confirm my reservation for 6 at the outback
9565	steps to change car oil
9566	is there a surcharge for using my card in mexico
9567	my card got dropped in the shredded and i need it replaced
9568	what is the traffic like at the closest safeway grocery store
9569	not sure if that's a yes or a no
9570	what's the forecast like for pittsburgh
9571	what is the weather for tomorrow in georgia
9572	i want you to call me a different name so can you call me charchar
9573	when should i change the oil in my car
9574	what is my credit limit on my discover card
9575	so how is everything
9576	what is the time zone of china
9577	provide me with my credit score
9578	speak more quickly, please
9579	what date should i get my tires changed
9580	what gas should i fill it up with
9581	use my checkings account to pay the electric bill
9582	what song am i listening to
9583	when will my application for my credit card be processed
9584	what's an example of a good apr and what do i have
9585	is it cloudy or sunny in sparks
9586	please book an uber for chima's
9587	that turns out to be false
9588	how do i get cash back for the rewards on my amex card
9589	i want to reserve a convertible from july 2nd through july 18th for los angeles
9590	set a new timer for ten seconds
9591	can you confirm my reservation for 6 pm on the 13th of february
9592	is there traffic on my way to work today
9593	is there an open meeting room between 2 and 4
9594	i want you to order everything on my shopping list
9595	what's the way to make apple pie
9596	dim the main lights please
9597	can you figure out how to find my credit score
9598	call me stevie
9599	use delta to book me a flight from dallas to pittsburgh
9600	what mpg does this car get on the expressway
9601	what are the rules for carry on luggage
9602	what's the balance in my checking
9603	tell me when i need to replace my tires, if i replaced them on october 1, 2017
9604	how much petrol do i have
9605	what do people find funny about food
9606	how much is my cable bill
9607	let the folks know my gps coordinates
9608	how do i get new insurance, please
9609	can you change the date of the doctor's appointment event in my calendar from april 1 to april 3rd
9610	tell how many a's are in the word happiness
9611	what's a good restaurant nearby
9612	what is my credit limit looking like
9613	i want to know if opening a new account will decrease my credit score
9614	i suspect fraudulent transaction
9615	call the card company and ask them to replace my card
9616	when was my most recent oil change
9617	what are some touristy things to do in boston
9618	from now, your new name will be lord vader
9619	put in an order for more checks
9620	confirm that buy a light bulb is on my list of reminders
9621	if i have 20,000 yen, how much is that in usd
9622	review of my card apr
9623	can you read my gas level
9624	do i need a plug converter when i visit france
9625	could you role a ten sided die
9626	give me a rundown of the weather
9627	find that song that goes something like i'm hooked on a feeling
9628	i need to know my tax rate
9629	i need the information on how to report a lost card
9630	when is my next day off
9631	what amount of money is in my bank accounts
9632	hi there alexa
9633	if i redeem my credit card points, can i get a kroeger gift card
9634	sound the alarm at 6 am tomorrow
9635	please list ingredients for broccoli cheddar soup
9636	who can tell me if there's any meaning to life
9637	it was lovely to speak with you, bye bye
9638	please cancel the reservation at zephers for joe and myself right now
9639	what ingredients are in antipasto salad
9640	what day did i change my oil
9641	i'm looking for italian food suggestions
9642	arrange a meeting room for 9am on friday
9643	does ihop have good reviews
9644	what kind of things can you answer
9645	show me the international transactions fees for the zenith card
9646	i need to make changes to my insurance policy
9647	what do you like to do when you have spare time
9648	when did i last bring my car in to have it looked at
9649	i would like to try and confirm that i have a reservation at houlihan’s for mike
9650	i need to make a vacation request; how
9651	help me locate my phone
9652	send a text to ashley and ask her what she wants to do for supper
9653	i am in need of a switch to my insurance plan
9654	use your indoor voice please
9655	after how long should i change my oil
9656	recipe for traditional roast beef and gravy
9657	is kaya busy around 5 pm
9658	where are you from oroginally
9659	how do i give my car a jump
9660	is chocolate healthy
9661	who is your boss
9662	i want to make a meat stew what ingredients do i need
9663	what is the best rated hotel in evans
9664	are there any meetings i have today
9665	look to see if i have folding laundry on my to do list
9666	please check to see if my vacation has been approved
9667	help me get access to my recent transaction history
9668	reset to default settings
9669	where to go to get dead car battery tested
9670	what's the purpose of life
9671	can you tell me a good indian dish to make
9672	if i plan on travelling to this country, do i need a visa
9673	please add roar by katy perry to my playlist
9674	would you translate a phrase into mandarin for me
9675	i want to disconnect the current connection to my phone
9676	please buy me flowers
9677	how many vacation days have i accumulated
9678	give me a random number between 1 and 6
9679	what do you get if you roll a six sided dice
9680	before i pay my capital one, what are the most recent transactions i've made
9681	do you have the ability to do a male british accent
9682	what do i need to do to look up my 1st republic account's interest rate
9683	beginning playing the next tune
9684	if i want my credit score, how do i find it
9685	what date is it today
9686	what is needed you to cook apple pie
9687	appreciated
9688	what were those things i wanted to remember
9689	what date will my hy-vee card need to be renewed
9690	i have lost my phone
9691	can you cancel my 5:30 pm table reservation at parc
9692	hello, anyone there
9693	thanks for letting me know
9694	what is the spelling of potato
9695	tell me the definition of the word redemption
9696	my name is john
9697	i need you to schedule a meeting with carrie and lisa
9698	what are some suggestions for places to travel
9699	feel free to call me jim
9700	if i go to dublin is a socket converter needed
9701	i am in need of my location
9702	what is the date of your birth
9703	rolling over my 401k help
9704	will i be able to order for more checkbooks for my chase bank account
9705	what is my income from work
9706	please go back to to factory settings now
9707	how long does cottage cheese keep in the fridge
9708	tell me my car's gas mileage please
9709	submit a request for pto for the dates may 5th to the 12th
9710	what's the name of this song i'm listening to
9711	what is my limit on my visa card
9712	i'd like to know the nutritional content of eggs, please
9713	i need the routing number for my woodlawn account
9714	when did i last service my car with an oil change
9715	how many calories are in ice cream
9716	do you want me to shop for peanut butter
9717	how old are you as of today
9718	is 126 divisible by 8
9719	please don't talk any further
9720	tell me which restaurants are good for thai food in las vegas
9721	what is 20% of a thousand
9722	alert my bank and let them know that i'm travelling to london
9723	can you tell me some dog jokes
9724	i want a block placed on my college fund account immediately
9725	is there a starbucks close to home
9726	how much in total will i be paying for bills
9727	i don't know the answer to that
9728	do i incur extra fees if i use my card in london
9729	would you skip past this song and just play what comes next
9730	what do you go by
9731	i replaced my tires last year when should i replace my tires again
9732	what is the last date of service on my car
9733	is there enough money in my discover account for airplane tickets
9734	it is true
9735	flip a coin and let me know if it lands on heads or tails, please
9736	is there any traffic on the road i take home from work right now, rt 40
9737	what's your home town
9738	don't talk so slow
9739	what interest rate am i getting currently from oak bank
9740	what is the location of my phone
9741	speak as a british male
9742	what is my current gross salary
9743	can you transfer money from my account
9744	mark down that i will be in rome from february 1 to march 1 and notify my bank
9745	what is my bank balance for all accounts
9746	please say things more quickly
9747	how much time do i need to prepare chicken
9748	would you let me know if you are a cat or dog person
9749	tell me how to spell automobile
9750	please dial david now
9751	my car needs an appointment for an oil change
9752	abandon the dinner reservation i made
9753	of course
9754	how much longer until i have a direct deposit
9755	is my card working properly
9756	how do you convert feet to inches
9757	if i bought new tires on may 27th, should i still need new ones
9758	send a message to natalie in the form of a text
9759	how many centimeters are in 4 inches
9760	tell me your name
9761	how long should i cook carnitas for
9762	how long is the wait at imanas
9763	who is your superior, please
9764	may i have a higher limit on my mastercard
9765	i'd like you to disconnect from my phone
9766	please set the temperature to 70
9767	how do i find when my medical bill is due
9768	has anyone looked over my request for a day off
9769	how do i find out my credit rating
9770	has my request for vacation time been okayed
9771	i want to hear the female voice option
9772	how can i order some more checks for my checking account
9773	don't do this process
9774	please get me an uber to get to the movies
9775	i want an alarm at 5pm
9776	please use male voice instead
9777	tell me what is owed for my water and gas bills
9778	can you spell hamburger
9779	are you a real person or an ai
9780	go to default setting
9781	can you tell me my spending history from last week
9782	let sal know by text i will be attending
9783	tell me a neat fact about the ocean
9784	what is the meaning of fascism
9785	what is the credit limit for my usaa card
9786	you need to respond to a new name called joey
9787	gauge the tire pressure
9788	do you know the timezone for dublin
9789	can you tell me the interest rate
9790	can i freeze my bank account
9791	i can't find my cell and need help locating it
9792	i'd like to pay my coned bill
9793	what timezone is london in
9794	i need help changing my pin
9795	do you own pets
9796	are you my employee
9797	know any interesting facts
9798	what is the balance on my visa
9799	i need to cancel my dinner reservation
9800	looking at january, show all wine purchases
9801	what was the last check date
9802	how can i apply for a visa card
9803	add up the calories in tacos
9804	i don't have any checks left; please order some
9805	are vaccinations necessary to go there
9806	how long will it take for me to get to the gas station
9807	i would like to know the amount of gas i have
9808	my luggage has not arrived and i would like assistance locating it
9809	what's the calorie content for fried eggs
9810	what are ai's hobbies
9811	tell me a joke
9812	making spaghetti sauce perfectly is done how
9813	whats the status of my frontier flight
9814	will maggianos in charlotte allow me to make a reservation
9815	i need to know my cards minimum payment
9816	do i have a big shopping list
9817	please cancel my reservation at red lobster for 6
9818	at what time should i be boarding my flight
9819	how do i get a w2 form
9820	take my dinner plans off my calendar for tomorrow
9821	what year were you born
9822	would you tell me about my income
9823	please send a text to danny saying that i'm running late
9824	what is 1 fifth times 2 fifths
9825	do i have any meetings today between 9 and 10:15
9826	i don't understand why walgreens declined my card
9827	i did not catch that, repeat what you just said
9828	i missed that say it again
9829	is dan aware of any meetings with me today
9830	i need your volume increased
9831	check on my reservation for umami at 6pm
9832	what does my federal tax return look like
9833	apples expire in how long
9834	provide assistance by setting an alarm at 8:00 and another for 11:00
9835	its a for sure true
9836	tell me how to locate the interest rate for my jonah account
9837	can you please tell me how long it will take to get to target in austin
9838	when are my meetings today between noon and one
9839	i'd like to go on vacation
9840	will you add what i'm listening to to my love playlist
9841	is it correct to say you work for me
9842	tell me the points on my delta rewards card
9843	i must say no
9844	what animals do you have
9845	get everything on my shopping list
9846	what's the number of calories in a coke
9847	what steps do i need to follow to change the oil in my car
9848	i'm going to need you to be quiet now please
9849	reduce your speed of voice
9850	where should i spend my time off
9851	i'd like you to throw a virtual coin for me
9852	can you find me a recipe for ribs
9853	please use whisper
9854	what's my visa card's credit limit
9855	are there meeting rooms available between 7-9
9856	all right
9857	how long should i boil noodles for
9858	i would like to change your name to a different one
9859	how do i get my rewards balance on my diner's club card
9860	what's needed to direct deposit my paycheck
9861	what's 12 feet in meters
9862	thanks for the answer
9863	what's the amount of pto i have left
9864	how much are my cable and water bills
9865	where can i find my voca account's interest rate
9866	i need to know what this song is called
9867	what do i have to do to see my rewards for my chase card
9868	is there an extra fee for using my card in costa rica
9869	alert the bank that i am traveling to tokyo on the 7th until the 21st
9870	i need my money to be moved
9871	how do i find my income
9872	how do i check when my mortgage is next up for payment
9873	move two hundred dollars to my chase savings account to my wells fargo checking account
9874	is there really a meaning of life
9875	can you play your guitar right now
9876	cancel my reservations for joe's at zepher right now
9877	what's the routing number for my bank of america account
9878	what mpg does this car get in city
9879	how much do i have in savings
9880	text billy and tell him to be at monday's meeting at 3pm
9881	how long will my eggs be good for
9882	which time zones does european countries use
9883	define the meaning of life
9884	what birthday are you celebrating this year, ai
9885	tell me how many pesos equal 500 dollars
9886	is there a reason people exist
9887	please play the next song
9888	find out of grub burger takes reservations
9889	toss a coin i will take heads
9890	what type of vacation schedule do i have left
9891	can i make a reservation for 2 at state bird for 7:30, please
9892	can you help locate my phone
9893	what do i do to enable direct deposit
9894	how many meters are in 2 inches
9895	are there any ubers available in my area right now
9896	to charge my phone in india will i need a plug converter
9897	add the current song to my favorite playlist
9898	please tell me a joke about dinosaurs
9899	how do i check my rewards for my maurices card
9900	is my replacement card coming soon
9901	please help me set up direct deposit
9902	is there any info on my savings interest rate online
9903	i need to find out do you know if zeus does reservations
9904	what amount of money do i earn at work
9905	when would it be wise for me to swap out my tires
9906	it's a no
9907	buy everything on my list
9908	i would like you to repeat yourself
9909	do i need to apply for a travel visa if i am going to bermuda
9910	what's the meaning of this life
9911	how goes it
9912	what is the current time in istanbul
9913	can you speak to me in chinese
9914	definition of anachronism
9915	how would i get to city hall via bus
9916	do you know any fun facts about australian football
9917	what steps should i follow if i lost my luggage
9918	call and make a 5:45 pm reservation for jason rogers, table for four
9919	how've you been
9920	text tony and invite him to my party next saturday
9921	pay my mortgage from my checkings accounts
9922	why is there a block on my account
9923	do i have any meetings today between 8 and 9
9924	i need a 7 minute timer
9925	my name is jason
9926	how do i get to the train on foot
9927	add this song to shared playlist
9928	how do they say hello in brazil
9929	change accent to british male
9930	how much time to reach doctors office
9931	when should i change my oil next
9932	remind me to take out the garbage in the morning
9933	how long does it take to cook a pork chop
9934	thanks for your response
9935	help me out with changing this pin number
9936	i need a credit raise by 1000 dollars
9937	what are the nutrition facts for a mcdouble at mcdonalds
9938	how would you describe what life means
9939	who is it u work for
9940	raise my credit limit
9941	can you tell me the current time in the pacific timezone
9942	change to whisper mode
9943	what's a nice place to visit a beautiful beach
9944	look for funny jokes
9945	what reminders do i have
9946	am i able to redeem my credit card points for an amazon gift card
9947	from where are w2 forms given
9948	i think it could be both
9949	i wanna know how much gas i have
9950	walk me through making changes to my insurance policy
9951	tell me interesting facts about lighthouses
9952	would you find my location on the map, please
9953	could you tell me how to make changes to my insurance policy
9954	i am needing to know what song is playing
9955	how high is my credit limit for my citigroup card
9956	what is on my calendar next sunday
9957	what interest rate am i getting from onewest bank
9958	are there a lot of calories in muffins
9959	what is the square root of 8814
9960	is my credit good enough to get a new card
9961	when is my credit card going to expire
9962	for peppercorn steak, what ingredients do i need
9963	i am going to south america, let my bank know
9964	tell me please what paean means
9965	do you charge me if i use my card in japan
9966	i want to figure out how to rollover my 401k
9967	how is the traffic on the way to the campsite
9968	when is it time for a tire change
9969	i need a pto request put in for the weekend of june 1st to june 2nd
9970	disconnect from phone
9971	what all is on my shopping list
9972	is the bill due this week
9973	please set a timer for 6 minutes
9974	what's your birth date
9975	how can i figure out my interest rate for my umpqua account
9976	does macedonia have any travel alerts i should be aware of
9977	where can i find jimmy john's reservations
9978	what's a good fun fact about great britain
9979	add to my friday calendar a doctor's appointment
9980	can you tell me the miles per gallon rate of my car
9981	when should i change these tires
9982	i made a reservation for chris at tony's, please cancel it
9983	am i allowed carry ons for my flight with westjet to edmonton
9984	how do you spell mississippi
9985	set a timer for two hours
9986	can you tell me how to redeem my credit card points
9987	how long will it take to get from galleria mall to state capitol
9988	does moes in la except rerservations
9989	hey, stop talking like you're a stretch taped
9990	how good are the ratings for red robin
9991	tell me how many meetings with pete i have for today
9992	go passed the song now
9993	how many calories are in a honey bun
9994	would you say i need new tires if i last bought them on the 24th
9995	what date was my oil last changed
9996	can you hook me up with a meeting room on saturday morning at 10am
9997	can you tell me how many pto days do i have left
9998	when do we have free day
9999	yeah
10000	put the lights on low
10001	what is the apr on my discover card
10002	locate lost luggage from flight america airlines in o'hare
10003	i need lodging in lizton near the ice cream parlor from may 3rd until the 8th
10004	if you're in melbourne, what timezone are you in
10005	what's a simple chinese recipe for dinner
10006	thank you for answering that
10007	i have a fraudulent transaction from red robin on my account
10008	what is my credit limit at
10009	what is the square root of 888
10010	i must know five dollars in yen and rubles
10011	please add onto my phone
10012	can i use the plug i use at home when traveling in south america
10013	how long should a cake bake
10014	do you know my credit score
10015	my luggage is lost,what do i do now
10016	does bjs take reservations
10017	please double check my reservations for six at mani
10018	i want to hear more about how i can use my credit card points
10019	i would like to know the mpg for this car
10020	i want to increase my credit limit to 5000 dollars
10021	delete ice cream from my shopping list
10022	hiya!
10023	book a flight from philadelphia to atlanta on june 5th and returning on june 8th
10024	can you find my package in transit
10025	i want you to tell me the minimum i can pay on my rent bill
10026	can you tell me which shots i need for africa
10027	can x’s music be played
10028	is it possible for me to rent a car out of jfk airport from march 15-20
10029	how can we start communicating in french rather than english
10030	i need you to schedule a meeting with bob brown at noon the day after tomorrow
10031	how long to process my credit card application
10032	which insurance plan am i enrolled in, please
10033	could you tell me the amount owed on gas and electric
10034	i have to add farm trip to my calendar for friday
10035	at yakamoto how is their sushi
10036	please give me a suggestion for what to make for dinner
10037	i must order some more checks for my checking account
10038	please change the song now
10039	i need to know who is your boss
10040	make changes to the name of the ai
10041	how much is the apr these days on my nordstrom credit card
10042	make my todo list blank
10043	is mcdonalds busy around 9
10044	how much pto has been used on my behalf
10045	can i ask you about anything
10046	what kind of mexican meal should i get
10047	how do you cook meatloaf
10048	how many days of pto have i used
10049	how many days off have i used
10050	why is there a hold on my discover account
10051	what is 63 percent of 145
10052	i need you to change the pin on my bank of america account to be 1234
10053	how does one go about setting up direct deposit
10054	increase your vocals
10055	what is my pay for this year
10056	do you mind if i ask your name
10057	please get milk removed from my shopping list and add bread
10058	i broke my card
10059	do you work for a different individual
10060	i need that said again
10061	i would like to report my card as stolen
10062	when is babysitting on my to do list
10063	is it possible for a hotel to be booked by you for me in afghanistan at the zoo for the 10th to the 15th
10064	i'll soon be travelling internationally; could you let my bank know
10065	how little can i pay for my water bill
10066	can you tell me what's on my calendar for march 05, 2019
10067	are butter and oil interchangable
10068	i don't know how to spell drought
10069	can you translate milk into spanish for me
10070	how long does bread last
10071	remind me to take out the trash
10072	please lock every door
10073	how do you convert ounces to grams
10074	at what point should the flight land
10075	do the shower playlist please
10076	i'll have to think about it
10077	tell me what you think my name is
10078	just call me al
10079	is there a travel alert for canada
10080	i need to know the difference between inches and centimeters
10081	how much do i have to pay on taxes and cable
10082	what is the traffic like
10083	do i need a travel visa to visit germany
10084	great chat, talk to you later
10085	that you so much for the help
10086	i am thinking of switching to a different insurance plan
10087	are there carry-on restrictions for delta
10088	how many miles can i drive before changing my tires
10089	what is the minimum payment on my phone bill
10090	is it possible to lower my credit score by doing this
10091	how to i get to the mall on foot
10092	show me the transaction on mcdonald
10093	configure this to factory settings
10094	can you set a two hour timer
10095	take the event called surprise party off my calendar for june 2
10096	tell me what the word bounty means
10097	please make sure the volume is on 4
10098	ribs can stay in the fridge for how long before they turn
10099	lets go with heads or tails
10100	i need an algorithm to give me the result of rolling one twelve sided die
10101	what is the wait time at this restaurant
10102	can you show me how to set up direct deposit
10103	do my tires have enough air in them
10104	what's the interest rate on my savings
10105	could you please state the apr for the credit card
10106	is joey my name
10107	what type of socker conveters do i need in africa
10108	tell me a cool fact about reno
10109	what sites are there to see when in evans
10110	please submit an order for new checks on my pnc money market account
10111	can you translate hi into spanish for me
10112	how would i say i love you if i were french
10113	will i get my paycheck soon
10114	what ingredients do i need to make egg salad
10115	i'd like it to be louder
10116	will my mastercard charge me a fee for international transactions
10117	i'm travelling to boston soon and want to inform my bank
10118	that is a yes
10119	remove my date with liz from my calendar on april 1st
10120	tell me what you do in your free time
10121	is flight dl123 on time
10122	what sort of things can you help me with
10123	that is right
10124	am i required to get a vaccine for this trip
10125	can i see my health benefits
10126	how much money did i spent on grocery recently
10127	can you now please go back to the original settings
10128	please only use a whisper when speaking
10129	i want to rent a car in boston for march 2 until march 4
10130	what's the number of calories in a pepsi
10131	do i need a tourist visa for europe
10132	i think bradley is a better name for you
10133	is there any good place for vietnamese food on the east side of the island
10134	how do you jump start a car
10135	who's responsible for your existence
10136	i was trying to buy qtips at walmart and my card got declined
10137	can i have my current gps coordinates
10138	cross volunteering off my todo list
10139	play my post-rock playlist
10140	is there gridlock on the street up to the stadium
10141	my card was cut by my kid
10142	i need an alarm to go off at 6 am
10143	why are humans on earth
10144	what is the name of my health insurance
10145	how long will steaks last in the freezer
10146	i want to change the pin number on my credit union account
10147	i need to know why my card was just declined at walgreen's
10148	use your whispering voice
10149	what are carry-on rules for jet blue
10150	how much did i get paid
10151	i think we should reserve dad's regular table friday for 6 people, use his name, make that close to 4:00 pm at the club
10152	please create a new alarm for me
10153	what is the amount of gas i have
10154	what benefits are associated with my insurance
10155	tell me my credit score
10156	fairwell
10157	ai, how long have you been working
10158	what's the wait like at chima brazilian steakhouse at this time
10159	go ahead and flip a coin
10160	no that isn't it
10161	what car rental choices are there in calgary
10162	do i have any meetings on my calendar today
10163	play that song called bring the noise
10164	what is the status of my order
10165	help needed to jump start my car
10166	what's the count of vacation days i have left
10167	i need to know why my bank account is blocking all of activity
10168	remove all items from todo list
10169	play next song using this playlist
10170	please add watering the plants to my current to do list
10171	what percent of gas do i have left
10172	can i improve my credit score
10173	can you skip this song
10174	who is responsible for your design
10175	are you able to figure out where my package is
10176	that would be great
10177	i want to change my credit limit
10178	what is the limit on my credit
10179	add what's playing on my favorite playlist
10180	please take away the fries from the shopping list
10181	call mymother
10182	how are the reviews for cracker barrel
10183	i lost a card and i need to report it
10184	what is my remaining pto days
10185	show me the transaction on the food
10186	please confirm my reservation for dinner at gusto handcrafted pasta & pizza at 6:30 pm
10187	does the calendar already have easter noted on it
10188	i need to order checks, so can i order some new ones
10189	do i still have the reservation on march 21 at 8pm
10190	no thank you
10191	skip over this song
10192	i have to transfer from one account to my other one
10193	which fuel does my car take
10194	what is 4 + 4
10195	israel has strict restrictions do i need a visa to travel there
10196	please shut off whisper mode for now
10197	are there any videos on how to repair my credit score
10198	when is that meeting with kara
10199	i need new dinner ideas
10200	it was nice to converse with you
10201	i think i have fraud on my account from walmart
10202	is it okay to switch water for milk
10203	how can i apply for a discover card
10204	ring steven
10205	what is the status of my credit card application looking like
10206	i want to report fraudulent activity on my mastercard
10207	disconnect from my phone, please
10208	order a large uber for 5 people to the zoo
10209	what time is it right now in paris
10210	oops cancel that
10211	how do i set up direct deposit to my chase account
10212	how long will it take a new card to come in the mail
10213	could you submit a pto request for me for dates april 21 to 30, please
10214	please abandon the current job
10215	verify with me my credit score
10216	will you set the timer
10217	i gotta know what is currently on my calendar for friday the 1st
10218	i would like a block put on my chase account asap
10219	what's the shelf life of guacamole in the fridge
10220	how many pesos in one dollar us
10221	does the bleu olive have decent reviews
10222	how much is my water bill
10223	please help me with instructions on making chicken curry
10224	assist me on where to go to get my w2 for tax reasons
10225	tell me your age
10226	guide me to a laundromat near me
10227	what do i have on my list of reminders
10228	do travelers to egypt get hit with transaction fees if they're using a mastercard
10229	can you read the things to me that are on my shopping list
10230	go ahead and send ten dollars from bank of america to capital one
10231	how long does it take to get to applebees in nj
10232	siri, tell me where my iphone is
10233	tell me how handkerchief is spelled
10234	i do not have that information
10235	how long can i keep beef in the freezer for before it gets nasty
10236	prove that you're a person
10237	what were the reminders that i made
10238	how many dollars is one mexican peso
10239	give a 6 sided dice a roll for me
10240	i need to know my bank balance
10241	that seems true
10242	i want to know your age
10243	that is not correct
10244	is it possible to get a new credit limit of $10,000
10245	what is my current gas level
10246	can you pull up my most recent transactions
10247	when do i need my next oil change
10248	i'd like to know where i am
10249	i want to know the type of gasoline for this car
10250	how many swedish kroner do i get for a dollar
10251	how long does it take to get to outback in atlanta
10252	what is the rate of interest on my savings account
10253	how many days before my credit card arrives
10254	i want to fly southwest from dallas to phoenix
10255	thanks for the info
10256	will you roll a 5 sided dice
10257	do i have enough in my sears account to buy a new dishwasher
10258	does delta have any restrictions for what i can carry on
10259	hows my credit score
10260	i would like to have my credit increased to 5000 dollars
10261	where was my package last at
10262	what is the tracking on my package
10263	my shopping list contains what
10264	how old are you exactly
10265	how much will i have to pay in federal taxes
10266	can i swap cayenne pepper for black pepper
10267	do you know if i have any meetings set up with travis today
10268	when is my flight expected to arrive
10269	if you don't mind, please switch to whisper mode
10270	can you talk in spanish
10271	let's go ahead and switch your language
10272	what is the total amount i am going to have to pay in bills this month
10273	name the five star attractions in gatlinburg
10274	change the pin on my capital one account to be 1234
10275	can you help me find my lost phone
10276	i need to let my bank know i am traveling to new york
10277	who is your designer
10278	what's the latest info on flight dl123
10279	i just started this new job and need help with my 401k rollover
10280	shoot the dice!
10281	i want the pin on my wells fargo account to be changed
10282	i gotta sub sugar for salt
10283	w-2 tax form where is it
10284	have i got any meetings today with sara
10285	i have no knowledge about it
10286	how long will i stand in line at carl jr's
10287	i need to know what my wife's account's routing number is
10288	speak slower
10289	i need to inform the bank i am going out of country
10290	show me the transactions from costco yesterday
10291	tell me if i need any more vaccines if i go there
10292	what's my car's miles per gallon
10293	how much longer until the next payday
10294	i need you to stop talking
10295	can i increase the credit limit for my western union credit card
10296	are you paid by somebody
10297	i need to set up a reminder for myself
10298	how can i see my rewards for my chase card
10299	what are some tips to build my credit score
10300	i would like to know my current location
10301	how would you like to be referred to
10302	desync from my phone
10303	can you check on the status of my credit card application
10304	speak in a woman's voice
10305	please help me book a place to stay in pittsburgh from monday to friday
10306	what steps do i need to do to set up direct deposit
10307	what day were you born
10308	why is there a hold on my capital one checking account
10309	what date does my apple juice expire
10310	what is the age of the ai
10311	read back my day for march 4th 2019
10312	i want to report fraudulent activity on my visa card, please
10313	translate hello into french for me
10314	what rental insurance policy do you recommend
10315	what is my name saved under
10316	how long does it take to get to dallas by bus
10317	will you add what i'm listening to to my work playlist
10318	what's the forecast for the day
10319	how long has it been since my car was last in the shop
10320	help me learn something intriguing about turtles
10321	what is the credit card's apr
10322	when should my tires be changed next
10323	help me get my pin on my capitol one account changed to 3892
10324	what date is my at&t bill due
10325	what are you capable of doing and answering
10326	i would like to apply for a air canada card visa, can you help me
10327	i no longer need to wash dishes; take it of my list
10328	i would really like to know if i can go on vacation
10329	take doing the dishes off my todo list
10330	tell me the things on my shopping list
10331	are you an actual human
10332	tell me what type of gas this car uses
10333	do me a favor and put sharpies on my list for shopping
10334	the sound is too low
10335	share my gps coordinates with my mother
10336	is it possible to make a reservation at sushi king in virginia beach
10337	do you know the calorie content of a strip of bacon
10338	us dollars to uk
10339	make a reservation for three at prime rib at 6:30 pm
10340	what's my paycheck going to be
10341	i'd like to know what's on the shopping list
10342	i want to change the oil in my car
10343	can you tell me the number of pto days i have left
10344	set up a direct deposit
10345	when is the next time i get paid
10346	at what time is my flight scheduled to land
10347	whats the procedure to cancel it
10348	your name please
10349	i need an uber that will accommodate eight people to go to the closest amc theater
10350	can you read my list back to me
10351	please cancel my dinner reservation for tuesday
10352	can you tell me what date my credit card expires
10353	what's the total of days i've taken for me time so far
10354	what's my income from work
10355	what hotel would you recommend in lakewood for 4 people from monday to wednesday
10356	pair my phone please
10357	how much did i spend on groceries today
10358	are there any interesting things to do in atlanta, georgia
10359	please help me locate my phone
10360	tell me the lowest amount i can pay for my cable bill
10361	what's the wait for a table at olive garden right now
10362	hey siri, tell me the apr on my disney visa
10363	do i have any birthdays on my todo list
10364	how much will i pay for state taxes this year
10365	what's the weather like
10366	i have misplaced my phone
10367	i need my pin number for my bank of america account and i can't remember it
10368	can you list my shopping list for me
10369	use my phone and connect please
10370	what is the status of the application for a credit card i put in
10371	i need to add dusting the bookshelf to my to do list
10372	please change my name to tom
10373	i need a flight from denver international to new york international round trip for the 4th though the 8th
10374	tell me the amount of pto i have used at this point
10375	are you doing ok
10376	is it raining in sparks
10377	is almond milk an acceptable substitute for milk
10378	set temperature to 75
10379	can you check for reservations at wongs chinese for john acer
10380	how many kilos are in 10 pounds
10381	please clear out my whole to do list
10382	how would you define my health benefits
10383	the pets are all good
10384	when do i have to pay my gas bill by
10385	was there a problem with my card yesterday
10386	are the reviews for mi casita good
10387	what can you be asked about
10388	put one hundred and seventy five bucks in my wells fargo checking account from my citibank savings account
10389	what is the month and day tomorrow
10390	i need to text joe
10391	what is the reason i am locked out of my bank account
10392	i would like you to secure a 4:30 pm reservation for five people at morton's steakhouse
10393	am i scheduled to meet with heather today
10394	ahoy hoy
10395	where can i check my credit score
10396	where is the nearest walmart
10397	i was on delta flight ab123 out of new york and i can't find my luggage
10398	what's the name of the song that we are listening to
10399	what is the least i can pay towards my car bill
10400	how to find lost luggage
10401	what is al's age
10402	what are popular mountains to hike in arizona
10403	steve needs to know my location
10404	could you schedule car maintenance for me
10405	can you read my shopping list to me
10406	when's my heater bill due
10407	how much is 100 dollars in euros
10408	how can i rent a car in boston
10409	how is sushi at jiro
10410	i would like to try and confirm that i have a reservation at macaroni grill for saul
10411	how do i update my pin number for my account
10412	how long does it take to get to the airport in dallas
10413	what documents to i need to go to egypt
10414	it may be either one
10415	can you play music by the beatles
10416	how can i say thank you in spanish
10417	please let me know the credit limit on my citibank card
10418	boost volume to 4
10419	please change your accent the male british one
10420	will you find me a place to stay in casper from march 5th to march 11th
10421	what does my credit card charge for their annual percentage rate
10422	will checking your credit lower my score
10423	thats a negative
10424	what's the right way to spell indict
10425	hey siri, please cancel my reservation at the loft for 5
10426	what shots do i need before heading to france
10427	tell me where a w2 is available please
10428	please find out if napolis takes lunch reservations
10429	light the bedroom lights
10430	can i complete an application for a new credit card
10431	what type of questions may i ask you
10432	on my citi card, the one that ends 1234, what's the apr
10433	do you have different kinds of pets
10434	schedule a meeting with tom for 6pm
10435	what amount of calories are in one muffin
10436	i got to know how long can i keep pizza in the freezer for before it goes bad
10437	how long do cheeseburgers take to make
10438	how much do i have in the bank
10439	i need you to speak faster
10440	on what day is my meeting with dr lee
10441	would you say you like dogs more or cats more
10442	can i increase the credit limit for my wells fargo credit card
10443	can you check if my order has been delivered
10444	how do you address me
10445	do you have a list of funny jokes
10446	last incident of my car in the shop
10447	what does my commute look like
10448	i need a table for 3 at 5pm at andrea's steakhouse under wheeler
10449	which animals do you have at home
10450	how long does it take pork to cook
10451	in regards to my wells fargo account, why is there a hold
10452	i need to know the dollar to peso conversion
10453	what's the prep and cooking time on pizza dough
10454	visa's are hard to get do i need one when i travel to israel
10455	what's the process for getting an american express card
10456	what are ways to build credit
10457	what hobbies do you like
10458	i'd love to hear when you were born
10459	i would like you to increase the speed of your speech please
10460	what thoughts do you have about making dinnner tonight
10461	what's the apr on my amex card, please
10462	costa mesa weather
10463	do i have a lot of gas left
10464	what do i need to do to make blackberry pie
10465	my card is stolen, i need to report it
10466	the answer is no
10467	negatory
10468	volume should be set at 4
10469	is it possible to increase my credit limit to 1000 dollars
10470	i need to know the time
10471	how long before i can get a replacement card
10472	what's the name that you have for me, please
10473	how long is it going to take me to get to bellevue
10474	i need the details on my federal taxes
10475	i need to replace my credit card because i ran it over with the lawn mower
10476	what's the current date
10477	are you familiar with any types of subjects
10478	skip to next song
10479	can you tell me where the atm closest to my current location is
10480	will you flip a coin so i can make a choice
10481	check the status of my credit card application please
10482	my vehicle needs what kind of fuel
10483	i couldn't say
10484	put this song in vibes playlist
10485	how much are my electric and heating bills
10486	when will my paycheck be available
10487	how can i show noel where i am right now
10488	lemme know when you were born
10489	i'm looking for a roundtrip flight from afw to dgb for tomorrow until next week
10490	what company owns your code
10491	no!
10492	how empty is my gas tank
10493	state your name
10494	i want to use the cash that my points have earned on my credit card
10495	what time is it in pacific standard time
10496	i'd like to find a place that rents flashy sports cars in tampa
10497	how is the tire pressure
10498	what is your perception of the meaning of life
10499	one or the other, or both
10500	will it be possible to order for more checkbooks for my chase bank account
10501	are there any international transaction fees associated with my visa card
10502	what are the thing i told you to help me remember
10503	how soon until the milk expires
10504	what is the next step if my luggage was lost
10505	i would like an uber going to atlantic city, new jersey
10506	can you order underpants for me
10507	i have been spending a lot on insurance lately
10508	why is there a hold on my charles swab account
10509	what is the process for requesting a vacation
10510	i need to know the interest rate on my bank of america cd account
10511	what's going on
10512	i need a pto request for march 3rd and 4th
10513	i must know the point of life
10514	what is the name that you have for me, please
10515	when will my discovery card expire
10516	that'll work, good job!
10517	it seems not
10518	how do i prevent my credit score from lowering
10519	i need you to reserve a table for 6:00 pm for three at devon's seafood
10520	what's my name in your system
10521	i am not sure how to pay my phone bill and need assistance
10522	tell my bank i'm going to france
10523	can you order me more checks at wells fargo
10524	how much fuel do i have left
10525	how to spell doctor
10526	hi there, how are things
10527	please inform me when my flight scheduled to board
10528	why does my credit union account have a hold on it
10529	what's the nutritional info for lasagna
10530	where should i go to get my dead car battery checked out
10531	tell me how to get my 401k rolled over
10532	should i use premium gas with this car
10533	i want list of tourist destination for paris
10534	what do i have left in the gas tank
10535	set a five minute timer
10536	what ingredients go in pizza
10537	when is my at&t bill due
10538	are there any alerts for travelling to beirut
10539	please roll a 6 sided dice
10540	how busy will panera be at noon
10541	please tell my what insurance plan i registered for
10542	what are some good southern bbq restaurants in nashville
10543	i need help spelling superficial
10544	kind of what pets do you have
10545	can a 401k be rolled over
10546	what is the smallest payment i can make toward my xfinity bill
10547	make an appointment to check my tires
10548	explain to me how to cash in rewards for my mastercard
10549	can you book a table at the restaurant for me and my husband
10550	what name do you want me to call you
10551	immediately the credit card company must be told that i lost my card from them
10552	what is the amount of pto have i used
10553	please tell me your hobbies
10554	i am interested in acquiring new insurance
10555	what timezone is phoenix in
10556	where do i have to be on 12/03/2019
10557	unsync my phone now please
10558	roll a die
10559	i would like to make a transfer
10560	it turns out my card was declined at fry's and i would like to know why
10561	i need to jump start my car what do i do
10562	i need to know when i will next have the day off
10563	what are the reviews like for khin khao
10564	tell me the result of a dice roll with five sides
10565	how to apply for platinum card
10566	how much is twenty pounds sterling in us dollars
10567	can i check my visa reward balance online
10568	cancel action
10569	how soon until you send me replacement card
10570	i sent in a request for vacation time off and am wondering if its been approved yet
10571	how do i direct deposit my check
10572	i want to listen to another song
10573	what date did i receive my last paycheck
10574	could you find my location on the map, please
10575	what do i have on my reminder list
10576	where would i find my w-2
10577	i wonder why my card got declined yesterday
10578	affiliate's definition is what
10579	if you flip a coin, i call tails
10580	it was a pleasure talking to you, goodbye now
10581	what is the interest rate on my capital one credit card
10582	i have an appointment on the 5th put it on for 5pm
10583	i want the events on my calendar for march 20th, 2019 to be cleared
10584	what day do i have to pay my leasing office bill
10585	i have much gratitude for your help
10586	can you call michelle on the home phone
10587	i want to have that repeated for me
10588	what is the answer to the meaning of life
10589	i'm at home, so where is the closest starbucks
10590	how many pints are in 22 gallons
10591	i wanna know how many teaspoons are in a tablespoon
10592	i want a good recipe that shows me how to bake chocolate chip cookies from scratch
10593	is it possible to get to olympia by bus
10594	find an uber for two passengers we are going to the airport in toledo
10595	what timezone is chicago in
10596	when's the the last time i was paid
10597	please aid in my searching for my lost phone
10598	how are things treating you
10599	i need to know my routing number
10600	how long will a bus ride take if i'm going to the capitol building
10601	i will be in boston from march 2 to march 4 can i rent a car for that time
10602	i wanna know what kinds of pets you have
10603	please increase my credit limit to $9,000
10604	does my shopping list have tomato written on it
10605	can i substitute ketchup for mustard
10606	i need to know the carry on policy for american airlines flights
10607	find something fun for me to do in dallas
10608	help me pay my cable bill
10609	how do i report fraud on my discover card
10610	i believe there are fraudulent charges on my card how can i report them
10611	what do my bills add up to
10612	what's a good hotel to stay at in chicago
10613	text mom and let her know i'll be there soon
10614	what ingredients are in cake
10615	roll die
10616	spell water
10617	i want for you to disconnect from my phone
10618	how far is the airport in dallas from my current location
10619	i need to know how many vacation days i have used up please
10620	can i get new checks to replace the ones we ran out of
10621	how busy is ihop generally around noon
10622	who formulated you
10623	when was the car last services
10624	what is the calorie count in a cookie
10625	i want to hear what you think life's purpose is about
10626	i'd like to use another name for you
10627	how do i make you stop talking
10628	where can i find my rewards for my chase card
10629	what is the correct spelling of the word: dessert
10630	tell me how i know when i need an oil change
10631	please make a reservation at ruth's steaks for a party of five at 7:00 pm under jack arnold
10632	if i need a new card mailed how long will it take
10633	move my money to the other account
10634	does my car have enough gas to get to detroit
10635	help me book a car rental in austin for april 11th to 13th get me a sedan if possible
10636	what kind of gas does this car need
10637	do you know if you are a robot
10638	confirm four for my reservation at fiji
10639	is there an option to change the language
10640	what are the steps required for making a vacation request
10641	lower volume
10642	any hobbies
10643	do i need a socket converter if i'm going to be in germany
10644	can you get a call started to martha
10645	how much time did i take off so far
10646	how many vacation days do i have saved up, please
10647	i want to know if my vacation request has been approved
10648	where were you born
10649	i would like to know the proper way to greet an adult in portuguese
10650	sorry, can you speak a little quicker, please
10651	show me some ways to build my credit score
10652	help me solve this math equation
10653	how much have i spent lately on food
10654	what date will it be 6 days from now
10655	how healthy are french fries
10656	how much can i get away with paying for my college loan
10657	i wanna change my pin number for my credit acount
10658	do you know where you were born
10659	i need to reset my pin number
10660	how much did i spend on furniture last week
10661	it takes how long to mail me a new card
10662	no, that is fake
10663	can you set a 30 second timer
10664	could you reset your factory settings please
10665	on my wells fargo mastercard, what is the current apr
10666	what do you know to be the nutritional info for macaroni and cheese to be
10667	has there been any notice that my card app has been looked at
10668	send money to another account
10669	how can i jump start my car if my battery is dead
10670	flip a coin for me, with you calling heads
10671	what is my bank balance
10672	play the song called guerrilla radio
10673	what do you think our purpose is in life
10674	does france have their own version of a visa
10675	can you help me with a new car insurance plan
10676	i need you to act swiftly and freeze all activity on my capital one checking
10677	your birth occurred where
10678	i need to know what the most recent update is on the status of my online purchase
10679	i want to pay off my student loan
10680	show me the routing number for chase
10681	play the song called tiny dancer
10682	can you put a stop on my bank account now
10683	how do i get to the closest starbucks
10684	what is the time in the utc timezone
10685	i just changed jobs and need help with my 401k rollover
10686	i'd like a flight from laguardia to orlando on southwest for under $400
10687	in six days, what will it be
10688	can i substitute lemon juice for lime juice
10689	god's plan will be added to my new playlist
10690	how many e's are in sesame
10691	what should i do in bangor
10692	what's your designation
10693	what is the city mpg for this car
10694	can you schedule me a mechanic
10695	i spotted a fraudulent transaction from microsoft on my account
10696	list roundtrip flights available from dallas to los angeles from march 2 to march 10
10697	are you okay right now
10698	tell me the name of my insurance plan
10699	how would i apply for an american express
10700	how much pto have i accrued
10701	thanks!
10702	what is my current credit score
10703	take everything off my todo list
10704	what's a cool and interesting thing about dogs
10705	i want to know how many vacation days i have
10706	can i safely travel to france or is it dangerous
10707	what would be good for dinner
10708	give me instructions to set up direct deposit for my paycheck
10709	i'm travelling to spain soon and want to inform my bank
10710	add i like it by cardi b to my playlist
10711	will i need a visa to travel to cancun
10712	do i need a plug converter when i visit china
10713	tell me a dirty joke
10714	how much money am i going to lose this year for state taxes
10715	what is the exchange rate between rubles and us dollars
10716	you work for someone else or no
10717	when will my order be delivered
10718	flip a coin for me
10719	has my delivery order showed up
10720	what are the kinds of things you can help me with
10721	please tell me my location using gps
10722	i need to block all transactions from going through on my citi checking account straight away
10723	you need to tell me when was car in shop
10724	i need everything on my shopping list to be ordered
10725	let me know my vacation time
10726	tell me something interesting about dogs
10727	where do i find the routing number for chase
10728	how much do you start at
10729	so are cats and dogs liked by you
10730	i need to make a report due to fraudulent activity on my card
10731	is there any rain in the next 3 days
10732	not sure, maybe
10733	please switch $s checking to mortage
10734	help me a great hotel in vegas for this weekend
10735	what is the amount of vacation days i have left
10736	how is the traffic like on my way to fairfield
10737	go back to initial settings
10738	i need my earned income form for paying taxes
10739	how much have i spent on make up recently
10740	how can i schedule a meeting
10741	how long is the ride to phoenix
10742	how's the weather
10743	if i am in tulsa, will i get charged extra if i use my card
10744	what are the international transactions fees for my industrial bank card
10745	on the 22nd of this month, we need to clear our calendar so we can leave it open for mark to visit
10746	how many tablespoons and teaspoons is one cup
10747	share my location with apple
10748	is walmart going to let me take the vacation time i asked for
10749	time taken to reach doctors office
10750	what should i do in france
10751	what is the date of today
10752	will a jump start work if my batter is dead
10753	could you let me know what song this is
10754	what's the healthcare plan i'm on
10755	check days of pto
10756	can you roll dice
10757	could you skip to the next song on this playlist, please
10758	what is one fun fact
10759	i want a table at texas roadhouse; how long will it be
10760	make your accent the male british one
10761	please desync my current mobile
10762	what do you put in chili
10763	dial x's phone please
10764	give me my credit card's apr
10765	when is an oil change needed by me
10766	go back to the factory settings for this device
10767	did i buy too many donuts recently, like last week
10768	i want you to book a reservation for 8 pm at red robin under the name kevin
10769	what reviews does miyabi have
10770	now restore the original settings
10771	my card got melted and i need to report it, please
10772	please send a text
10773	i would like to hear the next song on this playlist
10774	what are the carry-on limits for flying domestically with delta
10775	could you teach me how to jump start a car
10776	what types of things are you able to do
10777	roll a 6 sided die and tell me the result
10778	can the funds in my wells fargo account cover my lift tickets
10779	pay the electric bill
10780	i want you to reset to brand new please
10781	suggest a meal from laos to me, please
10782	how many mpg does this rig get when i'm in the city
10783	suggest a meal from korea to me
10784	i need an update on my online order from nespresso
10785	where can i find my w2
10786	can you tell me how to change the oil in my car
10787	i need more checkbooks for my fifth third account
10788	book a reservation for 8 pm at red robin under the name kevin
10789	i didn't hear you, can you repeat that louder
10790	how do you say i'm hungry in french
10791	what does 'money' mean
10792	do you know where my cellphone is
10793	i need to know if i can put a pto request in for march 10 to march 12
10794	adios!
10795	read back to me my to do list
10796	if i'm planning to go to the uk, do i need a visa
10797	tell me my current location please
10798	i need to know last months transactions
10799	lower your volume
10800	look up the amount of vacation days i have used please
10801	play next on the playlist
10802	i would love to hear a joke about the dmv
10803	so what name do you have for me
10804	say my name in a sentence
10805	i'd like to roll a dice and get the result
10806	what are today's travel advisories
10807	can i use salt instead of baking soda
10808	tell me how to say hello in spanish
10809	i want my checking balance at chase
10810	i replaced my tires yesterday, when should i get new ones
10811	do you mind informing me the status of my southwest flight
10812	i want your setting adjusted to whisper voice now
10813	can we change your name to lisa
10814	i would like to cancel my reservations
10815	can you tell me jet blue airlines' carry on policy
10816	what appointments do i have on thursday the 14th
10817	should i put air in my tires
10818	pair with my phone please
10819	which hotels in evans have good reviews
10820	how many dollars can i exchange for 200 pounds
10821	i didn't hear you
10822	do you know how to refer to me
10823	how long before i need to replace my tires
10824	will i be charged if i use my card in mexico
10825	whats the latest on flight dl123
10826	what in the world is my credit rating
10827	text my doctor and tell him it happened again
10828	put on the next song
10829	my credit score is
10830	is there an easy way to change feet into inches
10831	i need to pay the smallest amount on my phone bill
10832	tell me how to get to target by bus
10833	which day will it be five days from now
10834	could you make reservations for 2 at olive garden for 5 pm today
10835	i'd like to see if there's a travel alert for the country
10836	can you add 5 and 89
10837	what is the amount i owe on my phone
10838	can you add passionfruit by yaeji to my playlist
10839	my disney visa card is stolen
10840	in my tank how much gas is there
10841	i have been spending a lot on utility bills lately
10842	can you show me roundtrip flights from dallas to los angeles from march 2 to march 10
10843	please tell steve my location
10844	how long can i keep pizza in the freezer for before it goes bad
10845	add clean bathroom to my to do list
10846	under the name zebee book a reservation at the xenophobe for 3
10847	tell me some things i can do to secure my credit rating
10848	would i need new tires if my last purchase was in may of 2018
10849	i need you to set timer for me
10850	i need an uber to the doctor
10851	i need to make a reminder please
10852	make me an appointment for a tire check
10853	i want you to call me lord
10854	can i use flour instead of cornstarch to make gravy
10855	when is my meeting with john
10856	do i have enough in my chase account for new nikes
10857	set an alarm for 9pm please
10858	what is my credit card interest rate
10859	lets pair this with my new phone
10860	how do i report a melted credit card
10861	at walmart my card got declined when i was buyng qtips
10862	could you find my location on the map
10863	what is inches in centimeters
10864	what are you going to refer to me as
10865	i want you to disconnect from my phone
10866	i would like to switch my insurance plan
10867	subtract 100 from 12
10868	add wash the dog to my list of things to do
10869	find me starbucks
10870	how many miles is there left to get to sioux falls
10871	what tune is this
10872	show me some things to do in gatlinburg
10873	set a timer for two minutes
10874	is the meatloaf still good to eat, i've had it in the refrigerator since last monday
10875	i just placed my order today, what is the status of it
10876	what are the comments on the donuts at tgi
10877	text my mom for me and tell them i will be home soon
10878	you need to help me find my cellphone
10879	can i get the minimum payment for my credit card
10880	what's my eta on the bus ride to church
10881	ai what was the question
10882	make your name steve
10883	i would love to know the exchange rate between rubles and pounds
10884	how much money have i spent on groceries recently
10885	what meetings are on my schedule today
10886	commence playing music
10887	will i need immunization for a trip to turkey
10888	please let my bank know that i will be in rome from february 1 to march 1
10889	tell me the last time i had my car checked out at sam's repair shop
10890	please let me know what my current bank balance is
10891	tell me how old you are
10892	what time can i expect to be seated at this restaurant
10893	show me my transactions on make up at sephora
10894	how do you convert miles to kilometers
10895	will my delta flight leave on time
10896	farewell
10897	you must increase the volume to 4 please
10898	i'm not sure if watermelon is on my shopping list, but if it isn't can you put it on there
10899	can you tell me how many calories are in an apple
10900	how do i get a new credit card sent to me
10901	ai, what is the routing number for my citibank savings account
10902	i need to know how to get to target by bus
10903	how many carry ons can i take on a flight with delta to mexico city
10904	am i talking to an actual person
10905	i need to switch insurance plans
10906	what kinds of things can you do
10907	do you know why my card was declined at target i can't figure out why
10908	i would like to know how to make a vacation request
10909	how long will my milk be good in the fridge
10910	what kind of outlets do they use in z
10911	i'd like to schedule a tire inspection
10912	repeat that once more
10913	when is my car insurance due
10914	i would love to know the interest rate on my bank of america cd account
10915	agreed
10916	transfer two hundred dollars between my portfolio and my money market account
10917	i would like my credit limit increased to 5000 dollars
10918	i'd like to know this song's name
10919	i want to start a new aaa insurance plan
10920	give me a cool fact about lsd
10921	do i have any reminders to look up how to properly do a potato in my microwave
10922	what is the current exchange rate for the dollar and the yen
10923	i need to transfer from one account to my second one
10924	can you explain to me how to get some more checkbooks mailed to me
10925	are you involved in hobbies
10926	can you check washing the dishes off on my to do list
10927	please switch to whisper mode for now
10928	my new job requires that i rollover my 401k
10929	i need to know how much i make at my job
10930	what's there to do in seattle
10931	how bad is traffic to the closet atm machine
10932	alert my bank and let them know that i'm travelling to china
10933	tell me what my calendar looks like for march 12th
10934	what is your names
10935	what do you get when you roll a dice with five sides
10936	how are you this day
10937	what should i refer to you as
10938	mailing to me for a new card takes how long
10939	does my capital one credit card have international transaction fees
10940	would i have to wait long if i want to eat at chili's
10941	how healthy is shepard's pie
10942	whats the number of pto days i have to my availability
10943	i need you to set a time
10944	does pizzeria delfina in san francisco take reservations
10945	if you can do accents, i want to hear you talk like david bowie
10946	will you speak more rapidly
10947	i need you to confirm my reservation for kevin at red robin
10948	i need to take a flight from florida to alabama on january 25th and i need to get back by the 30th
10949	find out where my phone is
10950	when does my amex expire
10951	translate hello in french
10952	repeat that last response
10953	what's the ac set to
10954	do you know when my next electric bill is due
10955	i need to know when i get my next day off
10956	how many vacation days have i consumed
10957	i'd like to augment my workout playlist with this tune
10958	are you able to call me by my name
10959	is there anything on my todo list for taking out the trash
10960	could you tell me today's date
10961	i'm hungry, where should i go
10962	please put on the next number on this playlist
10963	what date is the next payday
10964	slow the speech down
10965	does macaroni grill have a wait how long
10966	how do i jump start the car
10967	can you assist me rolling over a 401k for a new job
10968	what was my income last year
10969	play help! by the beatles
10970	when can i receive rewards on my visa card
10971	what's my current location
10972	can you show me transactions related to utilities
10973	how do i get to the fine arts center by foot
10974	how can i figure out the interest rate for my columbia account
10975	how long do i need to cook tuna casserole for
10976	think about if you could only say one or the other, which animal do you see yourself choosing, cats or dogs
10977	i want to know the time
10978	could you freeze my account now
10979	what ingredients are in dough
10980	please tell me what the mpg is for this car
10981	complete a transaction from savings to checking of $20000
10982	do they take reservations at bar tartine
10983	when does my card expire
10984	do they take reservations at carrabbas
10985	what will the weather be like
10986	nice to speak with you
10987	couldn't tell you
10988	can you roll a fair, 6 sided die
10989	i want to know how to say goodbye in france
10990	do you have any funny jokes you can tell
10991	i need laundry put on my list of tasks to complete
10992	using my card in tulsa won't cause me to be charged extra will it
10993	tell me about something some trivia
10994	i need a 401k rolled over to my brand new job
10995	can you let me know my credit card's apr
10996	i will be speaking chinese going forward
10997	can you please freeze my account
10998	could pizza be healthy
10999	what sort of nutrients does a steak have
11000	find an uber xl to take me to the kroger near me
11001	what's the traffic like going to central park
11002	what's the name of the song playing right now
11003	tell me about yourself
11004	does argentina have a travel alert
11005	can you tell me about the traffic typically at noon on the route the hospital
11006	hi! are you doing okay
11007	can you please turn the fan on
11008	when will my card come
11009	how do i change my pin number for my account, please
11010	who would you say your employer is
11011	i need to go back on my factory settings
11012	what is there to do in evans
11013	what location can i get a w2 from
11014	can you look for a denver international to new york international round trip flight for the 5th though 8th
11015	how well is the gas mileage while i'm in the city
11016	fun facts about tigers
11017	how long should i cook roast for
11018	are my tires due to be changed soon
11019	i need to know when's the next holiday
11020	add song to media playlist
11021	make a reservation at 5 pm today for 2 at olive garden
11022	i forgot my pin number to my chase account
11023	will you allow more spending on my visa
11024	how do they say 'i love you' in japanese
11025	what can i ask you to accomplish
11026	return it back to the original settings
11027	i would like you to help me find a chow mein recipe
11028	tell me something funny about rats
11029	will it get over 90 degrees today
11030	what mpg does my car get
11031	'can u set a timer for 5 minutes
11032	do i need a plug converter in doha
11033	what's your opinion on the meaning of life
11034	can i increase my credit limit to 500 dollars
11035	you have to reserve a table for 4 at red robin under the name kevin at 7
11036	does this car get good mpg in the city
11037	i would love to find a few vegan restaurants in back bay
11038	please use a quicker rate of speech
11039	i need to know if i could substitute apple sauce with eggs
11040	what day is our next free day
11041	how do you spell antithesis
11042	how much did i spend on shcool due last year
11043	share my location wtih amanda now
11044	tell me what the date will be tomorrow
11045	can you tell me how long approximate wait times are at cheesecake factory
11046	how much is left of mastercard
11047	for the shopping list, order everything
11048	i am going away and need to rent a car
11049	what's the conversion from inches to centimeters
11050	mpg of this car
11051	is there an uber going to downtown
11052	what holiday is coming up
11053	can you help me spell facetiousness
11054	what oil do i need and how is it changed
11055	can you help me set up direct deposit
11056	what goes into a strawberry smoothie
11057	look up easy to follow recipes for beef ribs
11058	how many dollars can i exchange for 75 euros
11059	how many hours of vacation have i saved up
11060	how are you today
11061	what's the conversion rate of 100 dollars to euros
11062	what types of things can i ask you
11063	can you tell me about the pets you have
11064	how can i request a vacation from work
11065	how long does it take to get a replacement card
11066	can you show me how to change the oil in my car
11067	is grub burger taking reservations
11068	can i make a reservation for 2 at state bird for 8:30, please
11069	pay my electric bill from my park bank account
11070	how do i request vacation time
11071	turn lights on in the garage
11072	how much vacation have i already used this year
11073	define monetary for me please
11074	can i sub ketchup for mustard
11075	what plan am i paying for
11076	i am now out of checks, how do i order new ones
11077	how many calories are there in a scoop of chocolate ice cream
11078	how long will a new card take to come in the mail
11079	what is the insurance plan that i'm signed up for
11080	what's the name of my medical coverage
11081	cancel the dinner reservation i made, okay
11082	find me a rental car from 3/6 - 3/9 in port charles
11083	how much paid time off do i have saved
11084	let me know what song is playing
11085	make a quarterly payment on my life insurance premium
11086	what is the average wait time at the cheese cake factory
11087	would you please tell me how many vacation days i have
11088	bye-bye
11089	what is the boarding time for my upcoming flight
11090	how many ounces in a liter
11091	find my credit score
11092	cut carrots can stay in the fridge for how long before going bad
11093	does cielo take reservations
11094	how do i make lassagna
11095	is the expressway slow this morning
11096	i really must know when should i get my oil changed next
11097	give me a good recipe for chicken parmesan
11098	call an uber to mark's house
11099	call me frank
11100	place a marker for me where i am on the map
11101	how busy is orchids at 7
11102	reset to factory default
11103	tell me what song this is
11104	thank you for helping me
11105	i want you to quit the action
11106	a bowl of cheerios with milk has how many calories
11107	when do i have to pay my electric bill by
11108	tell me what company programmed you
11109	my dte bill is how much
11110	is my gas tank at least half full
11111	what are my shopping list's content
11112	i need to talk to someone about a transaction that was not made by me on my chase account
11113	i'm out of here
11114	i need to transfer my 401 k
11115	you need to change the pin on my bank of america account to be 1234
11116	from now on, my name is tom
11117	tell me when i will next have the day off
11118	stop all payments to my bank account
11119	i'd like to buy some cooking pans
11120	how do i get to the hotel by bus
11121	are there any transaction fees associated with my amex card if i am in france
11122	exchange rate to go from dollar to yen
11123	i think my luggage is missing
11124	switch to british male accent
11125	please tell me the procedure to cash in my rewards for my citibank card
11126	what is there to do besides drink in germany
11127	it seems someone conducted a fraudulent transaction on my account
11128	i need to know today's forecast
11129	how much is the bill for my water and electricity
11130	tell me something funny about people
11131	nay
11132	i must apply for a new credit card
11133	i need help changing my 401k after i got a new job
11134	does united airlines allow more than one carry on
11135	can you read my reminder list, please
11136	how do i change oil on a car
11137	how do i find my location right now
11138	tell me when my flight scheduled to board
11139	what type of calorie numbers are in onions
11140	have i been spending a lot on roast beef lately
11141	tell me the kind of fuel that my vehicle operates on
11142	i would like to know if there are any fees for using my capital one card in london, england
11143	show me my transactions on groceries
11144	what is the apr on my american express
11145	what is the minimum for my citicard this month
11146	how long has it been since my car was last looked at
11147	help make changes to my insurance policy
11148	do i have carrots on my shopping list
11149	take my lunch plans off the calendar for march 13th
11150	is it possible to get a credit limit increase to 3000
11151	target declined my card and i don't know why
11152	would i need to buy a plug converter when in rome
11153	what interest rate will regions give me
11154	tell me the inventor of ai
11155	can you schedule a meeting at 10 am tomorrow with john smith
11156	thank you for chatting with me, bye
11157	what do i do to find my current location
11158	does going to taiwan require me to get an international visa
11159	put a device with my phone
11160	how many points did i get on my visa card
11161	i made a reservation under mark hamil at the emporium that i don't need any more
11162	play the song coming on next
11163	yes you are
11164	what expression would i use to say i love you if i were an italian
11165	which days did i take vacation
11166	there's a shady charge from comcast on my account
11167	ai stop talking
11168	my new playlist well be having god's plan adding to it
11169	what's the routing number for my money market account
11170	can you tell me something i don't know about banks
11171	can you please locate my phone
11172	calender says tomorrow is
11173	please find the date of my last oil change
11174	ai i need to go to charlies with eight adults can you get uber
11175	how do you spell hotdog
11176	what is my current net salary
11177	help me get some new checks since i ran out of them
11178	can i make a reservation at michael's
11179	tell me what monstrosity means
11180	tell me how long i ought to spend preparing fajitas
11181	when's my next payday
11182	tootles
11183	can you schedule a vacation for next week
11184	how's my gas mileage while driving through a city
11185	set a reminder for me to request time off work around the holidays
11186	what's a fun fact about mythology
11187	is that place busy around dinner time
11188	do you have any pet animals
11189	does my car have enough gas to get to atlantic city
11190	i want to call robby
11191	pay the red cross the monthly donation
11192	i am camile
11193	when is my plane scheduled to land
11194	how long can i leave tuna casserole in the fridge
11195	talk to me by calling me this name from now on
11196	inform me what you do for fun in your free time
11197	where do i go to view the interest rate on my brighton account
11198	what is the mpg for this car in city
11199	help me to understand the conversion between tablespoons and teaspoons
11200	i need more candy so could you order me a pack
11201	how much farther can i drive on the gas i have
11202	i need to know what my health benefits cover, please
11203	do you have any animals
11204	could be there be a good amount of money in my checking account to go on a vacation
11205	i'm traveling tony soon and want to inform my bank
11206	my card was in my pocket and bent
11207	you can remove the wedding from my calendar for march 12, 2019
11208	what is the status of my online order of coffee pods
11209	add this song to my rainy day playlist
11210	what's the meaning of emulsify
11211	how many rewards points do i have for my amazon card
11212	how do i place an order for more checks for my bank of america account
11213	what kind of gasoline can this car take
11214	what's your brand
11215	is my apr high
11216	please provide the square root of 36
11217	how much interest do i get on my citizen's savings account
11218	where are we located
11219	what kind of oil do i need for my ford truck and how can i change it
11220	is it time to change my tires
11221	i'd like to cancel the party of 7 we reserved at the olive garden
11222	is the traffic bad at 5:00 if i'm going to the mall
11223	are you now working for me
11224	what does traffic look like at 9 en route to the aquarium
11225	how long will it take to be seated at macaroni grill
11226	can you give me a burmese meal suggestion, please
11227	i need to report a stolen card
11228	does my bank of america card have international transaction fees
11229	please tell me how to submit a vacation request
11230	my name's bob
11231	change settings to how they were originally
11232	what is the plug type in france
11233	please get my car started before i go out to it
11234	where did you used to live
11235	do you have instructions on jump starting a chevy
11236	how good are the ratings for chez panisse
11237	can you direct me where to find where i am
11238	what is the tire pressure in my car
11239	i need you to block my mutualone account now
11240	i need to know my interest rate
11241	is there milk on my shopping list
11242	why would a hold have been placed on my checking account
11243	does my calendar show anything for thursday the 14th
11244	how many years have you been on
11245	can you add cherrios to my shopping list
11246	i want manual on how to change oil
11247	can you tell me if you're human or if you're a computer
11248	i am trying to find out when is the next payday
11249	insert what i am listening to into my jazz playlist
11250	put a meeting on my schedule with pam for 3:00pm on february 11th
11251	please tell me a joke
11252	how many ounces are in a cup
11253	can you tell me what the ac is on
11254	does buffalo wild wings have good reviews
11255	do i have tortillas on my shopping list if not please add it
11256	why does my visa account have a hold on it
11257	ai, tell me what things i should ask of you
11258	was my application approved or not for a credit card at chase bank
11259	how long should i fry an egg for
11260	i need to know the date my next paycheck will be here
11261	will you connect to my phone
11262	does the bus go to the washington monument
11263	which types of questions can i ask you
11264	i will call you zander
11265	what is the status of my credit card application
11266	can i hear the beatles
11267	how long is the wait at assagios today
11268	how much are taxes on this
11269	are my tires due to be changed
11270	does my checking interest rate seem low
11271	read me my reminders list
11272	how would i say love in french
11273	you can remove the play date from my calendar for feb 18, 2019
11274	show me all new transactions
11275	phonecall sarah
11276	set to female voice
11277	does longhorn steakhouse have good reviews
11278	text nick and tell him the car's ready
11279	from december 22nd to the 25th, make me a pto request
11280	read me my schedule for march 2
11281	speak back to me what's on my reminder list
11282	x is waiting for me to call
11283	could you tell me about my income
11284	i need to know what it is that i wanted to remember before
11285	add help! by the beatles to my playlist
11286	when is the next payday
11287	is today monday
11288	what do i need to make chicken salad
11289	ai, cancel that last request
11290	tell me chase's routing number
11291	is it possible to only talk in spanish
11292	what time is my meeting with steve
11293	go back to normal mode please
11294	i'm looking for assistance booking a rental car in las vegas
11295	i'm sorry please repeat the question
11296	make it so my paycheck goes directly into my savings account
11297	i can't find my visa card and i want to report it as lost, please
11298	what have i spent lately in child care
11299	appreciate the help
11300	turn lights on in my master bathroom
11301	can you tell my what france's timezone is
11302	how much money a year do i spend in taxes
11303	toss a coin i will take tails
11304	i need a reminder to order cookies
11305	is it possible for you to whisper for me
11306	talk to you later!
11307	salutations!
11308	how good are the ratings for pizza hut
11309	minimum payment for my credit card
11310	i need to get a hold of my w-2 right now
11311	how healthy is pumpkin pie
11312	have a good one
11313	tell me a fact
11314	i need new health care coverage
11315	send mom a message i'll talk to you later
11316	can you put detergent on my shopping list cause i'm all out
11317	my gps coordiantes will be shared with aunt sunny
11318	tell me what ten pounds in kilos is
11319	how is it possible that my account has been frozen
11320	turn down your volume please
11321	weather in costa mesa
11322	what organization do you work for
11323	please play the song that goes doo doo doo
11324	because of circumstances i don't need my reservation anymore
11325	the name i go by is sandy
11326	whats the deadline for amex payment
11327	would you provide the number of vacation days i have
11328	how do i switch out my oil
11329	how many pto days do i have for the year
11330	i have no oranges, put them onto my list
11331	can i increase my credit limit to 800 dollars
11332	please abort the current process
11333	where do you hale from
11334	i want you to send a text message for me
11335	where on the cheerios box are the nutrition facts
11336	what is the mpg
11337	are you a computer or a real person
11338	how do i jump start a fiat
11339	what will traffic be like at 5:00 going towards the mall
11340	what's the current time, please
11341	i need a timer set for 15 minutes
11342	what's the best place to travel to this time of year
11343	what are my health benefits like
11344	how can i replace my car battery
11345	i missed that last one, please repeat
11346	i want you to roll dice
11347	please send ten dollars from bank of america to capital one
11348	what is my interest rate
11349	have you seen my cellphone
11350	help me find where i am
11351	i want to find a roundtrip flight from philadelphia to sioux falls from august 3rd through august 25th
11352	my water and electricity bill is how much
11353	at 9 tomorrow, set off the alarm
11354	has my day off request been looked at yet
11355	what month and year will my visa card expire
11356	do you know what this song is
11357	can you slow down your speech
11358	what is the rate for 500 cad in usd
11359	how will i change my car's oil
11360	does the national card have international transactions fees and how much
11361	give me some options on what to cook for dinner
11362	i need a hotel room for 4 people in lakewood from monday to wednesday
11363	can you find some instructions on how to change my oil
11364	what do i need to buy to make a spaghetti
11365	what's the typical time it takes for a new card to arrive
11366	i was at albertsons trying to buy milk when my card wasn't accepted
11367	i want to book a hotel in tampa from may 2 to may 4
11368	i need to know if you are a bot
11369	will flight dl123 be on time
11370	how many days of pto are available
11371	how do you convert ounces to kilos
11372	which insurance plan do i currently have
11373	how is my credit limit
11374	add walk by pantera to my playlist
11375	what are some of sweden's best sights
11376	my luggage was lost so what do i do
11377	must i have an international visa when travelling to russia
11378	do you have a cookbook that could teach me to make sushi
11379	do i have anything on my calendar next sunday
11380	put a hold on my bank account please
11381	i'm wanting you to flip a coin
11382	do i have to get shots to travel to iraq
11383	erase get a haircut from my to do list, please
11384	please make sure my account is frozen
11385	where do you come from
11386	can i call you lucy from now on
11387	i need you to freeze my account
11388	how can i stop my credit score from dropping
11389	i need you to book me a flight from chicago to montpelier via united
11390	is the timezone there different
11391	send from my bbc money market to my t rowe price money market seven thousand dollars
11392	hey ai, reduce your speed of speaking
11393	can you look up what my shopping list has on it
11394	can i call you adam instead of the current name
11395	what is the apr on my citibank card
11396	how do i know when to pay my gas bill
11397	how much gas is in my car
11398	500 dollars equals what in pesos
11399	add what i listen to to my car ride playlist
11400	give me a cool fact about new orleans
11401	i need you to help me with some math if you can
11402	what is required to direct deposit my paycheck
11403	set up payroll direct deposit to my checking account
11404	i wanna know the interest rate on my bank of america cd account
11405	please disconnect from my phone
11406	is my calendar free next sunday
11407	tell me where to get myy w-2 form
11408	can you tell me why my bank account is frozen
11409	is it likely my credit card application has processed yet
11410	book me a hotel with good ratings in nashville
11411	what month does my card close
11412	how's the traffic this morning
11413	what's my latest credit score
11414	i just used my last check and need more now
11415	what's on my calendar for tuesday
11416	can my limit be increased for my visa
11417	start a timer for two minutes
11418	will i be allowed to take vacation
11419	i want to report fraud on my american express
11420	tell me a joke about politicians
11421	what is three quarters of one sixth
11422	i'm out of apples, add that to my list
11423	i need you to change your accent to the male british one
11424	can you talk slower please
11425	how healthy are potato skins
11426	what is my plan for the day
11427	what benefits does my insurance provide
11428	what date will my next paycheck be here
11429	good answer, thanks for providing it
11430	send amy a text for me and tell her i need to meet
11431	what can you do
11432	will i be charged if i use my card in france
11433	let me know how many carry ons i can take on a flight with southwest airlines to dallas
11434	what is the tax rate that applies to me
11435	help me find a hotel in that has good reviews in columbus
11436	do i have anything scheduled on january 1st
11437	put laundry on my to do list
11438	let's do a personal pto request for the dates may 12th to may 15th
11439	what's happening on may 3rd
11440	what is the name of your birthplace
11441	am i allowed to increase my credit limit to $1000
11442	transfer my 401k please
11443	what is that tune
11444	i have a new job now and need help with rolling over my 401k
11445	i would like to try and confirm that i have a reservation at hu hot for paulie
11446	how long do i have to pay that bill
11447	how can i look at rewards for my amex card
11448	what do i set the timer for if i'm making gyoza
11449	please flip the coin over ai
11450	change to a male british accent
11451	i need to get some assistance figuring out how to rollover my 401k, please
11452	to what extent until the following free day
11453	what s the uv index tomorrow
11454	find hotels in baltimore that have positive reviews
11455	what name would you like me to call you
11456	cats or dogs
11457	role a 10 sided die for me
11458	i want to change my oil if you can tell me what to do, and what kind do i get
11459	tell me the fuel type used by my car
11460	what's the nearest starbucks
11461	am i your boss
11462	did i forget to put protein shakes on my shopping list
11463	what place were you born
11464	remove the may 11 event called baby shower from my calendar
11465	what is your nationality
11466	would you let me know what is on my shopping list
11467	make a payment on the electric bill
11468	can you tell me what a septuagenarian is
11469	set a ten second timer
11470	start a call to cynthia
11471	i'd like you to roll a 6 sided dice
11472	can you locate my phone
11473	can you tell me what the amount on my directv bill is
11474	what is the max credit limit for my card
11475	is it possible to get a ford in austin from may the 5th to may the 7th of this year
11476	help me, i forgot my pin number
11477	set an alarm to start work and another to stop
11478	can you tell me the date
11479	what do i earn on average at my job
11480	what is 4 x 4
11481	is it possible to increase the credit limit on my mastercard
11482	what is my exact credit score
11483	i need an alarm set for 6 in the morning
11484	do i still have vacation days
11485	i was at costco trying to buy groceries and my card got declined
11486	where can i locate the routing number for the bank i bank with
11487	so what sort of hobbies are you into
11488	please repeat over what you said
11489	is it possible to rollover my 401k
11490	how is the traffic near lexington
11491	can you cancel my reservation on tuesday for chris at stella maris
11492	x has given me an interest rate, what is it
11493	there's a hold on my chase account, but why
11494	my checking account has a hold on it and i need to know why
11495	what time is it in houston, tx
11496	who is knocking
11497	is it true that opening a new account can decrease your credit score
11498	how much is in my pnc account
11499	how long does oil last in a car
11500	did i include butter in my shopping list
11501	i just switched jobs and need a 401k rollover
11502	what is the due date for my metronorth monthy pass
11503	i really want to confirm that i have a reservation at red robin for josh
11504	how do i slow down my ai's voice
11505	what is the weather like in sparks right now
11506	what's my income been for the last 6 months
11507	i switched companies and need to rollover my 401k
11508	do they take reservations at applebees
11509	can you tell me how much i spent on grocery shopping recently
11510	would it be possible to make a pto request for january 15th and 16th
11511	what would your name be
11512	does my chase card have international transaction fees
11513	when is my cell phone bill due
11514	can you tell me what you just said
11515	can you please help me find my lost luggage
11516	how many dollars can i exchange for 10 yen
11517	hey what's up
11518	i want to hear beatles music
11519	can you change the name of what you respond to
11520	i want an italian meal suggestion
11521	read my entire shopping list to me
11522	i need to add this song to my playlist of rock
11523	can you let me listen to elvis
11524	do i have enough credit card points to redeem a new appliance
11525	i no longer need my reservation with carl at umami
11526	where do you trace your roots
11527	call me mary
11528	how do i report a lost discover credit card
11529	could you tell me how many pto days do i have left
11530	i need $20000 transferred from my savings to my checking
11531	i'm not sure if this will hurt my credit score
11532	i need to know how many of my days off i have used at this point
11533	how do i change my pin number for my payroll account
11534	why would i have been locked out of my own account
11535	my card was damaged by my cat; can i report that
11536	what's today's weather going to be
11537	who calls the shots for your employment
11538	when should i pay my bill by
11539	what is the interest rate on my barclay card arrival credit card
11540	tell me who is by the garage door
11541	when is my oil due to be changed
11542	i tried to make a purchase yesterday but my card was declined why
11543	when is too late to pay my cable bill
11544	can you tell me about my credit rating
11545	can you provide me my credit score
11546	help me find a recipe for a beef casserole
11547	i need to know what routing number i should use for ally
11548	ai, routing number for my b of a checking account
11549	switch to a different accent
11550	please search for necessary ingredients included in meatballs
11551	please add what i listen to to my lolla playlist
11552	what could i do for fun in kentucky
11553	tell me all about the meaning of life
11554	check to see how many days off i have used
11555	what kind of meetings do i have today
11556	what's song am i hearing
11557	please connect with my smart phone
11558	i need to get a flight out of seattle to dulles next week for under $500
11559	what is 2 + 2
11560	when will i get my new credit card
11561	give me all contents of my shopping list
11562	suggest a meal for me that comes from mexico
11563	what's next when it seems there's a dead car battery
11564	i need to know how to spell excellent
11565	please put a block on my us bank account immediately
11566	how is the traffic at jfk at 5 pm on weekdays
11567	how do i get my rewards from my visa card
11568	when should i replace my tires sense i last replaced them on 3/21/17
11569	how are the reviews for mcdonald's
11570	if my card was stolen, where do i report it
11571	can i get my car jumped for this dead battery
11572	what is my gas level
11573	check to see how long of a wait i would be facing if i go to outback steakhouse
11574	what is the meaning of telepathy
11575	i need an alarm set for 5:30 pm
11576	i wanna know a phrase in spanish
11577	chicken noodle casserole is made from what
11578	can i get to work safely or do i need to stop and get gas
11579	i would like to confirm my 7:30 pm reservation at morton's steakhouse, under michael james
11580	rent me a car in aiken on may 12 to may 16
11581	tell my bank i will be travelling to the caribbean
11582	that is not false
11583	discover card reporting fraud
11584	i need to order new checks since i just used the last of them
11585	do i need to protect myself with some shots for a trip to vietnam
11586	i owe you one
11587	what is the fridge life of spahghetti
11588	that's all, bye
11589	can you tell me the reminders i have set up
11590	can you tell me the mpg of this car
11591	who developed your actions
11592	tell me my usage of vacation days
11593	i'm going to paris soon and want to let my bank know, how do i do that
11594	what do i have going on may 4th
11595	can you cancel the reservation for kyle's party at red lobster
11596	i need to quick dinner suggestions
11597	go ahead and go back to the original settings
11598	play that song called colony of birchman
11599	i have to transfer my 401k but i don't know how to do it
11600	do you think we have a higher calling
11601	do you know the mpg for this vehicle
11602	how do i make pie crust
11603	would you just like to call me paul
11604	how many calories are in a cookie
11605	ai locate my phone
11606	i have to say affirmative on that one
11607	find out how long it has been since my car was last in the shop
11608	help me find things to do in nashville
11609	how do i get direct deposit set up
11610	i need diy info about jump starting my dead car battery
11611	how long will it take me to be seated at ihop
11612	i'm here at dia but my luggage isn't!
11613	i'm going to india do i need some shots
11614	please dial x's phone number
11615	could you put a stop on my bank account
11616	can you check the expiration date for my amex card
11617	what plug does colombia use
11618	what is the interest rate i am receiving from the start of the year
11619	change your name setting to plato
11620	i am choosing heads, now please flip that coin
11621	turn down the lights a little please
11622	get my credit limit changed
11623	what is one thing i might not know about nike shoes
11624	how i do schedule car maintenance
11625	at noon, schedule a meeting with saul
11626	can you put in a pto request for the 5th of june to june 8th
11627	set timer for 5 minutes
11628	i need you to go into whisper mode
11629	i want the name of your boss
11630	what do you think life is really about
11631	please create an alarm for 12 noon
11632	can you schedule a meeting with james at the office
11633	how many carry ons can i take on a flight with jet blue to washington dc
11634	help, i cannot find my phone
11635	what's my current tire pressure
11636	how long to get to the airport in la
11637	who is your boss by the way
11638	let's go through my to do list items please
11639	is there a carry on weight limit
11640	hi what's up
11641	what did i include on my list of things to remember
11642	display the routing number for account huntington
11643	is there a travel alert for north korea
11644	write down appointment for tomorrow on my calendar
11645	how's life
11646	make a pto request from dates may 3 to 9
11647	add jake's birthday party for friday at 5
11648	play some music
11649	i am unable to remember what my pin is for my bank of america checking account
11650	let shih chieh see my location
11651	by what name do you refer to me
11652	i want to change your name
11653	i wish to know when my flight will land
11654	is there a travel alert for [country]
11655	tell me if luigis in brick takes reservations
11656	when i am in spain using my cmaden card, is there any transaction fee
11657	is there someone i can talk to since i am in the airport waiting for my luggage which never came
11658	do i need to have my oil changed after 3000 miles
11659	can you tell me what is 18 percent of $2500
11660	what was the date of my last car service
11661	i want to know my routing number please
11662	at what point will this flight start letting people board
11663	show me a beef recipe
11664	how long should i expect to wait for my replacement credit card
11665	see you around
11666	change the speaker volume to a louder one
11667	what do i need to do to apply for a visa card
11668	text sal and tell them hi
11669	how do i choose the correct oil and how do i change it
11670	add this song to my jazz playlist
11671	how shall i find my current location
11672	let's send some money to another account
11673	create for me a pto request for march 16-21
11674	what is your age again
11675	does my shopping list consist of chips
11676	whats rupees dollars in 30
11677	i'd like to know how to spell cemetary
11678	what is the length of time it takes a new card to get mailed to me
11679	can you look up the carry-on restrictions for delta
11680	tell me how many vacation days i have
11681	if i lost my card how do i report it
11682	will you repeat what you just said
11683	i'd like to get on a new united healthcare plan
11684	how can i redeem my credit card points
11685	can i make reservations at grub burger
11686	i have a vacation request that i need made
11687	inform my bank i will be travelling to central africa
11688	please help me figure out why my card was declined yesterday
11689	who can i call about my luggage
11690	are there any places nearby i can rent a car at
11691	turn your speakers up
11692	provide me the number of vacation days i have
11693	what are reviews for ihop like
11694	can you tell me the meaning of life
11695	what's the best restaurant in arizona for pizza
11696	which date is my next paycheck due
11697	what's up
11698	tell me about the weather today
11699	what fees are charged if i use something in paris
11700	i need to pay my mortgage
11701	who is the creator of this ai
11702	are there any meetings on the calendar for today
11703	wipe my todo list please
11704	please roll a 7 sided die
11705	how do i know that you're a person
11706	can you help me find my luggage it was lost on delta flight abc123 from houston
11707	tell me how to spell malignant
11708	tell me what my state taxes are
11709	how long have you been alive
11710	i can not use my card, it is damaged
11711	tell me some things to see in tampa
11712	what is the earliest date i can get my new card
11713	make the settings go back to the original
11714	spell out potato
11715	go into whisper mode
11716	how to keep my credit score from going down
11717	that's completely false
11718	do my tires have enough air
11719	i need to get direct deposit on my bofa account
11720	let me bank know i will be in brazil from june 1st to july 1st
11721	i'm thankful
11722	tell me my health plan
11723	flip it please
11724	where's my package
11725	can you please cancel
11726	what is our purpose
11727	help, i lost my luggage
11728	help me find someone to look at my check engine light
11729	can you set alarm for me
11730	can you show me how to change the oil for my car
11731	what's the point of everything
11732	please book me a room in austin from tomorrow to the 2nd
11733	set an alarm for four thirty tomorrow, please
11734	i don't know anything about that
11735	can i swap coconut milk for condensed milk
11736	am i able to place a pto request for february 20-25
11737	is butter ok to use instead of oil
11738	how much is my comcast bill
11739	ai, what's your name
11740	tell me what the tax amount is
11741	so what is my current name saved as
11742	what time should i leave this in the oven
11743	roll them bones!
11744	tell me what cas is needed for this car
11745	what goes in broccoli cheddar soup
11746	tell me a fact about the maned wolf
11747	for anew card to be mailed to me, how long does it take
11748	tell me when my flight will land
11749	i'd like to find ways to improve my credit score
11750	i forgot the pin number for my college fund account
11751	what you age on your last birthday
11752	what is the time that it will take to arrive at detroit
11753	whats the safest way to jump start a car
11754	what are the carry on limits for delta flights
11755	when referring to you, what name do you want me to use
11756	do you know why the bank put a hold on my joint checking account
11757	do you consider yourself an artificial intelligence being
11758	check to see the status of my recent online order
11759	tell me your thoughts about the meaning of life
11760	can you tell me how much cash i have
11761	when should i change my oil again
11762	what insurance benefits am i getting
11763	what kind of questions are you good at answering
11764	set up direct deposit to my money market account for my pay check
11765	how long will it take to get to golden gate bridge from pier 39
11766	i want to keep my credit score from going down, how do i do that
11767	can you send a text to someone
11768	is it possible to speed up of your replies
11769	how many times can 12 go into 600
11770	what's your hobbies
11771	how are the ratings like for buffalo wild wings
11772	can you tell me tomorrow's date
11773	how do i check how many rewards i have on my master card
11774	what's the apr on my visa card, please
11775	i need you to check the air levels in my tires and let me know if i have enough in them
11776	on what date does my visa card expires
11777	i lost my debit card and need it reported as lost
11778	how much is the current balance in my td bank savings account
11779	can you tell me where my phone is
11780	how many days of vacation time do i have saved
11781	tell me what my health plan is called
11782	ai, how are you feeling
11783	what is the weather report for seattle
11784	when will i get paid next
11785	please start the song penny lane
11786	skip this song and play the next one
11787	where do i get the tax form that shows my wages
11788	make me laugh
11789	what are your hobbies siri
11790	i need to add farm trip to my calendar for friday
11791	what is the scheduled landing time for my flight
11792	what kind of fuel does my car use
11793	how long is the validity of my credit card
11794	from now on, i want you to answer me using japanese
11795	how much will my state taxes be
11796	let me hear all meetings for today
11797	tell me how i can get a new pin number
11798	what does it look like my state taxes will add up to
11799	thank you for the help
11800	how often do you change your tires
11801	if i want to use my credit card points what do i do
11802	look into the status of the credit card application i submitted recently for my new card
11803	if i travel to the uk do i need any shots
11804	when is my pay period
11805	what will the low temperatures be over the weekend
11806	about how many vacation days have i taken
11807	bananas expire in how long
11808	reserve me a flight from ft lauderdale to houston on southwest
11809	how can i change my car oil
11810	what is my savings balance
11811	does italy have any travel alerts i should be aware of
11812	what is a good apr
11813	after 3 days in the fridge is rice safe to eat
11814	can you report credit card fraud for me
11815	how long should i cook the ham for
11816	whats the status of my singapore flight
11817	give tom my location
11818	can you tell me my password checking account
11819	can you please put a stop on my bank account
11820	proceed to the next song on this playlist
11821	i need help finding the apr on my aspire loan
11822	are there any transaction fees associated with my amex card if i am in belgium
11823	i'd like to know how changes are made to my insurance policy
11824	what time is it in russia
11825	what do you think you will refer to me as
11826	what do i want to remember
11827	turn up the volume level to 4, please
11828	my luggage is lost i was on delta flight ab123 out of new york
11829	what are some trivia questions about lebron james
11830	ill see you around
11831	give me the nutrition facts for chicken breast
11832	are any shots recommended before going to kenya
11833	are there travel notifications for columbia
11834	how do i ask to have a vacation
11835	can a car be rented from tuesday to thursday out of lax
11836	you can just speak to me as jim
11837	is my credit score high
11838	transfer $10 from checking to savings
11839	i need an uber for 7 people to go to safire restaurant
11840	i think i lost my luggage
11841	what do i do to redeem credit card points
11842	throw the dice!
11843	my card is lost how do i report it
11844	do i need a travel visa to visit russia
11845	i need to know the date it will be 4 days from now
11846	how long does it take frozen steaks to go bad
11847	what day do i get paid next
11848	please change pin to 1234 on my bank account trailing in 3829
11849	whats my count of vacation days used thus far
11850	see you later, alligator
11851	can you find the reason for the block on my account
11852	help me find some new dinner recipes
11853	is a socket converter required if i travel to russia
11854	can you slow down how fast you talk
11855	let's hear my workout playlist
11856	info on direct deposit set-up
11857	is doing my laundry already on my todo list
11858	if i take the bus, how long will it take to get to dubrovnik
11859	what is 750 divided by 5
11860	what date is my water bill due
11861	i don't know where my phone is
11862	change the name that you call me
11863	do i have any meetings with mark today
11864	can you tell me how i would normally say thank you as a french person
11865	sure thing
11866	has my credit card application gone through
11867	can you tell me the location of the nearest bank
11868	remove anniversary dinner from my calendar on april 5
11869	display shopping list
11870	until next time!
11871	please respond to me in spanish
11872	please increase your volume
11873	what day is my car insurance due
11874	what is the conversion for pints to quarts
11875	what is my current fuel level
11876	can you play the song that starts with doo doo doo
11877	i want to set up direct deposit to my first hawaiian bank account
11878	why are you talking so sloooooooooowly, please speed it up!
11879	are you a human being or a computer
11880	can you tell me what the limit is on my capital one card
11881	can you delete lunch with david from my to do list
11882	send 1200 dollars between usaa and navy federal accounts
11883	i need a car rental this week
11884	can i get a higher limit on my american express card
11885	rescind
11886	can you share my location with roger
11887	if i lose my credit card, will i get a replacement immediately
11888	how do you say goodbye in spanish
11889	i want a timer for 5 minutes
11890	when did they deposit my last salary
11891	when's the next phone bill
11892	cleaning needs to go on my list of things to do
11893	compose a text to mom i'll talk to you later
11894	reset the factory settings
11895	i need to know trivia on star wars
11896	what was the amount that i spent on fidelity visa last month
11897	i need to take some time off, can i have the next week off
11898	can yogurt be used for sour cream
11899	do you know what this car's mpg is
11900	thinking about cooking dinner, what should i make
11901	what is the date tomorrow
11902	don't connect to my phone anymore
11903	my stolen card needs to be reported
11904	tell me my phone's location
11905	can you speak more slowly
11906	go back to the original settings now
11907	name the items on my shopping list
11908	that is not true, it's false
11909	is anything happening on march 4th 2019
11910	my credit card was stolen; how long before a new one will arrive
11911	i don't need my reservation, cancel it
11912	show me transactions related to travel
11913	what day do i get paid
11914	can you tell me if my credit card expires in the near future
11915	can you share some trivia with me about us history
11916	who do i contact to order more checks for my td bank account
11917	how many days does it take to receive a new card
11918	at what point will i need to change my tires
11919	can i do a lot in nashville
11920	what time does my flight get in
11921	what's the expected calories in a cream filled cookie
11922	it was good chatting
11923	can you get me simple instructions on how to do an oil change
11924	when will i be getting my next paycheck
11925	what date is today
11926	could i cancel my reservations
11927	i need to know the carry-on restrictions for united airlines
11928	what is the credit card apr if you could tell me
11929	can i get a random heads or tails
11930	no way
11931	how long will it take for me to get to red robin in san diego
11932	i want to book uber for 3 people to union station
11933	whats the status of my united flight
11934	where is the closest applebees to the empire state building
11935	awesome, thanks
11936	play me the playlist entitled jazz
11937	is it necessary to get a shot for travel to india
11938	call an uber for 2 people to go to fourth street live
11939	repeal the dinner reservation
11940	what do i need to make a cake
11941	yes, that is it
11942	what's the proper way of spelling seance
11943	in what timezone is atlanta located
11944	what ingredients are in cheese cake
11945	i need you to find me a recipe for fried shrimp
11946	book me a flight from o'hare to las vegas on deltacom
11947	where do people go to eat in this town
11948	i think my luggage got lost
11949	how many calories are in a cup of white rice
11950	thanks for that
11951	i would like to listen to a funny joke
11952	let ben and jerry know where i am
11953	are there any open meeting rooms between noon and 1
11954	i want to know the nutrition info for chicken nuggets
11955	does travel to africa require any shots
11956	i need a hotel room for 7 people in st louis for november 3rd through 5th
11957	can my car get to dallas with the gas currently in my tank
11958	can you switch to the female voice
11959	when will my visa expire
11960	the sticker on my card is peeling off
11961	put me on a call to sally
11962	will you flip a coin
11963	what is the process to move money from one account to another
11964	abort
11965	count the number of vacation days i've taken and tell me
11966	what's the business that caused you to be made
11967	who is this ai's creater
11968	adjust speech rate to a faster setting
11969	what name should i use to call for you
11970	i want to know what the purpose of life is
11971	what name should i use when talking with you
11972	what's the recipe for rice noodles
11973	so do you like cats or dogs
11974	what gas does my car use
11975	how do i locate my current credit score
11976	say it one more time
11977	what day will i get paid
11978	can you tell me the calories for the cheeseburger
11979	does denmark use different sockets
11980	transfer money to another account
11981	why are we here in life
11982	can you look into whether my card has good apr or not
11983	can you tell me your hobbies
11984	i wanna have an appointment to get my oil changed
11985	will you add a reminder for me
11986	do you know when i last took my car to get checked
11987	do i need to pay my credit card bill already
11988	how do i relocate my 401k
11989	i am enrolled in an insurance plan and need to know what it is
11990	are there international transactions fees for rainbow card
11991	bonjour
11992	what does alternative mean
11993	are my state tax payments too high
11994	what hobbies pique your interest
11995	tell me something that'll make me laugh
11996	can you verify my reservation under steve for friendly's
11997	when is my visa due
11998	please tell me if there's been any word on my vacation request
11999	how much is the interest rate for the account i have at bluebird
12000	can you remove this event from my calendar, please
12001	i need to know how much i should pay in tax
12002	what's the amount of calories in an cream filled oatmeal cookie
12003	can you please whisper
12004	i'd like to reserve a high-end car that seats 5 comfortably for april 12th through 18th for st louis missouri
12005	when was my car in the shop last
12006	tell me the limit for credit on my mastercard
12007	which holiday is next
12008	actually, cancel that
12009	walk me through the items on my reminder list
12010	tell me the current apr on my visa card from bbt
12011	how much is my mpg
12012	schedule an appointment to get my oil changed
12013	i need to change your voice settings
12014	report lost card
12015	what is my wells fargo card's rewards balance
12016	i wish to know your hobbies
12017	i will be in lakewood from monday to wednesday and i need a hotel room for 4 people
12018	where can i locate the ally routing number
12019	please change your accent to a british male
12020	whats the title of this song
12021	are you a human being or a robot
12022	how old did you just turn
12023	how long has it been since the oil got changed out
12024	can you create a meeting for 3:00 on wednesday
12025	i need to confirm my reservation for 2/20 at 8 pm
12026	check my bank balance
12027	don't know
12028	please erase everything on my to do list
12029	i'm glad i got to talk to you
12030	how much time does it take to get to levi stadium from san jose airport
12031	add groceries to my shopping list as i am out
12032	make all settings the initial defaults if you would
12033	can you tell me what song this is
12034	trying to buy a mug from target but my card declined
12035	average time to receive new card
12036	how much gas is left
12037	i need to book a car rental in boston
12038	can you let me know what my credit limit is for my visa card
12039	are there any travel alerts i should know about for buenos aires, argentina
12040	could you submit a pto request for me for dates june 11 to 14
12041	can i travel to france as far as safety goes
12042	15 days from today, what will the date be
12043	which days did i take off work
12044	help me roll over my 401k
12045	read what i added to the reminder list
12046	tell me a joke about rats
12047	where are my rewards for my chase card
12048	closest auto parts store to find replace for dead car battery
12049	can you suggest meals from italy to me
12050	can you tell me how to jump a car
12051	please tell me how to spell umbrella
12052	can you please repeat my list back to me
12053	who can jump off my dead car battery
12054	if the dollar worth a lot in country b
12055	add a reminder to pick milk up at the store
12056	get me a hotel room for 4 people from march 1st to 3rd in seattle
12057	is the apr rate on my amex pretty good
12058	should i be concerned about the air in my tires
12059	thanks for that!
12060	what date do i have to pay my bill
12061	what date did i last take my car in
12062	how much gas do i currently have
12063	when was my last maintenance on my car in the shop
12064	stop the connection with my phone
12065	i'd like to know my bank balance please
12066	next payday please
12067	what amount of days off have i already utilized
12068	i'd like you to address me as lord snugglebottom
12069	may i suggest we put paper towels on my list for shopping
12070	do you have pets
12071	what is 89 divided by 3
12072	i need to know my credit's limit
12073	what is 2 inches in meters
12074	could you please track my package
12075	i need gas so what should i get
12076	i am wanting you to book me a flight from houston to miami on united airlines
12077	would you help me set up direct deposit
12078	play the next musical number
12079	my card was declined at mcdonald's and i want to know why
12080	i'm lacking vitamins so order me more
12081	whats the expiration date on my credit card
12082	i need to rollover my 401k because i got a new job
12083	i'm out of cat food, order more
12084	assist me to know how to get to target by bus
12085	what, if any, are the charges for using my card in mexico
12086	who sang this song
12087	where can i locate my w-2 form
12088	i would like more checks sent to my address
12089	what questions are permissible
12090	im not certain
12091	are there any shots i should get before going to south africa
12092	hey, slow down and take your time
12093	if i have 10 us dollars, how many pounds sterling is that
12094	remind me to get an oil change
12095	i want your new name to be joshua
12096	look up the type of gas needed for this vehicle
12097	please make my account a frozen one
12098	what's my current bank savings
12099	find out why my card was declined
12100	i am in the mood to listen to mack the knife
12101	use male voice
12102	how is my credit looking
12103	i need to know what song this is
12104	do you know about carry ons out of tampa with spirit
12105	what is my credit card's annual percentage rate
12106	siri, where is my iphone
12107	how are things going
12108	i want you to turn the tv on
12109	i need to locate my phone
12110	has my ordered arrived
12111	please let me know how my credit card application is going
12112	i gotta apply for a new credit card
12113	where will i find my w-2
12114	don't you work for someone else
12115	do i need to get vaccines before my trip
12116	what do the plugs look like in japan
12117	lets pass on this song and do the next
12118	share my location with brad and terry
12119	how many kilos are in 100 pounds
12120	how long before i get to dallas , in time, not miles
12121	my water bill is due, pay it immediately
12122	you can call me michael
12123	may i please have a definition for the work churlish
12124	i want my entire shopping list ordered
12125	where's your place of birth
12126	i am wanting to know who programmed you
12127	does my errand list have goodwill on it
12128	what time is it getting to be
12129	could you not talk so slowly
12130	can you give me a thai meal suggestion
12131	i need a rental car
12132	to vacation to tel aviv do i need a travel visa
12133	i want to know how many vacation days i can use
12134	i am here to conform my friday reservation at 2:00
12135	does black rock take reservations
12136	thanks again!
12137	will i make it on the gas i have to orlando
12138	how healthy is spaghetti
12139	i need to know if my capital one credit card have international transaction fees
12140	say something hilarious
12141	i want you to schedule a meeting with carrie and lisa
12142	glad we got to talk
12143	i'm reporting fraudelent activity on my card
12144	my car battery died, what should i do
12145	weather forecast please
12146	are there specific shots i need before traveling to japan
12147	i need to do taxes and have to get a w2
12148	i always wonder about the meaning of life, can you tell me
12149	tell me my income amount
12150	can you confirm my reservation for chillis at 8:00
12151	what is on my schedule for tomorrow
12152	can you go to the whisper voice
12153	is it possible to make reservations in advance for macaroni grill
12154	how do they say 'what's up' in chinese
12155	please cancel my reservation for chris at brio
12156	what's my monthly income
12157	please put in a pto request for june 5th and 6th
12158	what's the procedure to get cash back rewards on my visa
12159	where did all my money go this month
12160	that is totally true
12161	could you be a real person
12162	what is the shelf life for beef in the freezer
12163	tell me the number of days off i took this year
12164	make a transfer between accounts
12165	on pets, what kind do you have
12166	i need you to skip this song and play the next one
12167	what are some good places in kentucky that serve sushi
12168	can you give me information on how to rent a car
12169	when should i replace my tires next, if i replaced them on january 15, 2018
12170	can you ask me that again
12171	set a reminder to feed the dogs
12172	book a flight from la to madrid with southwest
12173	how much of my pto have i depleted
12174	can you increase my credit limit
12175	do i need a visa to russia
12176	can you tell me the ingredients used in pasta sauce
12177	give me the low down on my income
12178	from here on, you'll be responding to the name captain black
12179	i wanna know the point of life
12180	can you add this song to my jazz playlist
12181	can you help me with some fraudulent charges on my card
12182	do you have anything you enjoy to do
12183	can you connect to my phone, please
12184	where else do you work
12185	what does life mean to you
12186	so my card was declined at fry's and i wanna know why
12187	i need to know my rewards balance on my discover card
12188	can you delete my todo list please
12189	what is the current status of my vacation request
12190	how old are you alexa
12191	lowest amount for cable bill
12192	i need to report a fraudulent transaction from postmates on my account
12193	i need to get an appointment for car maintenance
12194	what is the air pressure of my car tires
12195	what items do i need to do
12196	would you repeat that
12197	i need to know where my phone is
12198	change the song to the next one
12199	how long do i need to cook chili for
12200	how many calories does a scoop of chocolate ice cream have
12201	remind me to call bob
12202	hello, are you doing alright
12203	i need to get my tires checked out somewhere
12204	my name is nick
12205	what is the minimum payment
12206	are there alot of cars on the road before the stadium
12207	could you skip to the next song on this playlist
12208	switch the language setting over to german
12209	my friends call me carrie
12210	tell me what is on my calendar for april 1
12211	when am i paid or how often
12212	what's my interest rate
12213	when do my tires need to be changed again
12214	place a phone call to yiming
12215	does spago in beverly hills allow customers to make reservations
12216	does chic-fil-a have good reviews
12217	what is the surcharge for using my card in italy while i visit
12218	tell me my credit rating
12219	do you know how much i pay in taxes
12220	how can i thank somebody in italian
12221	tell me the exact amount of pto i have used
12222	get the tracking on my package
12223	give jim my gps location
12224	how busy is jiro at 12 lunch time
12225	when's the rent due
12226	i want seventy bucks transferred from b of a to chase
12227	can you find my credit limit on my mastercard
12228	when does travelling require a visa
12229	tell me something neat about the ocean floor
12230	does this care use premium gas
12231	flip a normal coin
12232	i need a recipe on how to make beef stew
12233	call christie's work number
12234	help me unblock my account
12235	if i replaced my tires on christmas eve, when will i need to replace them again
12236	pay my cable bill from my facebook account
12237	i need you to get me a rental car in nashville
12238	what gas does the car use
12239	can you slow down your rate of speech
12240	how would i raise my credit spending by 2500 dollars
12241	how many of my sick days have i gone through
12242	tell me what edict means
12243	turn up the volume level to 4
12244	tell me when my flight is landing
12245	speak arabic
12246	i have to find the interest rate for my checking account
12247	inform me of the calorie content of vanilla ice cream
12248	inform me of the routing number for my amerifirst account
12249	i can't find any of my luggage!
12250	how much can i expect in transaction fees for using my visa in portugal
12251	what is the correct amount of ounces in a pound
12252	what's the best place to visit in arizona
12253	please spell the word umbrella
12254	can you start talking to me in spanish from here on out
12255	i would like to find a list of cool things recommended for tourists in copenhagen, denmark
12256	you have what name for me
12257	i don't think so
12258	what would be a fun fact about cats
12259	where can i find my phone
12260	can you schedule a meeting with steve for 5
12261	make reminder to pay rent on the 30th of every month
12262	y check engine light currently came on and i need assistance with it
12263	play the song called blood brothers
12264	can you speak to me in french
12265	i want an alarm set up
12266	do you think i could get a target gift card with my credit card points
12267	do i have reservations at creme at 7 pm
12268	please repeat that phrase
12269	add my spa appointment on the 12th to my calendar
12270	what day do i need to pay my internet and phone bill by
12271	my vacation, has it been approved yet
12272	who makes the ai
12273	what's the chance of rain
12274	is the traffic typically bad at noon on the route to the hopsital
12275	what kind of tax do i pay
12276	will you include kleenex on my list for shopping please
12277	goodbye, ai assistant
12278	tell me how to make changes to my insurance policy
12279	yes, that's what i want
12280	do i have soda on my shopping list if not please add it
12281	how many rewards points do i have for my wells fargo card
12282	tell me what time my flight ought to be landing
12283	i will be telling my bank of my upcoming trip to spain
12284	can you pay the bill now
12285	are there any exciting tourist things to do in boston
12286	what day of the week is it
12287	let’s chat using spanish
12288	use whisper voice
12289	how do you report a burned debit card
12290	can you see if my order was delivered
12291	can i change my pin number
12292	please set an alarm for mid day
12293	when does milk expire
12294	what name would you like me to use
12295	what things did i not want to forget
12296	'please set 5 minute timer
12297	place a hold on my bank account
12298	the location of my phone is unknown to me
12299	is honey a good sugar substitute
12300	what do tourists do in tokyo
12301	i want you to call bella
12302	how do you jump start a subaru forester
12303	when will you mail me a replacement card
12304	where can i get the form for my taxes
12305	is it possible to increase the credit limit for my discover card
12306	yes that's correct
12307	yes, that is a fact
12308	what's the date tomorrow
12309	can you please speed up your speech
12310	i would like to try and confirm that i have a reservation at chili’s for melinda
12311	what are the estimates for the car's highway mpg
12312	i want you to talk more slowly
12313	i am thinking it is either
12314	what is the minimum amount due on my cable bill
12315	i need you to flip a coin so i can make a choice
12316	can you tell me how to figure out my current location
12317	i would like you to stop what you were doing
12318	my car needs maintenance scheduled
12319	where do i pick up a w2 form
12320	i have a new job and need direction with my 401k rollover
12321	what are the big tourist sites in sweden
12322	how many calories does a kitkat have
12323	i haven't a clue
12324	change your language setting to spanish
12325	i want you to repeat that
12326	that's totally wrong!
12327	add coke to my shopping cart
12328	any status update on my day off request
12329	i want to pay my cable bill directly from my checking account
12330	does have good reviews have great reviews
12331	how much is my credit limit
12332	what keeps you busy in your free time
12333	i believe it looks like my luggage has disappeared
12334	i need to know on my citibank card, what is the apr
12335	just trash the reservation i made please
12336	do you know what song this is
12337	tell me the complete spelling of definitely
12338	tell me tomorrow's date
12339	i want to increase my credit limit to $1000, if possible
12340	how is the traffic on the way to the mall
12341	in order to redeem my credit card points, what should i do
12342	i need to know how to make a vacation request
12343	can i make a change to my credit limit
12344	tell me if you like cats or dogs
12345	can i make a reservation for 8 pm at red robin for 3
12346	when will the day off be
12347	may i know if you are a real person or an ai
12348	i need to do a car rental
12349	set an alarm for 5 pm
12350	look up my maroon 5 playlists; play it
12351	add swimming to my calendar today
12352	what's my gas mileage like
12353	which shots do i need to get before i go to africa next week
12354	what is my card's apr and is it good
12355	please put a hold on my retirement account right now
12356	any unique trivia about beats headphones
12357	call an uber that fits 5 people that are on their way to wendys
12358	find step by step instructions on how to change my oil
12359	who knows
12360	the word 'you' got how many letters
12361	farewell!
12362	can you show me how to set up my paycheck to be direct deposit to my first hawaiian bank account
12363	is it possible to get a new credit card
12364	read my calendar events
12365	would you let me know how low the air in my tires are
12366	can you tell me if my application for a credit card has been processed yet it was at chase bank
12367	please say my credit card's apr
12368	until next time
12369	the song on speaker is what like
12370	i'd like you to pair with my phone
12371	search and tell me when my most recent oil change happened, please
12372	how long should i cook steak for
12373	what places in chicago will allow me to rent a car from monday to friday
12374	i'd like to know what this song is
12375	can i use almond milk instead of rice milk
12376	on the third i am looking for a flight for under 700 from denver international to new york international
12377	yellow by coldplay to my playlist please
12378	tell me how to spell anonymous
12379	add all my bills for this month and tell me the total
12380	what's my total income
12381	give me my credit limit
12382	i need to know if capones does reservations in trenton
12383	i want to know my credit card apr
12384	can i take pto form march 4 to march 6
12385	how can i say i love you in italy
12386	i need to find my w2 so i can do taxes
12387	how much cash do i earn
12388	take watering the plants off of my to do list
12389	how do i modify my insurance policy
12390	can you get me a table for 6 at mark's at 11am
12391	i would like to hear all transactions made on my amex for the last ten days
12392	i need a reminder
12393	meeting room availability at 8:00 please
12394	can you tell me the age of the ai
12395	what is the ingredient list for an omelette
12396	order more checks for my first bank checking account
12397	please play 1979 by the smashing pumpkins
12398	calculate car mpg
12399	can you find out what happened to my luggage
12400	how do i go about changing the oil in my car
12401	how high is my credit limit for my walmart card
12402	set reminder to prepare for my meeting at 10 am
12403	what's the timezone for san diego
12404	do i have tomato on the shopping list
12405	when's the ac bill due
12406	12 feet is equal to how many inches
12407	what's the timezone over there
12408	i would like to know the limit for my credit
12409	what's the average number of calories in one cup of tomato soup
12410	i wish to know the types of subjects are you familiar with
12411	maybe is my answer
12412	what was that
12413	so it turns out my card was declined at applebee's and i wanna know why
12414	disconnect from my phone for me
12415	i need to know what kinds of pets you have
12416	would you please increase the speaker volume
12417	can you talk to me in italian
12418	would you be able to help me with a meeting room on wednesday at 3pm
12419	my chinese food has sat in the fridge since friday but can i still eat it
12420	i want to see my recent transaction
12421	can you remember the nutritional info for macaroni and cheese
12422	goodbye!
12423	that's not right
12424	tell my bank i will be in brazil from june 1st to july 1st
12425	i'm heading to israel soon, do i need a visa
12426	can you help me switch to a new insurance plan
12427	disconnect from my phone
12428	what is the credit card apr if you could fill me in
12429	what is our purpose in life
12430	what is my routing number on my checking account
12431	i want to know the name that was given by the person who made you
12432	block my chase account asap
12433	is there air in my tires
12434	travel time to bend, oregon
12435	for the dates april 1st to the 7th, find me round trip air tickets from la to sfo
12436	i need to hear my todo list
12437	this was a nice conversation
12438	i need to know the nearest bank's location
12439	whats the next day that i am off
12440	please cancel that last command
12441	could you change the accent you're using
12442	explain how to jump a car
12443	tell me where you were created
12444	is my 10am village inn reservation valid
12445	i need to know the apr on my credit union visa
12446	is it possible to get schedule getting my tires inspected
12447	do i need a visa to travel to mexico
12448	set my alarm for five tomorrow morning, please
12449	how do i jump start my battery
12450	i've saved what number of days of vacation
12451	i need to know something about my latest transaction
12452	when do i get my next day off
12453	check what's on my calendar for tuesday
12454	are you doing well
12455	find my phone
12456	text john with the message 'where are you
12457	how many kinds of nutrients does a glass of rice milk have
12458	what is the total amount that i owe to sony and verizon
12459	can you remind me of when i last had an oil change
12460	is there any news on flight dl123
12461	do i need cables to jump start my car
12462	what is the due date of my att bill
12463	may you suggest a meal from italy to me
12464	would you translate a sentence into russian for me, please
12465	i need information on today's date
12466	how do i redeem my credit card points
12467	can you confirm my reservation for dave at outback steakhouse
12468	is this a computer right now or a human being
12469	what is my maurices card's rewards balance
12470	when are my tires due for changing
12471	do i have a name to you
12472	remove moms birthday from calendar
12473	scrap that dinner reservation
12474	please use a male voice when speaking
12475	what is the time in paris now
12476	you can disconnect from my phone now
12477	what do people think about the sandwiches at wendy's
12478	who is this song that's on the stereo
12479	i will determine it with a coin flip
12480	tell me a joke about jobs
12481	could you direct me to any good places in kentucky that serve sushi
12482	what's the transit time on a new card
12483	please speed up your speaking pattern
12484	i need for you to connect to my phone
12485	i need to know the ingredients in a hamburger
12486	make a pto request from april 2 to april 4
12487	what ingredients are in mashed potatoes
12488	translate hello english to french
12489	insurance benefits
12490	cya later
12491	where can i obtain a w2 form
12492	how many points do i have in total on my marriot rewards card
12493	how many days until i get my payment
12494	what are the best ways to build my credit score
12495	can you report my td bank card as lost
12496	how many days did i skip work
12497	what is the schedule for my next oil change
12498	ai,please order some checks for my usbank account
12499	please order me a 7lb bag of world's best cat litter from targetcom
12500	i need oranges on my shopping list
12501	could you tell me how many vacation days i have left
12502	text sal and let them know the answer is yes
12503	book a flight from bangor to las vegas on may 1st and returning july 4th
12504	what are the international transaction fees for my chase card
12505	what are the ratings like for chilis
12506	pay my gas bill from my saving account
12507	how soon will you mail me a new card
12508	where is the location of your creation
12509	tell me what holiday is comming up next
12510	send a text to someone
12511	how much money is in my checking account
12512	i need to apply for a new credit card
12513	can you tell me why walmart declined my card
12514	how is the weather in seattle
12515	can you tell me how changes on my insurance policy can be made
12516	that's the truth
12517	has my vacation time been signed off on
12518	what is that song that's playing
12519	my luggage did not arrive, please investigate
12520	tell me about your pets
12521	is 'rescind' a word of positive connotation
12522	i'm pretty sure this charge from sam's club is fraudulent
12523	if you had to say who you worked for who would it be
12524	would you please increase your speaker volume
12525	ai, how are you doing
12526	i'm travelling to thailand soon and want to inform my bank
12527	i ran my credit card over with the lawn mower and need to replace it
12528	what's my visa card's limit
12529	how much time off do i have left
12530	how can i get new insurance
12531	in making an omelette, what ingredients do i need
12532	can you pair with my phone
12533	what peruvian dish should i make
12534	set up a meeting with frank at 2pm
12535	tell me why my card was declined
12536	can you repeat that question
12537	my account has a fraudulent transaction i think
12538	what is the next song on this playlist
12539	book a reservation for 6 at shakey's under the name jason
12540	purchase a flight from boise to sacramento on sunday and returning on wednesday
12541	tell me what i have in my money market account
12542	what's my current credit score
12543	how would you say can i borrow five dollars in portuguese
12544	i would like you to think of yourself as machine and answer when i say your name as such
12545	please redeem my credit card points
12546	i need to delete tomatoes from my shopping list and add onions instead
12547	please create an alarm for 5:45 am and an alarm for 6:15 am
12548	what's the name i should use to talk to you
12549	what kind of weather is there
12550	what plugs are in england
12551	i need to submit a request for pto for june 12th to june 14th
12552	that is true
12553	what is the value of my bank accounts
12554	can you tell me the definition of sucrose
12555	can you give me a thai meal suggestion, please
12556	can we stop this song and play the next one
12557	what do i do for a dead car battery
12558	tell me how to set up direct deposit for my paycheck
12559	what's my total net worth in all of my bank accounts
12560	what is the routing number for my wells fargo account
12561	what name do you answer to
12562	let me know my ally interest rate
12563	create a reminder
12564	can i use normal flour if i don't have bread flour
12565	i gotta to the female voice
12566	which gas grade does this car take
12567	what time is it in punta gorda, florida
12568	i would like to apply for a new credit card
12569	ai, what should i call you
12570	can you order more printer paper
12571	describe the meaning of 'dog
12572	on my shopping list, remove bread and add milk
12573	how do i say good bye in chinese
12574	what's the spelling of multimedia
12575	after losing a credit card, how long does it take to get a new one
12576	i would like to see the transactions i made last week
12577	what does the word abjure mean
12578	i'm thankful for your help
12579	i need to know again
12580	what is the credit limit
12581	well, i guess maybe
12582	send a text message for me
12583	i ran out of bread, order more
12584	i need help paying my water bill
12585	how much is the charge of using my card in italy during my stay there
12586	when does my capital one visa expire
12587	pay my cable bill directly from my checking account
12588	create a pto request for march 21st to march 26th
12589	put this song on my edm playlist
12590	how much money have i recently spent on entertainment
12591	have you the time
12592	can you give me nutritional info on oranges
12593	set a reminder to take out the trash
12594	has the application for my visa been processed
12595	how long it takes to get a new replacement card
12596	set up a reminder that i need to pay my car ins the 23rd
12597	what was wrong with my card yesterday
12598	is the packaged delivered already
12599	restore your original settings now
12600	i would like an alarm set
12601	yes, that's affirmative
12602	i want to figure out how to do an oil change on my car
12603	do i already have cereal on my shopping list
12604	find me the location of the nearest gas station
12605	tell me the fuel my car takes
12606	are you a real human being
12607	is it recommended to get any specific shots before i travel to canada
12608	who is your manager
12609	i am needing to get a flight out of el paso to dallas on march 10 for under $300
12610	what health benefits do i have
12611	please tell me the subway station nearest to madison square garden in new york
12612	i wanna know my bank of america routing number
12613	i would love to know my spending limit
12614	can you help me booked a car in london
12615	to what animal species do your pets belong
12616	can you arrange a meeting for 3:00 on wednesday
12617	i must learn my routing number
12618	send the location i'm at with martin
12619	undo
12620	when was my most recent transaction
12621	change response language from mandarin to english
12622	what is my meeting schedule today
12623	what are your favorite activities
12624	what is my pay date
12625	how many years have you been operating
12626	yes i am
12627	restore your original settings
12628	when will i receive my w2
12629	am i allowed to increase the credit limit on my mastercard
12630	when's my visa card expiring
12631	let's change the language for you
12632	how long before i need an oil change
12633	can you translate cat into russian for me
12634	do you have any ideas on the meaning of life
12635	what is the mpg of this car
12636	are you currently a pet owner
12637	could you share what my current credit limit is
12638	where do i find the routing number for sunflower bank
12639	how is the word economy spelled
12640	please confirm my reservation for thursday at 10am
12641	do i get a replacement card mailed, and when
12642	if i go to olive garden at 4 pm, how busy will it be
12643	what is the lowest amount i can pay for my cable bill
12644	let me change your name to dina
12645	please set a 4 minute timer
12646	i want my bank account frozen
12647	what do you do for hobbies
12648	are there any ubers available for two people i need it to go to the stadium on grand
12649	factory settings restoration
12650	my name is jim
12651	any word on my healthcare plan
12652	how is the word acquaintance spelled
12653	what are the latest travel alerts for dubai
12654	explain to me how transferring my 401k works
12655	alter your language choice to dutch
12656	during afternoon is there a meeting room to use
12657	i will be calling hr
12658	let me hear something funny
12659	what are the nutritional facts of waffles
12660	how is the traffic on my way to the venue
12661	can i schedule a check up for my tires somewhere
12662	tell me how busy macaroni grill will be around 8 pm
12663	when do my tires need some changing
12664	is the traffic bad going downtown right now
12665	so are you a real person
12666	do you remember my last oil change
12667	clear my to do list
12668	what carry-on restrictions does southwest impose
12669	i must know my visa card's apr
12670	hello how's it going
12671	can you suggest some quality chinese restaurants in oklahoma city
12672	do i have enough gas to get to buffalo
12673	where do i go to get new insurance
12674	is spaghetti healthy
12675	tell me how to make a vacation request
12676	pay my internet bill with my discover account
12677	what type of pet is in your home
12678	can you tell me when i'm supposed to get paid
12679	write apples on my shopping list
12680	can you find a keto friendly restaurant
12681	what's my current limit on my visa
12682	how can i say 'cancel my order' in french
12683	alert my bank and tell them that i will be in vermont
12684	hell nah
12685	which plugs does england use
12686	please transfer $5 from savings to checking
12687	please start calling me mandy
12688	does applebee's have good reviews
12689	let me see the list of tranaction on my discovery credit card
12690	create a new timer
12691	tell me about the hold on my chase account
12692	i’ll be leaving now
12693	i want to know a fun fact about pluto
12694	calculate how much i earn from my job
12695	please flip a coin, and i call heads
12696	does germany have any travel alerts i should be aware of
12697	i lost my luggage coming from chicago on delta flight ab123
12698	what are the ratings about at pho king
12699	what timezone is canada in
12700	what's the number of remaining vacation days i have
12701	would you let me know how many carry ons i can take on a flight with southwest airlines to miami
12702	what is the interest rate on my chase slate credit card
12703	can you play the rock playlist
12704	i need to add my doctor's appointment to my calendar for the first
12705	i cut up the wrong card, please contact the bank and let them know
12706	what do i need to get when i go shopping
12707	i'm unaware of that
12708	i want to hear a joke that’s funny
12709	will i pay extra if i use my card in juarez
12710	what do you do in your down time
12711	let me know what date it will be in 3 days
12712	call aj now
12713	i have been spending a lot on food out lately
12714	what is the gas mileage on a 2012 ford fusion
12715	i ordered some curtains off amazon, can you tell me if it's been shipped yet
12716	quit
12717	i need to have a coin flipped
12718	does a travel alert exist for that country
12719	can you tell me what my total income is for the pay period
12720	please add to 'kids' playlist
12721	wake me in an hour
12722	about how long should you cook a 10 pound turkey
12723	how do i keep good credit
12724	show me the recipe for broccoli cheddar soup
12725	how many cups in a quart
12726	share the nutrition info for french fries with me
12727	do you know the name of this song
12728	find me a hotel in seattle with great reviews
12729	i want your speech settings to be made slower
12730	what's the reason for a hold on my wells fargo account
12731	can you remind me how to spell because
12732	is there a way to change the voice to male
12733	i have no knowledge of that
12734	tell me where my phone is
12735	are there recommendations to get any specific shots before i travel to germany
12736	can you please help me locate my luggage
12737	send money from one account to another
12738	suggest an italian meal for me
12739	what is the mpg like for this car while driving in the city
12740	can you check with my credit card company and see if i can redeem my points
12741	where do i find my routing number for my pnc account
12742	what's the time in tokyo
12743	what is the current status of my credit card application
12744	what is the weather going to be like
12745	what can i use as a substitute for yeast
12746	no, that's incorrect
12747	why would the bank have frozen my account
12748	thank you for the chat, goodbye
12749	i need to know if i need a visa to travel to el salvador
12750	i need the language set to swahili
12751	what kind of gas does my car use
12752	i can confirm it is affirmative
12753	what step do i take if my bag got lost on the flight
12754	i need ti know the traffic in tempe
12755	how is it going
12756	make a reminder, pay taxes on monday
12757	when does my oil need to be changed
12758	can you tell me how to spell manipulation
12759	can i refer to you as liz
12760	can you get me the name of this song
12761	can you read to me the nutritional info for macaroni and cheese
12762	turn your voice box down
12763	are you an actual live person
12764	find out the last time i had my car checked
12765	phone christie
12766	what kind of traffic can i expect on the way to church
12767	starbucks near me
12768	what's the process of making a burrito
12769	what company created you
12770	i shall remove fishing from my calendar for soccer
12771	i want to rent a bmw suv for dallas from march 2 to 6th
12772	tell me something funny
12773	what do i have to do on january 1st
12774	please add an item to my calendar that i need to clean the kitchen on thursday
12775	what events are on my calendar for april 1st
12776	are you able to get into my phone at the moment
12777	which restaurants in reno are good for sushi
12778	what can i expect to pay in taxes
12779	accepted
12780	go ahead and move $200 from amazon to my bank account
12781	if i take this bus, how long until i get to brooklyn
12782	is respond to the professor's email on my list of reminders
12783	how long will i have to wait until they replace a stolen credit card
12784	do not complete the task that i gave you
12785	i'd like to redeem my credit card points
12786	set up a new text message
12787	how do you say i need coffee in dutch
12788	show me my recent transactoin
12789	put volume at 4
12790	i'd like to report my card as stolen
12791	add what i am listening to to my road trip playlist
12792	how busy is mc donald at 8 in the morning
12793	how long do i've got until my discovery card expires
12794	can i increase my credit limit to 1100 dollars
12795	what is the process to schedule a meeting
12796	add mia to my spanish playlist
12797	are car rentals available out of new york from march 2 to march 3
12798	what do you use when you make a chef's salad
12799	who would you say you are employed by
12800	can you tell me the amount of gas i have remaining
12801	can you make a phone call to mark
12802	give me a joke about horses
12803	can you help me sign up for a new credit card
12804	have i scheduled anything on march 2nd on my calendar
12805	please show me how to apply for a visa card
12806	can you place a stop on my account
12807	how many times have i taken off from work this year
12808	i want you to switch to whisper mode
12809	please put wash the dog on my list of things to do
12810	do i need an international visa to go to england
12811	i need to know when i last carried my car to the shop
12812	do you have a date for the last time the car was in the shop
12813	how can i let my bank know i'm going to denmark
12814	read my reminders please
12815	send 100 dollars between bank of the west and bank of america acccounts
12816	will you roll a d20
12817	put buy dog food on my to do list
12818	i want a pic of how to jump start
12819	would you please ask the question again
12820	suggest some restaurants
12821	i'm not sure
12822	time zone in miami is like what
12823	how much traffic do they get around dinner time
12824	how long will it take to walk to the safeway in the strip mall
12825	which type of gas do i need to put in my car
12826	is there a reminder set to clean the gutters
12827	how many vacation days do i have for the year
12828	how much did i spend last week
12829	bye bye!
12830	what am i being charged for my water bill
12831	it's so much easier with you around
12832	i'm striving to find a 2-way flight from jfk to dtw for w to july 3
12833	will i be able to rent a car in boston from march 2 to march 4
12834	when can i expect my next day off
12835	do you know my credit limit for the visa card
12836	where do i locate my routing number for my premium checking account
12837	how many calories in this slice of pizza
12838	help me change my pin number for my money market account
12839	i'd like to increase my credit limit
12840	please link with my phone
12841	tell me when my meeting is scheduled with roger
12842	what's the traffic like on the way to patterson
12843	how much time do i need to make the chicken
12844	tell me how to use credit card points
12845	what is the definition of succumb
12846	i want a clean bootup to factory settings
12847	engage whisper mode now
12848	what are the last ten transactions i've made
12849	i want directions to the closest atm
12850	is mop the floor already in my reminders
12851	what name is saved for me
12852	in nashville, i need a rental car booked
12853	i would like to apply for a bank of america travel rewards credit card
12854	i can't remember when my car last went to the shop, can you find out for me
12855	i prefer female voice now
12856	what's the minimum payment on my bill
12857	when is the next rain chance
12858	make an order for new checbooks on my td checking please
12859	skip and next
12860	how do i jump start my car battery
12861	help me find my cellphone
12862	can i use sharp cheddar instead of muenster
12863	i'd like to report a fraudulent charge from people's natural gas
12864	on my card what all are my latest transactions
12865	can you set up a pto request for me for march 20th to april 12th
12866	are the plugs different in barcelona
12867	how do i find when my cable bill is due
12868	can you show me how to order some more checks for my chase account
12869	give me the date today
12870	i must change my pin number for my money market account
12871	is there a car rental available from tuesday to thursday out of lax
12872	are you ai, or a person
12873	what are the shots i need in order to travel to mexico
12874	how long do you cook a hamburger for
12875	what is 250 times 118 times 9
12876	should i call you something in particular
12877	what's the deal with my bank account being locked
12878	i want to know when to expect my next paycheck
12879	tell me what's on my reminder list
12880	a large french fry has how many calories
12881	how much does it seem my state taxes will be
12882	do i have anything on my todo list
12883	will you start a timer for me
12884	will my vacation be approved soon
12885	how do i inform my bank i'm going to paris
12886	i need to know five dollars in yen and rubles
12887	please make a reminder
12888	what's the name of this song
12889	how is my name saved aw
12890	what is the routing number of cadence
12891	i think the charge for uber on my account is fraudulent
12892	what is the spending limit on my visa
12893	what are good places for a burrito in albuquerque
12894	how long do i need to cook roast for
12895	transfer my cash reward balance to my bank
12896	please remind me of the tasks on my to do list
12897	where can i find my tax form to report what i earn
12898	do i have any meetings with stan today
12899	how much gas does my car currently have
12900	what type of plugs are used in cambodia
12901	can you put on music by beach house
12902	check to see if i have any meetings with peter today
12903	perhaps either of them
12904	repeat that again
12905	tell base camp my gps coordinates
12906	what's my total earnings
12907	put a hold on my account
12908	steps to raise my credit score
12909	go forward one song
12910	purchase a flight from fiji to san diego on november 1 that returns on december 1, please
12911	speak french
12912	how busy is zippy around 12 for lunch
12913	my card got scratched badly, can you tell my bank to send a replacement
12914	what are the review for mcdonald's
12915	set a 5 am alarm please
12916	is the restaurant busy at lunchtime
12917	no idea
12918	i want you to go back to factory settings
12919	what's a fun fact relating to elephants
12920	can you please dim the lights
12921	give me a list of things to do in orlando
12922	the reservation i created is not necessary anymore
12923	switch to whisper mode, please
12924	i filed a credit card application so what is going on with it
12925	what is the amount of money that i have to pay in taxes
12926	i think my card is stolen and needs to be reported
12927	how long should i wait before i can bake bread with homemade dough
12928	i'd like to set up a direct deposit for my paycheck
12929	can i speak to you in german
12930	what are you suppose to do with a 401k rollover when getting a new job
12931	is my order already here
12932	how much did i spend on gas the past month
12933	what do i need to do if i want to ask for vacation time
12934	give the boys my location please
12935	can you help me get a new credit card
12936	what is the exact number of my salary
12937	please, recite to me some good one liners
12938	search for a macaroni and cheese recipe
12939	would you roll the dice
12940	you need to speak softer
12941	there's fraudulent transaction going on
12942	i need to pay my water bill
12943	do we have good news in the form of vacation approval
12944	can i get good tacos anywhere in austin
12945	when will my next paycheck come
12946	how long does it take milk to expire
12947	no, that can't be right
12948	create alarm 6am
12949	please flip a coin - i call heads
12950	how many dollars can i exchange for 25 euros
12951	exactly what does altruism mean
12952	use the male voice please
12953	are there any travel warnings for london
12954	how long does it take to get to universal studios in los angeles
12955	i am going to travel to mexico soon; do i need to get a visa
12956	tell me what the word arboreal means
12957	do i need a visa to go to somewhere internationally
12958	play rock playlist
12959	please respond to me in english from now on
12960	can you tell me if you have any pets
12961	go back to factory settings please
12962	what is the minimum i can pay for my phone bill
12963	i need help acquiring new insurance
12964	please check to see if my vacation request has been updated
12965	where are my bags, not here at the airport
12966	where were you born as a kid
12967	should i get an oil change
12968	is crushed garlic the same as powdered garlic for a spaghetti sauce
12969	delete fries from shopping list
12970	talk to me about where im at right now
12971	is my day off approved
12972	would you say that you know who your boss is
12973	what are the pets that you have in your possession
12974	i want you to help me make a decision by flipping a coin
12975	can i get a reservation at melting pot tomorrow
12976	i'm really not sure
12977	how long is the restaurant line before we go
12978	in what year were you born
12979	tell me who programmed you
12980	can you explain the meaning of life to me
12981	how bad is the traffic waiting for the staten island ferry at 8 am
12982	what lowers credit score
12983	what are the ways i can transfer my 401k
12984	find the date of the last oil swap for my car
12985	wake me up at 6 am
12986	help me, i don't know where my phone is
12987	can you tell me what i have on my shopping list
12988	are you doing okay
12989	what are the ingredients used in chicken curry
12990	when i go to dubai will i need a socket converter
12991	what are your capabilities
12992	how much vacation do i have saved
12993	i wanna add this song to my rock playlist
12994	this ai was made by what person or team
12995	please change my checking account pin to 1234
12996	please schedule an appointment for my oil to get changed
12997	remind me to clean room
12998	what's the credit limit on my discovery card
12999	i need to confirm that i have a reservation at red robin for josh
13000	how can i jump start my car
13001	can you tell bob to get his dog via text
13002	what is seventeen plus three
13003	where do i find information on when the water bill is due
13004	who are you known as
13005	i’m leaving-goodbye!
13006	let me know the number of vacation days i have
13007	where's my package right now
13008	i need to download my w-2 form
13009	how is the air level in my tires
13010	add eggs to my shopping list and remove cheese
13011	please take final exams off my calendar for may 3
13012	can you play an alarm at 5pm
13013	can i put in a pto request for may 1 to may 5
13014	what's the funniest joke you know
13015	my phone needs to be unsynced now
13016	need airplane ridge from philadelphia to atlanta leaving on the 5th of june and returning on the 8th of june
13017	what stuff would i need to make tortellini
13018	get me an uber to chilis
13019	are pasta dishes healthy
13020	what name do you have listed for me
13021	which was my insurance plan again
13022	what kind of questions can i ask you
13023	where can i locate the pnc account's interest rate
13024	tell me how good ihop's ratings are
13025	redeem my credit card rewards into my account
13026	please book a car for me in ho chi minh
13027	set me an alarm now
13028	text joe
13029	book me a hotel room in memphis for 3 people from 3/6 until 3/10
13030	i purchased new tires yesterday, should i buy new ones
13031	can you get me a car rental for march 1st to 3rd in seattle, and i'd like a sedan if possible
13032	can you tell me what my interest rate from first federal is
13033	i would like a new insurance plan
13034	do i need any shots before i go to south africa
13035	update my shopping list, delete canned olives
13036	is a visa needed to go to mexico
13037	before i leave for mexico should i get some more vaccinations
13038	are there any mandatory shots that i must get before my trip to jamaica
13039	i'd like the calories for this chicken breast
13040	do you have the date
13041	where can i get a w2 form from
13042	how much do i have in my checking
13043	increase my credit limit
13044	music please
13045	where can i see my credit score
13046	is it possible for me to take a pto for two days, starting february 7
13047	how much can i expect on my next check
13048	can i check my gold rewards card online
13049	lower your voice box
13050	could you please reserve a table for 6 at lucille's under the name tom at 5pm
13051	that's a definite yes
13052	i want to see my entertainment transactions
13053	read me a step by step guide on jump starting cars
13054	can you tell me what song i'm hearing
13055	what kind of plug type do they use in russia
13056	get rid of my dinner reservation
13057	what is the calorie count of an apple
13058	at what time will my flight begin boarding
13059	how do i create a meeting
13060	what's the definition of analogy
13061	how can i turn on direct deposit
13062	what do you think the meaning of life is
13063	i want your name to be john
13064	how much to i have left on my visa card limit
13065	would i need a tourist visa for brazil
13066	how report that scratched my card
13067	what is the time frame to get to phoenix
13068	don't let payments go through using my bank account
13069	check my calendar to see if an event called final exams exists
13070	please help with my math
13071	i recently got a new job and need assistance with my 401k rollover
13072	are you able to link to my phone
13073	what kind of items are on my shopping list
13074	how many vacation hours do i have
13075	what's the status of my united flight
13076	are the reviews for applebee's good
13077	i want you to adjust your speaking to be faster
13078	when do i need to change my tires
13079	is the traffic light or heavy at the nearest the century movie theater
13080	i would like to know your name
13081	can you tell me the square root of pi
13082	use one of your male voices
13083	is my order shown as delivered
13084	minimum payment of my bill please
13085	who brought you up
13086	what is 10 + 10
13087	when will my package arrive
13088	what are ways to improve my credit score
13089	you need to change your accent to the male british one
13090	where am i right this moment
13091	it looks as though my luggage has been lost
13092	show me last transaction
13093	can i make a reservation at chima steakhouse in chicago
13094	give the dice a roll
13095	looks like my card is being used by someone else, report it
13096	i want you to cancel the event called 'bachelorette party' on april 15
13097	please speak slower
13098	the tasks for today, what are they
13099	i need to let my bank know that i'll be travelling internationally
13100	are you a real person or a bot
13101	how much pressure is in my car's tire
13102	i would like to know if my visa card application has been approved
13103	what do you need to jump a car
13104	what do the ratings say about korean bbq
13105	i lost my luggage, what now
13106	i need you to reset your factory settings
13107	call christie
13108	tell me what is showing up on my reminder list
13109	calorie count of cheetos
13110	i want to know how much vacation time i can use
13111	please give me today's date
13112	where's my luggage for american airlines flight ab123 out of denver
13113	does mcdonalds take reservations
13114	what plug type would i use in japan
13115	where can i find my w-2 form
13116	what's up with you
13117	is there a travel alert for scotland
13118	can you help me figure out how to rollover my 401k
13119	do i need an international visa to go to vietnam
13120	i don't have a clue
13121	i want to take a bus to mexico city how do i do that
13122	can i sub sugar for salt
13123	can you tell me what the form is employers are supposed to send you for taxes and where i get it
13124	my card is partially damaged how do i report this
13125	why am i unable to access my bank account
13126	what meaning does life hold
13127	lets look up my credit score
13128	how many years has al been on earth
13129	what would you say is a good german dinner idea
13130	how long will it take to reach central park by bus
13131	my luggage is missing i was on american airlines flight ab123 out of dallas
13132	move a dollar from my checkings to my savings
13133	is there a way to tell if you are real or an ai
13134	facts
13135	i need to know when my mastercard will expire
13136	can you help me book a car rental in seattle
13137	would you tell me your age
13138	where can i find the nearest dollar store
13139	can you subract 36 from 5
13140	please remove your connection to my phone
13141	how do you order new checks
13142	does the ai have a name
13143	what's the total amount i've spent eating out in the last two weeks
13144	how much do i have left to pay on my server and domain
13145	cancel that last thing
13146	cleaning needs to be on my to do list
13147	my card will work until what month
13148	can you give my whereabouts to doug and buster
13149	so what kind of gas does my car need
13150	i don't know how to spell theater
13151	i need a 10 minute timer
13152	i need to know this song's name
13153	i recently ran out of checks, so i wanna get some new ones
13154	is it safe to travel to norway
13155	can you tell me what my currnet salary is
13156	how long does it take to make pho
13157	does the country have a travel alert
13158	what questions are you programmed to answer
13159	no that isn't the case
13160	can you put a block on my chase account right away
13161	hello siri
13162	do you work for a different employer
13163	what's the status of the order i placed online last week with target
13164	i submitted my order is there any updates on it yet
13165	what is the proper time to cook steak for
13166	what would be the estimated time from to get a new card mailed to me
13167	i required a hotel room for 20 people from march 8th through march 20th in las vegas
13168	is my at&t bill do soon
13169	does life have a meaning
13170	add this song to my post-rock playlist
13171	what is the balance of my bank accounts
13172	what's a good recipe for chicken divan
13173	go ahead an unsync my phone now
13174	can you get me a table for 5 at outback steakhouse at 6:30pm
13175	how bad is traffic on the way into oakville right now
13176	can you translate good bye into russian for me
13177	tell me how to set up direct deposit
13178	is it possible for you to schedule a meeting for 3:00 on wednesday
13179	what's my vacation status
13180	what do you enjoy doing while not working
13181	i desperately need to rollover my 401k somehow
13182	that's a hard no from me
13183	flip that coin once; it must be tails
13184	i wish to know the balance of my bank of american account
13185	where did you live prior to living here
13186	do you have hobbies
13187	i prefer to be called jason
13188	confirm my taco house reservation for jean
13189	what does discretionary mean
13190	how long does it take to cook hot pockets
13191	i need to report that my card is lost
13192	my utility bill is coming due and i need a loan
13193	is it possible to have a room booked in omaha near the convention hall for may 01, 2019 to may 05, 2019
13194	there has been fraudulent activity on my card and i need to report it
13195	do you know how many o's are in honor
13196	i need to listen to my beyonce playlist
13197	can you forward my location to tom
13198	go to my job portal, i'd like to know how many days off i have used
13199	i need to know everything on my to do list currently
13200	what name do you refer to me as
13201	may i know my insurance benefits
13202	what's on my shopping list
13203	can you give me a hand paying my water bill
13204	what is the purpose of existence
13205	skip to the next song please
13206	will i be charged if i use my card in detroit
13207	i choose heads, now flip that coin
13208	please get rid off everything on my to do list
13209	i cant remember when my bill is due
13210	walk me through on how to roll over my 401k
13211	i'm lost, can you tell me where i am
13212	i need a timer that is set at 1 hour exactly
13213	please put my acupuncture appointment on my to list
13214	use your male voice
13215	confirm my reservation at dino's at 6 pm
13216	can you tell me what caused my card to get declined at starbucks this morning
13217	jello should stay in the fridge for how long
13218	what points were earned on my mastercard
13219	how are people liking the sushi at yakamoto
13220	unfortunately, my card is damaged and unusable
13221	what if you want a new credit card
13222	i want to call up jan
13223	how do i make the perfect omelette
13224	i can't locate my luggage, i was on jetblue flight ab123 out of detroit
13225	does japan have any travel alerts i should be aware of
13226	nice song what is it
13227	how long should i expect to wait for my new card in the mail
13228	what is the meaning of interorganizational
13229	i need to know the amounts due for my utilities and cable bills
13230	please tell me how to ask for a taxi in french
13231	please tell me the last time i took my car to the shop
13232	calculate the amount of gas i currently have
13233	is it possible to get more checkbooks for my navy fed account
13234	do you know the deeper meaning of life
13235	i need to know what i spend on utilities for the last year
13236	is it possible to make an order for more checkbooks for my chase bank account
13237	show me the application for a visa card
13238	what day do i get my paycheck
13239	what will i need to pay in federal taxes
13240	please make it so you say your words more slowly
13241	which vaccinations should i get before i go
13242	is there a name that you call me
13243	what do i have to do today
13244	please tell me the minimum amount i can pay on my wells fargo credit card
13245	i'm waiting for my luggage in the airport now but it's been a while and it's still not arrived
13246	how much am i making at my job
13247	what is the sum of 3 plus 5
13248	what hobbies do you have
13249	please change your language setting to spanish now
13250	where do i go to get a form for w2s
13251	what do i need to gas up this car
13252	help me with math
13253	what's the total i owe on all my bills
13254	what is the eta on getting a replacement card
13255	engage all the door locks
13256	the bill's minimum payment, what is it
13257	what is the wait time for torris
13258	i need help with my 401k rollover because i just got a new job
13259	how can you assist me
13260	let my group know what my current location is
13261	where do i get w2 form
13262	do i have enough funds in my card
13263	how do i cash the reward for first bankcard
13264	can you find me a hotel in columbus with good reviews
13265	find all the 'a's in happiness
13266	i would love to know my credit score
13267	put the current song in my favorite playlist
13268	i don't want to hear this song; skip it
13269	i need to replace my lost card
13270	can you repeat that please
13271	is a plug converter necessary in mexico
13272	i am not a bot, are you
13273	what is the apr on my amex card, please
13274	do you enjoy any hobbies
13275	no good
13276	i'd like you to give me an idea for a meal from iceland
13277	what's your favorite hobby
13278	which insurance do i have
13279	share with current location with ben
13280	what is my points total for my mastercard
13281	has the application i put in for a new visa been processed
13282	i would prefer to hear you speak like a british male
13283	can you increase the speaker volume
13284	how much do i pay in tax
13285	are you working for me or what
13286	what's should i call you by
13287	i'm needing to know who made you
13288	how long to washington dc on a bus
13289	i need one alarm to go off at 6:30 am and a second alarm set for 8:00 am
13290	what is 55 times 300
13291	what type of gas does this car need
13292	is my card's apr good
13293	i am wanting to know the carry-on restrictions for united airlines
13294	if i go to evans, what should i do
13295	give me instructions for changing the oil in a 2015 passat
13296	the volume should be decreased
13297	is there anything fun to do in manassas, virginia
13298	do a british male accent only
13299	i want to go to korea, do i need an international visa
13300	what was that question again
13301	what kinds of taxes am i facing
13302	please note that i will be travelling internationally soon
13303	scrap reservation at 4 for red robin
13304	i wanna know when should i get my tires changed next
13305	when will my card replacement arrive
13306	i want everything on my shopping list
13307	i don't remember where my phone is
13308	i wanna buy a pair of shoes online now
13309	change my credit limit, please
13310	do you have any hobbies to speak of
13311	when's the next federally recognized holiday
13312	peace out
13313	what's the nutrition content of chicken nuggets
13314	what transactions did i make yesterday at the flea market
13315	info on setting up direct deposit
13316	can you tell me my checking account balance
13317	what is the equal number of dollars i can exchange for 50 pesos
13318	get me an uber
13319	please let my bank know that i will be in uruguay from january to august
13320	how do they say no in germany
13321	what is the temperature on the ac
13322	i need to know my total spending on amazon for november and december 2018
13323	tell me about my american express application; did it go through
13324	when do i finally get a day off
13325	are you a real person or software
13326	i don't know how to spell threshold
13327	how many more vacation days do i have for the year
13328	what do you like to do for fun
13329	please tell me how many calories one chocolate bar contains
13330	i'm grateful to you
13331	will nobu take reservations
13332	we have a table at the taco bell under bowie we need to release
13333	can you tell me the due date for the water bill
13334	please scratch my march 1st meeting off my calendar
13335	how much did my last purchase cost
13336	please set the temperature to 80
13337	what's the annual rate on my discover card
13338	do i need any shots if i travel to africa
13339	what date do i get my next paycheck
13340	what is the song on speaker
13341	does medical debt hurt my credit score
13342	how can i tell what my current location is
13343	tell me my current savings account's interest rate
13344	can you tell me dollars to franks
13345	i'd like some suggestions on where to go on my vacation this year
13346	go ahead and take cleaning the bathroom off my todo list
13347	i need you to book a reservation for 8 pm at red robin under the name kevin
13348	can you inform if boston restaurant has good reviews
13349	what is the weather like tomorrow
13350	how have you been
13351	ai, please flip a coin
13352	are you able to track a phone
13353	how do i get to new york by bus
13354	help me find the chase routing number
13355	i need to move my money
13356	when do i need to get an oil change
13357	where are the good thai restaurants in atlanta
13358	please go to factory settings now
13359	where do i rent a car in las vegas from november 16th to december 16th
13360	can you find the date of my last oil change
13361	my luggage is missing, i think
13362	i would like to know my water bill minimum payment
13363	what is the status of my most recent order
13364	i need to find a rental car since i'm travelling to new york tomorrow
13365	is it ok to use ketchup instead of mustard
13366	i want to know what i have to do
13367	have they looked over my app for the new credit card yet
13368	i arrived on delta flight ab123 from juno but my luggage doesn't appear to have come with me
13369	what's the amount of air in my tires right now
13370	what's the current timezone in barcelona
13371	i would i say subway if i were english
13372	tell me the right kind of gas for this car
13373	do you know anything about the status of my order
13374	could you tell me the meaning of life
13375	while in tulsa, if i use my card, would i be charged more
13376	what do i do if my car battery is dead
13377	is there a name that you preferred to be called by
13378	check order number
13379	do i need to get milk
13380	could my 401k be rolled over
13381	what is the area that you came from
13382	do i have any meetings on my schedule today
13383	slow down your talking too fast i don't understand you
13384	what timezone is los angeles in
13385	my new card will arrive when
13386	what timezone is viet nam in
13387	cookies have how many calories
13388	my bank needs to know that i will be traveling to spain soon
13389	what is the balance on my bank accounts
13390	what kinds of questions can you answer
13391	what's the meaning of a fortnight
13392	what kinds of fun things are there in boston for tourists
13393	is it ok to sub sugar for salt
13394	please assist me in figuring out how to handle a dead car battery
13395	heads or tails
13396	i would like all of these things on my shopping list ordered
13397	when does the electric bill up
13398	i would like you to help me get on another united healthcare insurance plan
13399	i can't use my broken card
13400	i want to listen to the next song on this playlist instead
13401	i damaged the card; can you replace the card
13402	when is my next direct deposit from my job
13403	do i have options on how to improve my credit score
13404	could you translate atm machine into english
13405	advise me of my income
13406	skip this song and play the next
13407	what's the direction for foot traffic to get to the eiffel tower
13408	i need an alarm to wake me up at 8 tomorrow morning
13409	tell me how many p's are in apple
13410	how good are the ratings for chic-fil-a
13411	can i use a green pepper instead of a red pepper
13412	you can remove the brithday party from my calendar fpr january 15, 2019
13413	what sorts of queries should i give you
13414	send my location to my mom
13415	transfer sixty dollars to dad from my biggest accnt
13416	put my workout playlist on
13417	which timezone contains the city of orlando
13418	can you find me a hotel for 2 people on april 1st to 4th in rome
13419	what number of vacation days do i have at my disposal
13420	where am i right now, location wise
13421	show me my shopping list
13422	put the song that's playing to my techno playlist
13423	are the donuts at tgi well reviewed
13424	negative
13425	when should i change this oil
13426	how high is my credit score
13427	i want recommendations for good sushi spots in los angeles
13428	what is the protocol for requesting a vacation
13429	please set an alarm for 5 am
13430	is mexico a safe place
13431	can you tell me how to apply for a western card
13432	what is 2+2
13433	i need to delete an event from my calendar
13434	when will my panam flight be arriving
13435	put mambo #5 by lou bega on my playlist, please
13436	are there any travel alerts for russia
13437	could you tell me what is the apr for the credit card
13438	i am going to australia and want to be notified of any travel alerts
13439	what does 2 + 2 equal
13440	tell me where i am on a map
13441	when is the expected arrival of flight dl123
13442	do you have any dogs or cats
13443	how much money did i make
13444	do i have any meetings today between 2 and 3
13445	please reset the factory settings
13446	it seems i can't use my card since it has been damaged
13447	is there a time i can put in a pto request for dec 2 to new years
13448	what amount of gas do i have left
13449	do you have a name i can use
13450	is there traffic to work
13451	how is new insurance gotten
13452	can you tell me about the nutrients in jello
13453	let me know why my card got declined the other day
13454	book flights for me from nyc to la on march 1, returning on march 5
13455	show me the transaction on burger king
13456	not happening
13457	find the minimum due on my peco energy bill for february
13458	what is 10 + 20
13459	do i need to get a plug converter for athens
13460	tell me why i get an error logging in to my bank account
13461	tell me all about the trivia with friends
13462	at what time is laundry on my to do list
13463	what is the total of all my bills combined
13464	can you verify mike has a reservation at black rock at 6 pm
13465	check travel alerts for kenya
13466	give me my credit score
13467	have i added anything to my todo list
13468	my card doesn't work anymore
13469	what is the timezone for quito
13470	what is spanish for hello
13471	can you look to see whether feeding the fish is on my to do list
13472	find me a flight from ft lauderdale to houston on southwest
13473	engage whisper mode
13474	when is the next day i get paid
13475	what is your native home
13476	show me the transaction on macys
13477	i would like to request pto for march 2 and 3
13478	what time is it in glenwood springs, co
13479	text mom i'll talk to you later
13480	what are the directions to get to olympia by bus
13481	will i have to wait long for a table at pietro's this evening
13482	i would like some help finding my phone
13483	how long do you cook pasta for
13484	look up the ratings for olive garden
13485	let me know how many vacation have i utilized
13486	i can't find my visa card and i want to report it as lost
13487	how long does visa take to get me a new card
13488	can you tell me where i am
13489	what do you like to do in your spare time
13490	i want to put in a pto request for march 1-8
13491	should i get any vaccines before going over to the uk
13492	tell me the meaning of life
13493	how long should i wait to get my new card when my old one was stolen
13494	how many days of vacation do i have
13495	how can i make chicken pot pie
13496	how can i rent a ride in alaska from march 5th to march 18th
13497	i want a hotel booked in salem near the concert hall from the first to the second
13498	you need to call the melt in lakewood for a table for at 2:00, monday, the first week in march
13499	get rid of everything on my calendar for march 2nd
13500	what subjects do you know well
13501	does north korea have any travel alerts i should be aware of
13502	what's the typical lag time in receiving a new credit card when your previous one was lost
13503	how long does it take to cook ham
13504	my checking account needs a new pin number
13505	what do i need to do to rollover my 401k
13506	at target trying to buy a mug and my card was declined
13507	what are fun facts about lighthouses
13508	could you tell me what 30% off 235 is, please
13509	please inform me of the minimum payment of the bill
13510	after another eight days, what day will it be
13511	can you get me a table for 8 at johnnys
13512	where would you say you were born
13513	go to the credit card site and check if my application has gone through
13514	let's change your accent
13515	what ingredients do i need to make raisin bread
13516	how long would i need to wait for a table at ihop right now
13517	please roll this 8 sided dice
13518	i need an uber for 5 people to go to wendys
13519	does applebees have alright reviews
13520	ai i have 4 people need to get to get me uber
13521	i wanna know how long can i keep pizza in the freezer for before it goes bad
13522	let's decide with a coin flip
13523	what are the reviews like for mission chinese
13524	my battery died in my car, how can i jump start a battery
13525	message mom where are you
13526	where's the nearest gas station
13527	could you tell me how much money i spent last week
13528	add mom's birthday to my calendar on april 12
13529	can you tell me the most interesting fact about resistors
13530	do you have a meeting room open from noon until 2:00 pm
13531	i must know my bank of america routing number
13532	how soon until the next holiday
13533	next song on the list, please
13534	should i bring a converter to barcelona
13535	what are the steps to take to report a lost card
13536	what is my meeting schedule like for the day
13537	my names carrie
13538	name some awesome things about dogs
13539	are you here to serve me
13540	are the review for mcdonald's good or bad
13541	please, will you turn on my tv
13542	i am going to switch to greek
13543	allow my son to see my gps coordinates
13544	someone stole my mastercade
13545	that’s incorrect
13546	can you find my cellphone
13547	what's the best way to jump start a kia
13548	when should my oil be changed
13549	what time is it in buenos aires
13550	i'd love to hear a joke
13551	can you give me the carry-on rules for american airlines
13552	can you roll a 6 sided dice
13553	please tell me your name
13554	what is the antilog of 365
13555	how to improve my credit score
13556	cancel tonight's dinner reservation
13557	how many meetings do i have today
13558	i need you to call me mary
13559	tell me something funny about adulthood
13560	can you find me a decent hotel in denver
13561	give me the timezone where vancouver is
13562	my mpg is how much
13563	play some rock
13564	i want to report fraudulent activity on my amex card
13565	im going to be in paraguay from january 7th until january 10th
13566	what amount of pto have i taken
13567	can you please tell me my card's expiration month
13568	say something funny
13569	i need to schedule somewhere get my tires checked out
13570	fetch the song smells like teen spirit and play it
13571	can you find me my phone
13572	yes, that is true for sure
13573	websites that share credit ratings
13574	do i need an international visa to go to south korea
13575	can you tell me the minimum amount due on my visa this month
13576	hiya
13577	what's my mortgage payment going to be this month
13578	can you tell me what's the car's tire pressure
13579	when is the expiration date for my visa card
13580	i need help to pay my electric bill
13581	tell me when i received my last paycheck
13582	put wash the dog on my to do list please
13583	at what point will i need another oil change
13584	can you explain to me why my bank account might be frozen
13585	what are the gps coordinates of this spot i am at right now
13586	sorry, i do not know
13587	go back to default settings
13588	how long is an oil change good for
13589	what's the transaction fee for my boa card in orlando, fl
13590	am i speaking with ai or a real, live person
13591	do you work for another individual
13592	what do you think we are on earth for
13593	i need assistance figuring out how to rollover my 401k
13594	i need to know the number of days off i have taken at this point
13595	i would like to find out if macaroni grill will be busy around 7:00 pm
13596	what is my insurance coverage
13597	can you tell me the routing number for bank of america for domestic accounts
13598	how much money is left in my bank accounts
13599	how many points on my chase unlimited card
13600	i want to report a broken card
13601	what does a sausage sandwich have for calories
13602	how do i get direct deposit for my paycheck
13603	i want you to read my reminder list to me
13604	what airlines have flights round trip on april 1st to april 7th from lax to sfo
13605	what sort of gas should i get for my car
13606	my card was damaged by bleach
13607	please speak to me quicker from now on
13608	how many days until the next holiday arrives
13609	it depends
13610	can you do a coin flip
13611	can i carry on a garment bag, a small travel bag, and a back pack on my trip with american airlines
13612	how much is $1 usd worth in euros
13613	where is my luggage, i was on delta flight ab123 out of dc
13614	are they going to let me take vacation
13615	book a reservation for 5 at lawry's under the name chris
13616	i haven't heard if my request for time off for vacation has been approved , can you get an update for me
13617	help me reserve a table for 3 at lucky's under the name crystal at 8 pm
13618	i need to know the pin number to my card
13619	i haven't heard if my application for a credit card has been accepted or not can you check on it for me
13620	i dont want to hear this song, just play the next one
13621	please look up the next holiday for me
13622	add change filters to my to do list
13623	what manufactures you
13624	i would like to increase my bank of america credit limit, can you help me
13625	yeah that's what i want
13626	what is 25 percent of 6999
13627	can you connect with my phone, please
13628	can i make a reservation for redrobin
13629	can you get rid of my trip to the zoo from my calendar on march 1st
13630	please tell me an interesting tidbit about the roman empire
13631	has my maternity leave been approved
13632	what is the name of your boss
13633	i will need a rental car for travel
13634	set 30 minute timer
13635	do i have butter on my list
13636	i would like to know how to rollover my 401k
13637	what can i do to get a better credit score
13638	let me know the lowest amount i can pay for my cable bill
13639	can you tell me the amount of gas i have
13640	go through all the reminders on my list and state what they are
13641	i'd like my account frozen
13642	i would like to know my location
13643	set me an alarm for 4pm and another for 5pm
13644	do i have any meetings today between 9:20 and 10:30
13645	what's my current credit limit
13646	can you check the status of my credit card application
13647	how do i raise the limit on my visa card
13648	has my credit card application been processed
13649	what ingredients are in sugar cookies
13650	how good are the ratings for applebees
13651	do you know how the ratings are for yardhouse
13652	i need to know what is on my shopping list
13653	how can i report fraudulent charges on my card
13654	whats left as far as gas goes
13655	is there any traffic congestion on my way to the closest whole foods
13656	oranges expire in how long
13657	how much time till the next day off
13658	do you know how to make chow mein
13659	i wanna know what do you call me
13660	flip the coin
13661	what ingredients go in mashed potato
13662	has the apr on my card changed and what is it now
13663	let carl know that he sucks
13664	do i need to fill up my tires
13665	what do i do to stop my credit score from going lower
13666	what are in my reminders list
13667	would you set my alarm for 10:00 and another for 3:00
13668	what's the point of life, anyways
13669	what was the total i spent at home depot last month
13670	my check engine light is on and someone needs to look at it
13671	what kinds of fun touristy things are there to do in boston
13672	what is my credit card's apr
13673	what time is it in the pacific standard timezone
13674	can i safely eat chicken that i've had in my fridge since monday
13675	please make the pin on my zion bank account to 3232
13676	has my credit card application been approved
13677	i need to know why you declined my card yesterday
13678	how do they say hello in france
13679	did i create a task to clean the gutters on my list
13680	i want you to clear out my to do list
13681	switch back to factory settings
13682	tell me the nutrition for grapes
13683	shut down my account
13684	what animals await you at home
13685	is there a specific date when i should get my tires changed
13686	i can't find my luggage anywhere and there's no more on the conveyor
13687	can you use the whisper voice
13688	has my vacation time at work been allowed
13689	what will you call me
13690	what day is the cable bill owed on
13691	my card has been erased and i need to report it
13692	how long since my oil had a refresh
13693	what name do you know me by
13694	i don't know where i left my phone
13695	i need an uber please
13696	i need you to cancel my reservation for smith's at 6:15
13697	what am i allowed to carry on for american airlines
13698	i need to do cleaning so add it to my to do list
13699	i am john
13700	change and set your language setting to english
13701	pay my electric bill from my paypal account
13702	cool song, what is it
13703	apply for a bank of america travel rewards credit card
13704	say trivia about lebron james
13705	what is that noise
13706	las vegas is in what timezone
13707	what is the date that my visa card expires
13708	how little can i pay on my car bill
13709	i want a new pin on my card of private client account
13710	can you walk me through setting up direct deposit
13711	set reminder to feed cat tonight at 6pm
13712	can you share the meaning of life
13713	i'm afraid this charge on my account is fraud
13714	what's my limit on my visa card
13715	how long to wait before dining in restaurant beta
13716	10 minutes is what the timer should be set at
13717	read my appointments for march 2
13718	can you show me how to book a car rental in manitowoc
13719	how many calories are in cookies
13720	please show me a recipe for chili
13721	what's this track
13722	find my interest rate
13723	what's the exchange rate between dollars and pesos
13724	what is the exchange rate between usd and british pounds
13725	i need you to place a stop on my bank account, thank you
13726	what plug type is used in spain
13727	where do you want to eat tonight
13728	define thoroughbred
13729	could my credit be increased to 5000 dollars
13730	what's the routing number for my usaa account
13731	about how long before i need another oil change
13732	you can refer to me as frank
13733	change your name to ginger
13734	what time would it be in rome right now
13735	what are the carry on rules for united
13736	when will my vacation get okayed
13737	is there an event titled anniversary dinner on my calendar
13738	what's the total vacation days i've gone through
13739	what steps do i need to take to jump start my car
13740	what is the square root of 31
13741	tell me when my flight is scheduled to start boarding
13742	how do you spell out espresso
13743	how do i convert four inches into centimeters
13744	what's the temperature like in tampa
13745	i think my account is blocked but i do not know the reason
13746	what kind of pets live with you
13747	set a timer for me
13748	i want to order some new checks because i ran out of them
13749	i would like to share my location with my mom
13750	what do i do to have my paycheck deposited directly in my account
13751	what is my first name saved as
13752	i must know what the traffic is like on the way to phoenix
13753	at how many miles am i required to get my oil changed
13754	i want to request pto from november 7 to 11
13755	show me the last five transactions
13756	i want to change what accent you use
13757	what time is it currently in istanbul
13758	are there decent seafood restaurants in portland
13759	when do i get my next check
13760	how long must i cook spaghetti for
13761	change back to your factory settins
13762	what's with the block on my bank account
13763	go ahead and order everything on my shoping list
13764	how's my interest rate
13765	please schedule a meeting room for 9am on friday
13766	i need you to please repeat that
13767	what is the square root of 104
13768	i'd like the lights in the garage to be turned on
13769	make sure my reservation at umami with carl is canceled
13770	report a card lost for me
13771	call back my mom please
13772	can you text arthur and tell them im almost there
13773	what will the date be in 64 days
13774	i do not know where i am
13775	has my delivery order arrived yet
13776	how do i check my rewards for my gold card
13777	i need to change my username
13778	when you go to germany, do you need a special converter for your plugs
13779	my card has purchases i don't recognize
13780	add all of my points for my current discover card
13781	are you employed by someone
13782	what are some tourist sites to see in ann arbor
13783	move 57 dollars from saving into mom
13784	can you tell me what the next holiday is
13785	are you a pet owner
13786	when will the restaurant be busiest
13787	how do i change the language that your responses are delivered in
13788	i have how many vacation days saved up
13789	how many miles can i drive on 1 gallon of gas
13790	when is the right time to change my tires
13791	please help me find my phone
13792	can i substitute butter for margarine
13793	i can't find my phone
13794	go and disconnect from my phone
13795	credit card annual rate
13796	what categories of questions can you answer
13797	what time zone is ireland in
13798	can i modify the apples for grapes
13799	what kind of sockets do the us use
13800	thank ya!
13801	what transactions have i accrued buying dog food
13802	current time, please
13803	what are four inches in centimeters
13804	can you tell me how much i pay in taxes
13805	how many liters are in 500 gallons
13806	is there a way to go by bus to olympia
13807	what kind of gas mileage do i get
13808	do i have any meetings coming up with dan
13809	why was a hold placed on my wells fargo account
13810	what is the credit card apr please
13811	in tokyo, what time is it
13812	i want you to use a different accent
13813	do you have any jokes to tell me
13814	list my current gps coordinates
13815	the timezone of italy is what
13816	tell me what amount i have to pay for my directv bill please
13817	that would be awesome
13818	how many psi's are my tires at the moment
13819	my credit card is set to expire in what month
13820	sorry, can you speak a little faster, please
13821	what would you suggest for dinner
13822	i am interested in acquiring a new credit card
13823	please set up an alarm to go off tomorrow at daybreak
13824	how can i find my interest rate for my alliance account
13825	i wanna know my credit rating now
13826	i've used how much pto so far
13827	show me all transactions for current statement
13828	how much was my last transaction for
13829	do people call you by a certain name what is it
13830	how much longer until my next day off
13831	joe and i are to cancel the reservation at zephers now
13832	my card is broken
13833	i lost my phone and need help retrieving it
13834	at the point when should i get my oil changed straightaway
13835	send a text to brooklyn with the message that i will see them later
13836	can you switch me to a new insurance plan
13837	do you know how long its been since i had my oil changed and a tune up
13838	i'm torn on how to answer
13839	tell me what flange means
13840	what's the now playing song that we are listening to
13841	who made you up
13842	who do i contact for a w2 form
13843	i'm out of soap so will you order me some more
13844	who made your algorithms
13845	please tell me the routing number for my wells fargo account
13846	what have i spent over the last few days
13847	i need to know how much 100 dollars is worth in euros
13848	i want to hear pop music
13849	what questions can you answer
13850	who sings this song
13851	no idea, sorry
13852	i need help with some fun tourist things to do in tokyo
13853	send me an uber to arrive at 5pm at my house and there will be two people going to scully's downtown
13854	what time am i meeting with john
13855	provide assistance on what to do to make a vacation request
13856	who did the programming on you
13857	i need to know where to locate when my gas bill is due
13858	is the tofu i put in the fridge tuesday still edible today
13859	what would you like to call me
13860	i need directions to get to olympia by bus
13861	no, that is my response
13862	did my order get delivered
13863	please schedule car maintenance for me
13864	does tartine in san francisco take reservations
13865	what is the wait supposed to be at zippys
13866	number for aaa to help with dead car battery
13867	can i switch cream with milk in a recipe
13868	let lisa know where i am now
13869	what is the apr rate on my bank of america card
13870	call erryn
13871	tell me a joke about dogs
13872	can i hurt my credit score
13873	what kind of reviews does wendy's have
13874	how ya doin
13875	is it going to rain today
13876	is this a song that i dont know
13877	do i have anything on my schedule for april 15
13878	could you let me know what names you have for me
13879	make a pto request for dates november 11 to black friday
13880	what types of things can i ask the ai
13881	does ihop have positive reviews
13882	timezone of cuba
13883	can you tell my bank that i'll be travelling internationally soon
13884	when must i change the oil in my car
13885	i'm going to boston from bangor on july 25th through the 29th, and need you to find me a roundtrip flight
13886	please change to the female voice
13887	how much are my bills
13888	i want to know france's timezone
13889	how bad is my current credit score
13890	please unreserve that table
13891	how much is 10kg in pounds and ounces
13892	what is it is all relative mean
13893	does my bank of the west card have international transaction fees
13894	i believe that there is some fraudulent activity on my capital one account
13895	i have to go but it was nice talking again!
13896	check the wait time for macaroni grill
13897	please add cleaning on my list to do
13898	can i have more information about my income
13899	it was enjoyable talking with you
13900	help me find my phone please
13901	what's the definition of patriarchy
13902	how much money have i recently spent on stuff
13903	forget my previous command
13904	how do i go about setting up direct deposit
13905	how do i move my 401k
13906	tell me my current reminders list
13907	whisper from now on
13908	how do i set up a meeting
13909	tell me when should i get my tires changed next
13910	how do i check my rewards for my old navy card
13911	tell me now if you are a bot
13912	i need an uber to the movies for me and 5 other people
13913	i want to learn an interesting fact about cats
13914	get me italian cuisine dinner suggestions
13915	i want you to roll a 5 sided dice for me
13916	what day is our next free day on the calendar, please
13917	tell me if opening a new account will decrease my credit score
13918	i need a hotel in new orleans from may 2 - 5 near the french quarter
13919	how much gas do i need to get to buffalo
13920	who built you
13921	i was at target trying to buy candles and my card got declined
13922	can i substitute yogurt for sour cream
13923	maybe either
13924	please play the song that goes like america the beautiful
13925	what's restricted in my carry-on with united
13926	i would like to change the pin on my checking account, please
13927	please find me some good thai restaurants in new york city
13928	i am nost sure why my account is blocked
13929	get an uber to the airport
13930	what time is it exactly in the new zealand time zone
13931	speak german
13932	do i need a visa if i go there
13933	when does my paycheck arrive
13934	need a place to crash in elizabeth near the refinery from june 4th until the 9th
13935	search for my routing number for my checking account with wells fargo
13936	what did you ask again
13937	add a meeting with tom at 6pm
13938	create a reminder for me to send flowers to my mom for mother's day
13939	i'd like to put a freeze on my bank account
13940	how much money do i have in my pnc account
13941	what company wrote your code
13942	where exactly am i at the moment
13943	what types of activities do you enjoy
13944	spin a coin
13945	i can't find my insurance card and i want to report it as lost
13946	what is my location right now
13947	can you turn the oven to 350
13948	that would be 'no
13949	switch fan
13950	what are your pets
13951	do i need special shots to go to africa
13952	i'm out of toothpaste so will you order me some more
13953	what's the total number of points i earned so far with my chase rewards card
13954	can you suggest a mexican dish
13955	what's my day off request's status
13956	how safe is it to travel to guatemala right now and are there any alerts
13957	yesterday, my card was declined
13958	show me the way to jump start a battery
13959	does bjs get good reviews
13960	is there enough fuel to drive to tampa
13961	when was i paid the last time
13962	what is the reason for whole foods declining my card
13963	is my todo list free
13964	what hour is it in london
13965	when was the last time my car was worked on
13966	i'm thinking someone may have used my card in a fraudulent way
13967	can you convert 2 inches into meters
13968	i need to know what timezone sedona is in
13969	find out if la tour d'argent in paris takes reservations
13970	do a hard reset to factory settings
13971	how can i send money from one account to another
13972	what are my list of commands
13973	resume my metal playlist
13974	where exactly am i
13975	is my gas tank full or empty
13976	do they take reservations at arby's
13977	is flight dl123 coming in on time
13978	how do i obtain the cash for the rewards on my hy-vee card
13979	alert my bank and let them know that i'm travelling to brussels
13980	one more time please
13981	what kind of oil do i need to change the oil in my car
13982	when's the next time i have to pay the insurance
13983	how long until my visa expires
13984	i would have to say the answer to that is no
13985	can you tell me a few funny jokes
13986	i want to cash out my credit card points
13987	do i need a socket converter if i'm going to be in uruguay
13988	list me some good vietnamese restaurants in new york city
13989	will it rain today
13990	tell me the carry on rules
13991	what timezone is vegas in
13992	how much can i spend on my discover card
13993	what are common vaccinations for someone travelling internationally
13994	go ahead and connect to my phone
13995	ai can you tell me what things i may ask
13996	who formed you
13997	change my amex account pin to 1234
13998	how can up my credit limit
13999	you working for someone else on the side
14000	wassup
14001	that's incorrect!
14002	how can i pay my bill
14003	what is my balance in checking account
14004	my transaction history
14005	maybe we can put blank cds on my list for shopping
14006	please share today's date
14007	can i get a higher limit on my visa card
14008	what and when is the next holiday
14009	what is 87 divided by 4
14010	revert back to your factory settings
14011	what is the average time it takes to get to target in los angeles
14012	read back the reminder list
14013	can i find out my checking interest rate online
14014	show me how to schedule a meeting
14015	from here, how do i get to the statue of liberty by bus
14016	how much do i pay the government in taxes
14017	please check my credit limit on my visa
14018	tell me what is on my to do list
14019	how much is due on the gas bill
14020	how long do i cook chicken breast
14021	what is the expiration date of my wells fargo card
14022	can you get me a car rental for march 13th to 15th in nyc, and i'd like a convertible if possible
14023	iterate the items on my reminder list
14024	at what time will my flight land
14025	how many vacation days do i still have
14026	the temperature of the ac, what is it at
14027	i need your assistance to solve this math problem
14028	stop any future processing on my savings account
14029	is there a travel alert for spain
14030	can you check the balance on the water bill
14031	how do i know if my milk is expired
14032	do i need a socket converter if i'm going to be in ohio
14033	do you remember my name
14034	what is the status of my vacation time request
14035	what tasks can you complete for me
14036	tell me how old youare
14037	i'd like to reset to factory settings
14038	please reserve me a table at hell's kitchen on may 3rd at 8 pm
14039	just wanted to say hi
14040	does delta have carry-on restrictions
14041	i would like to hear you read my reminder list to me
14042	my card is cracked, please tell the card company
14043	i believe that my luggage was lost
14044	do i need a travel visa to visit canada
14045	do i have to get shots to enter cuba
14046	what day is the z bill due
14047	can you take carrots off my shopping list and add soda
14048	let me know the list of transaction on my first hawaiian bank
14049	how is friend spelled
14050	what is 50 dollars in euros
14051	can you show me how to set up direct deposit for my paycheck to my first hawaiian bank account
14052	can you give me a vietnamese meal suggestion, please
14053	who constructed you
14054	not really
14055	i want to know if you have hobbies
14056	who in the area can inspect my engine light
14057	insurance benefit details
14058	go back to initial factory state
14059	i need 2000 to go to my chase checking from my mellon bank savings account
14060	i need your accent to be changed
14061	let's use whisper voice
14062	tell me if there is an event called annual physical in my calendar
14063	what's the routing number for my checking account
14064	do you know anything funny about cats
14065	what should i buy to make burritos tonight
14066	what is the prep time for a 10 lb turkey
14067	flip that dime
14068	do you have a list of shots that i need for traveling to denmark
14069	tell me my name the way its saved
14070	reset to factory settings
14071	i'm going to need an uber to take 4 people to the mall
14072	where should i travel to next
14073	traveling to the uk am i going to need any specific shots
14074	what insurance plan do i have
14075	roll that dice
14076	apply for a kbc card for me
14077	did i put a car wash on my todo list
14078	what is the conversion of inches to centimeters
14079	do i have enough pto to take time off
14080	look my location up on the map
14081	in england how do they say subway
14082	can you flip a coin i pick heads
14083	what's the table wait at applebees
14084	please change the credit limit
14085	what is the amount of gas left
14086	what is the date of my next scheduled dentist appointment
14087	what stuff did i put on my shopping list
14088	book a reservation for 4 at outback steakhouse under the name dave
14089	tell me how low the air in my tires are
14090	my card split in half, can i report it
14091	i'd like to know how acommodate is spelled
14092	i need to know your name
14093	how high is my credit limit for my childrens place card
14094	this credit card's apr is what
14095	how do i convert inches and centimeters
14096	tell me what the date is tomorrow
14097	where is my delivery order
14098	what routing number do i use to send an international wire with citibank
14099	how old is the ai
14100	what is the current time in mexico city
14101	are you really a person or an ai
14102	check to see how many days off i have used in total so far
14103	please tell me where to get the w2
14104	let me know if grub burger takes reservations
14105	what sort of things are you able to help with
14106	what are the carry-on rules
14107	approximately how much time will it take to get to tod's in minutes
14108	what is the credit limit for my navy federal card
14109	how much is my xfinity cable bill
14110	am i talking to a real person
14111	make my settings go back to their factory settings
14112	will the chicken have gone bad if it's been in the fridge since monday
14113	my card got melted and i need to report it
14114	schedule an uber to pick me up at home in an hour
14115	correct, it is affirmative
14116	please speak faster
14117	do i need an international visa to go to tibet
14118	put the garage lights on
14119	call someone for me
14120	did i set up a reminder to clean the bathroom
14121	how many times do i get paid in march
14122	is there a wait time to get into tgifridays
14123	i want to set up direct deposit what do i need to do
14124	i would like to know where my phone is
14125	how do i set the alarm
14126	do i need new tires if i just got them replaced on january 2017
14127	how much do i pay in apr on my amex card
14128	can you tell me how many vacation days have i taken
14129	remove jake's birthday on march 22
14130	replace my language to chinese
14131	should i bring my socket converter while traveling to england
14132	who were you invented by
14133	i really wanna get some more checkbooks mailed to me
14134	who do you take orders from
14135	get rid of tuesday the 5ths dinner
14136	how does my gas tank look
14137	is a walmart gift card one of the things i can use my credit card points on
14138	how long does it take to get to the sky harbor airport
14139	can you tell me where the nearest rest station to me is
14140	give me your best joke
14141	what is the name of this song
14142	is my order here
14143	what is the weather in atlanta
14144	how much total cash do i have in the bank
14145	what landing time is scheduled for my flight
14146	you have pets of what kind
14147	what time is it in the central standard timezone
14148	lower volume level
14149	how busy is imanas at 6
14150	what can i make for dinner using ground beef
14151	i am afraid that that is not the case
14152	ai, what do people call you
14153	when does the car payment come due
14154	can i see my credit score
14155	i get an error message when i try logging in to capital one that says i'm locked out
14156	do i have a good apr on my credit card
14157	let's settle it with a coin flip
14158	would i be able to increase my available credit by 600 dollars
14159	i'd like a reservation for 2 at olive garden for 5 pm today
14160	do i need to obtain a travel visa to go on vacation to places in eastern europe
14161	can you find my credit score
14162	what does zesty mean
14163	what kind of nutritional content do carrots have
14164	buying qtips today, my card got declined at walmart
14165	give me the 7 day forecast
14166	help me find a good sushi spot in chicago
14167	between october 7th and october 10th, i'd like for there to be a pto request for me
14168	the new name that i want you to call me is this one
14169	help me please, my account is blocked
14170	can you play the beatles
14171	set a reminder for monday pay taxes
14172	did i remember to add milk to my shopping list
14173	could you help me out with a new renters' insurance plan
14174	tell me how the traffic is on rt 7 to the airport today
14175	what's the climate like in chicago
14176	what you do at the free time
14177	change to factory settings now
14178	can you tell me life's meaning
14179	i have to meet with sam at 9:00am in two days
14180	say a fun fact about mt everest
14181	do i need any vaccinations before going to indonesia
14182	my new card arrives in the post when
14183	what's my credit limit on my visa
14184	check my tires' air levels please
14185	i lost my purple credit card and need to report it
14186	what percentage do i pay in taxes
14187	what day of the month is it
14188	do i have any meetings coming up today
14189	what do you have my name saved under
14190	my card expires in what month
14191	i appreciate your help!
14192	what did i spend at target on my barclays card last month
14193	how do i know what the outlets are like
14194	send a text to mom saying i'm on my way
14195	what day is the next holiday
14196	what area were you born in
14197	will my discover card ding me with transaction fees if i'm in aruba
14198	indeed
14199	roll the dice for me
14200	i'm looking for a roundtrip flight from fwa to hsv for march first to march fifth
14201	from now on, refer to me as chuck
14202	my name is stu, not sue!
14203	what is the average time to go between oil changes
14204	what is the current tire pressure level in the car
14205	please read my todo list
14206	what timezone is sweden in
14207	can you undo the reservation
14208	i couldn't say either could be possible
14209	what town were you born in
14210	can i use sour cream instead of yogurt
14211	can i get a car rental in boise from april 11th to april 13th
14212	let me hear all of the items on my to do list, please
14213	please give me a rundown of my reminder list
14214	how high is the air in my tires
14215	how are you doing today, ai
14216	what is the wait time at applebee's
14217	what is the equivalent of, 'life is good' in french
14218	i'd like to see last week's atm transactions
14219	i want you to add the song i listen to to my summer playlist
14220	what are my coordinates
14221	can you check on the status of my orders at amazon
14222	send a text to lisa and ask her to call me when she gets home
14223	how do you get your visa card rewards
14224	remind me later
14225	how much it the credit limit on my visa card
14226	where do i go to get private client account's interest rate
14227	roll a 6 sided die
14228	speed up your rate of speech
14229	i need to know nfcu's routing number
14230	ai, please help me find my phone
14231	are you working for someone else
14232	what is the tire pressure of the car
14233	how healthy is salad
14234	what are the currect travel alerts in africa
14235	can you please add hero by skillet to my playlist
14236	so when should i change the oil
14237	i want the speaker to be louder please
14238	are there any transaction fees associated with my navy federal card if i am in germany
14239	i believe what you just said is true
14240	i will be traveling to rome from february 1 to march 1, please make this aware to my bank
14241	on what day do i have to pay my nordstrom bill
14242	book an uber for 6 people to go to the movies
14243	reset to original settings
14244	how much spending power is on my discover card
14245	help me get a rental car
14246	whats the quickest way to money from one account to another
14247	tell me the expiry date of my credit card
14248	i would like to change your name to fred
14249	time taken from home to doctors office
14250	i need to freeze my bank account
14251	what's my name huh
14252	do you have any pet at all
14253	how do you use jumper cables
14254	has my order arrived yet
14255	add psycho by post malone to my playlist
14256	do you have any type of pet
14257	i need sal to be texted and say i'll be there
14258	what are my insurance assets
14259	i need new checks
14260	i need for you to skip this song
14261	when will my tires need changed
14262	what is there to do in craberra
14263	can i use baking soda instead of baking powder
14264	please remind me of something
14265	please help me schedule a meeting with john love at 9 am tomorrow
14266	what is your name for me
14267	i wanna know the meaning of life
14268	how long does it take until i reach the sky harbor airport
14269	what is regard mean
14270	switch back to your factory settings
14271	when did last go to the auto repair shop
14272	what is the minimum required payment for my cell phone bill
14273	get my back to factory settings
14274	will you tell me my routing number
14275	i would like to know the minimum payment for my credit card
14276	what transactions have i made in the last few weeks
14277	i think not
14278	where can i find the mall closest to here
14279	what are some fun things to do in butte, montana
14280	switch over to the female voice
14281	how long does it take to make roast chicken
14282	look up instructions for jumper cables
14283	what day is it gonna be in twenty-one days
14284	website to start aaa new insurance plan
14285	what is the time in atlantic timezone
14286	cancel that
14287	your name is roman
14288	i want your accent changed to the male british one
14289	please make your language setting french
14290	cancel my reservation with carl at umami
14291	i need to send my location to my friend steve
14292	how many miles until i get to the beach
14293	can you tell me the types of pets you have
14294	do i have any meetings scheduled between 3 and 5 pm today
14295	can you tell me what time it is please
14296	how many points do i have on my mastercard
14297	can you tell me when my credit card application will be processed
14298	malignant is spelled how exactly
14299	affirmative, go ahead
14300	i'd really like to set up a direct deposit for my paycheck
14301	what date will my card be here
14302	i'm saying goodbye now
14303	i think i'd like to apply for an amex
14304	it was nice to get in touch
14305	who is available to check why my check engine light is on
14306	immediately call tom
14307	tell me what day it is
14308	what would five pounds be in kilos
14309	whereabouts are you from
14310	what's my income
14311	i can't decide
14312	can you play music by bob dylan
14313	do you have a name
14314	i need you to translate the sentence, 'we will be there soon' into portuguese
14315	my car battery died and i need help
14316	what do you need to do to make sushi
14317	can you list off different restaurants
14318	toss a die would you
14319	do i need a socket converter if i'm going to be in russia
14320	please include feeding the fish on my to do list
14321	what's the going rate between usd and cad
14322	what different pets do you have
14323	how much did i spend on christmas gifts in december
14324	what amount of gas is in my car
14325	i have no clue
14326	i would like to know what hobbies you enjoy
14327	please put milk on my list i just used the last of it
14328	could you please share a joke with me
14329	what date will my replacement card arrive on
14330	if you had to choose, cat or dog
14331	what is the lowest i can pay on my phone bill
14332	what day is it today
14333	tell me about any travel alerts issued for germany
14334	how many carry ons can i take with spirit, going to tampa
14335	how do i apply for a barclay's card
14336	do you need shots before going to russia
14337	i need to know the content of my list of reminders
14338	what do you think about the meaning of life
14339	is my savings interest rate too high
14340	do you know of any well reviewed hotels in chicago
14341	i would like to know how much fat is in tbsp of olive oil
14342	i want you to add staff meeting to my calendar for march 1 at 10:00 am
14343	i would like you to roll a dice
14344	please give me the full balance on my water bill
14345	i have no idea
14346	no way!
14347	do i have an item on my todo list related to shopping
14348	provide me the name of your boss
14349	alter back to your orginal settings
14350	how can i track the progress of my credit card application
14351	i'm pretty sure it could be either
14352	could i use white wine instead of red wine in a recipe
14353	how soon does my visa card expire
14354	what is this song
14355	may i get all of the food transactions that were made last month
14356	i need to transfer from this account to that one
14357	what is the eta of my flight
14358	my name is steve
14359	where did your parents have you
14360	should i get shots if i'm going to go to thailand
14361	show me my transactions on clothes at macys
14362	what is your creation date
14363	how about a reminder
14364	my response to that is yes
14365	the bank should know i am going to asia soon
14366	give me instruction mannual on how to change oil
14367	can you remove that event from my calendar, please
14368	i wanna pay my cable bill from my checking account
14369	when was i last paid
14370	i must know what kinds of pets you have
14371	how much do i pay in my taxes
14372	what's my location
14373	my card got declined at target while buying a tv
14374	ways to transfer my 401k
14375	can you find out for me when my credit card will be expiring
14376	i am hoping to switch insurance plans
14377	can you tell me if ruby tuesday does reservations
14378	my account appears to be blocked and i don't know why
14379	is it still safe to consume the cake she backed last thursday
14380	how many times did i take a day off
14381	how do you change car oil
14382	how much is on my paycheck this week
14383	is it possible to take the bus to the brooklyn bridge
14384	set a reminder to go check the mail
14385	is there someone in the area who can check my engine light since it is on
14386	dont allow any action on my account
14387	the minumum to pay is what
14388	should i know about any travel alerts before traveling in the usa
14389	switch to whisper mode
14390	where is the best winery in the south of france
14391	tell me how much in tax on this
14392	what's the best way to build credit
14393	whats the status of my south west flight
14394	purchase all the things on my shopping list
14395	can you make a reservation in tampa from may 2 to may 4
14396	how is my ai doing
14397	yes, that is accurate
14398	the next song should be played
14399	my card got snapped in half
14400	if i travel there, do i need a visa
14401	please add bananas to my shopping list unless i already did
14402	how is everything going for you
14403	i need to know what kind of fuel this car needs
14404	is it acceptable to swap rice for quinoa
14405	schedule a mechanic
14406	what things are there to do in portland
14407	i no longer need to go to the zoo on the 8th of this month
14408	my card is too scratched up and i need to report it
14409	is there much traffic between here and work right now
14410	i need to know when my flight scheduled to board
14411	what's that song on the speaker now
14412	say it one more time please
14413	please list my meetings for today
14414	see if my form submission for an american express card has been seen
14415	what is the name that you have for me
14416	assist me with finding an uber to big ben
14417	how many carry-on items are allowed per passenger
14418	set alarm for 5pm
14419	teach me how to jump start my car
14420	could you roll the dice please
14421	text a message to alice
14422	heads or tails please
14423	what is the status of my frontier flight
14424	who do i report to if my credit card snaps
14425	i need to cook, what should i make
14426	i need an uber pool from home in the morning at seven to the capitol building
14427	warm up my car for me
14428	thanks so much!
14429	do i have to contact someone to use my credit card points
14430	start the timer now and stop at thirty minutes
14431	let me know the exchange rate between dollars and rubles
14432	set a six minute timer
14433	my car battery has died what should i do now
14434	in pacific time, what's the current time
14435	do i need to get vaccinations before i go
14436	repeat that for me
14437	what benefits do i have with my insurance
14438	people call me gary
14439	what is the status of my pto
14440	can i make reservations at applebee's or no
14441	is there lettuce on my shopping list
14442	how many days off for vacation do i have left
14443	how is the traffic on the way to work
14444	i need a time update on the applebees trip
14445	my capital one credit card was stolen
14446	i need a hotel in austin near south congress from 3/5 until 3/10
14447	who is at my front door
14448	could you walk me through transfering my 401k
14449	how long should i expect beef stroganoff to prepare
14450	can i substitute bacon for sausage
14451	i need to know the conversion for dollars to pesos
14452	what's my pay for the year
14453	read off shopping list
14454	please let my mom and dad know my location
14455	will you please confirm my reservation for march 11 at 6:30 pm
14456	provide me the name of who made you
14457	flip a quarter
14458	does this life have a meaning
14459	which timezone is colombia
14460	what are my insurance perks
14461	how do i go about applying for a new credit card
14462	give my location right now to my family
14463	please order me some new checks
14464	add dishes to my list
14465	i need an uber for 2 for orlando
14466	would you order everything on my shopping list
14467	what is the form i need to report my earnings
14468	what do you know
14469	are you able to purchase underpants for me
14470	what are my insurance amenities
14471	check for why is my bank account frozen
14472	march 3rd needs to be cleared on my calendar
14473	should i go to okinawa, does it require an international visa
14474	i ran out of checks and need more ordered
14475	slow down your talking
14476	tell me how to say, 'it is a beautiful morning' in italian
14477	how do you say cat in spanish
14478	can you roll a dice
14479	change the pin on my wells fargo account to be 1234
14480	could you tell me my bill's minimum payment
14481	talk to you later
14482	inform carl that he is an awful human being
14483	did i put bread on my shopping list
14484	my card is wrecked, let's report it
14485	do i have enough points on my starbucks card yet
14486	what are the nearest streets to the statue of liberty in new york
14487	am i your supervisor
14488	why hello
14489	how long would a bus to the empire state building take
14490	i recently took a new job and need help with my 401k rollover
14491	how many teaspoons are in a half a cup
14492	can i make it to work with my current fuel level
14493	i would like to change your language from portuguese to italian
14494	i need an alarm set
14495	when is our next free day, please
14496	what is the square root of 80
14497	was is my salary
14498	do my tires need air
14499	is that restaurant crowded during dinner
14500	can you give me some suggestions to go site seeing when i get there
14501	how do you make dumplings
14502	in seoul, what things can i do
14503	can you figure out how many vacation days i have left
14504	is there a holiday this month
14505	who are you currently working for
14506	what kind of fuel does my vehicle run on
14507	how long does it take to get to virginia by bus
14508	what's my bank routing number
14509	please reconfigure yourself back to factory settings
14510	what date was my car last at the mechanics
14511	thanks, you've helped me
14512	add clean the bathroom to my task list
14513	is there any good place in hawaii kai that serve local food
14514	is flight dl123 due to land as schedule
14515	my next paycheck is available when
14516	how many days before milk expire
14517	remind me to check the steak
14518	i just finished taking out my recycling, so cross that off my to do list
14519	how do you spell antipathy
14520	can i increase the credit limit for my navy federal card
14521	please find my routing number for my citizens' bank account
14522	tell me how i can apply for a chase credit card
14523	i want you to address me in italian
14524	how much am i getting paid
14525	update me on my vacation request
14526	does my calendar have anything for january 1st
14527	what might my name be
14528	i didn't hear, please say it again
14529	could you play the next song on this playlist, please
14530	name some tourist things to do in seattle
14531	i really need to switch to a new insurance plan
14532	am i speaking with someone real
14533	what will my state taxes amount to this year
14534	how do i update my pin number for my account, please
14535	i know that is true
14536	what is 1/2 times 5/8
14537	help me figure out my state taxes
14538	how much mpg do i have
14539	where did they make you
14540	go ahead and play the next song on this playlist
14541	where is your original location
14542	i'm searching for a 2-way flight from yqg to heathrow for w to memorial day
14543	change the pin on my bank of america account to be 1234
14544	take a coin and flip it and i call tails
14545	i can't understand you because of how rapidly you're speaking
14546	please give me my last ten debit card transactions in the month of december
14547	i need an alarm set for 10:00 and another set for 3:00
14548	what is showing on my calendar for the 17th of march
14549	i am needing to know your name
14550	give me the routing number for my paragon account
14551	i need to know what date it is tomorrow
14552	guide me through jump starting a car
14553	i want to know about tourist places for bangkok
14554	what is in my bank accounts
14555	are you working for another person or entity
14556	is there really an answer to the meaning of life
14557	ai please repeat
14558	can i have you call me something else
14559	add this song to my cleaning playlist
14560	does spirit allow more than one carry on
14561	i wanna know the status of flight dl123
14562	please put a block on my regions account immediately
14563	what timezone is detroit in
14564	go ahead and flip a coin, i am calling tails
14565	is there a uv or smog alert for tomorrow
14566	i need a car rental for the first and fifth in denver and i'd like a subaru
14567	hey how's it hanging
14568	i don't know how to spell spaghetti
14569	cross out bananas from my shopping list and put papayas on it, please
14570	what kind of plugs will i need when i'm in ecuador
14571	what is the credit limit for my chase card
14572	please turn on whisper mode because i am about to be in class
14573	what were my last five transactions on my visa card
14574	what type of nutrition does spaghetti have
14575	how much money have i spent on restaurants
14576	what amount did i spend last week
14577	who can i turn to if i lost my luggage
14578	look up how many of my days off i have used so far
14579	show me where i am
14580	show my my minimum payment for youtube
14581	let me know what is showing on my calendar for the 17th of march
14582	when will they let me board
14583	does france have any current travel alerts
14584	what kind of gas is required for this car
14585	how much longer until i need to get my oil changed
14586	please set a timer for cookies
14587	show me my routing number for account finishing in 29309
14588	is the traffic bad on the way to work
14589	are you a machine
14590	what gas is needed for the car
14591	why is my account blocked
14592	find me the number for jet blue's customer service so i can yell at someone about my missing luggage
14593	who programmed you
14594	find a recipe for german chocolate cake
14595	do i have any cash left
14596	i need to know my bill total for my verizon payment due this month
14597	what's the best way to make chicken stir fry
14598	would you remove bread from my shopping list and add bread
14599	what is my current reward point total on my visa card
14600	if you could remind me about doing laundry i would appreciate it
14601	is there a way to get my current location
14602	it was nice chatting with you
14603	not that
14604	when did i take my car to the mechanic
14605	what's the least payment i can make on my cable bill
14606	what does tertiary mean
14607	i lost my silicon valley card
14608	add creep by radio head to the playlist
14609	can we speak in english rather than zulu
14610	i would like that repeated
14611	did you grow up here
14612	i need to know if angelos takes reservations
14613	what's your full name
14614	tell me what i have on my todo list
14615	let coach know where i am
14616	schedule me a table for 2 at red lobster at 8
14617	can you tell me where to get a w2
14618	how to tell the company that my credit card melted
14619	can you talk to me in french
14620	does red robin have good reviews
14621	can you help me find a lasagna recipe
14622	can you please add take out recycling on my list of chores to complete
14623	stop the process happening now
14624	how many chores are on my todo list
14625	can you increase my credit limit to one thousand dollars
14626	how much is my electric bill for
14627	please put watering the plants on my to do list
14628	can i increase my credit limit to 700 dollars
14629	when is my next car payment
14630	what's the balance on my bills
14631	i need you to send a text
14632	send message to carl, you suck
14633	which one i don't know either i guess
14634	what name do you use to talk about me
14635	what topics can i ask you about
14636	i'd like to hear a fun fact about the nfl
14637	the definition of affiliate is
14638	how long do i cook this dish of rice
14639	when i visit thailand do i need a plug converter
14640	check how much air is in my tires
14641	let me know how much gas i have
14642	can you please lower the volume please
14643	get me info on my mpg
14644	give tim my current location from the gps
14645	what jokes do you know
14646	what's bank of america's routing number
14647	what type of fuel does my car use
14648	what would you say is the best meal to have for dinner
14649	how do i maintain my credit score
14650	what's the distance between home and the closest starbucks
14651	can i get you to say that once more
14652	tell me how to utilize my card points
14653	what is the process to apply for a visa card
14654	i need to put in a cancellation for the dinner plans tonight
14655	let me call you fred
14656	what about changing the sugar for baking soda
14657	how do i know my insurance benefits
14658	how far along is my purchase
14659	i want to buy a plane ticket to travel from miami to honolulu on the 29th of february i need a return flight on march 5th
14660	what can i ask you all about
14661	please see if you can increase my credit limit to one thousand dollars
14662	you can remove the dinner party from my calendar for january 21, 2019
14663	i need a replacement phone charger ordered online
14664	when was the last time i changed my oil
14665	how much do you make
14666	what do i do to rollover my 401k
14667	how expensive was my most recent transaction
14668	what is the track title of the song playing
14669	perhaps
14670	how to protect my credit score
14671	can i get you to talk like a pouty english guy
14672	'disable my card account and contact company to report fraudulent activty
14673	i need an alarm to go off tomorrow at five fifteen
14674	do you know if my vacation request is still pending
14675	i would appreciate it if you put a stop on my bank account
14676	can you locate me on a map
14677	can you tell me what ingredients are needed for cinnamon buns
14678	what's my income tax
14679	how long's it been since i had my car serviced
14680	look up when our next day off will be
14681	do i pay a lot of taxes on my income
14682	agreed, that's valid
14683	how does this car do with mpg in the city
14684	many thanks
14685	how many calories does a scoop of chocolate ice cream contain
14686	how do you convert millimeters to decimeters
14687	delete the hair appointment i had scheduled on may 1st pleae
14688	i need to rent a car in boston
14689	how long does it take before you have to change your oil
14690	don't make too much noise
14691	please find the receipt date for my last paycheck
14692	which song is playing now
14693	how much did i spend on food
14694	why did my card not get accepted there
14695	there's something fishy on my card, report it
14696	how many canadian dollars can i exchange for 200 yen
14697	i just don't know
14698	are you really an actual human being
14699	well hello
14700	what is the balance on my bills
14701	do i have to file a tax form
14702	i was using my credit card as a cutting board and accidentally sliced it in half
14703	i need to report some fraudulent card activity
14704	the magnetic strip on my card is scratched, let the card company know
14705	am i going to need vaccines for the trip
14706	what is behind life's meaning
14707	what are some good vegan restaurants in broadripple
14708	i want to report my discover card as lost
14709	i need help to roll over my 401k
14710	what country do you consider yourself a citizen of
14711	what do i need to buy to make pierogi
14712	how long do you need to put the cuish in for
14713	i wanna try and confirm that i have a reservation at red robin for josh
14714	what if i lost my luggage
14715	flip that coin now
14716	it might be either one
14717	tell me how i can schedule a meeting
14718	is the pressure in my tires optimal
14719	what do i need in order to jump start my car
14720	how many points are on my speedway card right now
14721	what amount of time would it take me to reach the university by bus
14722	let's talk about your hobbies
14723	what time i have to meet mr accountant
14724	i'd like to set a new timer
14725	are you real or an ai
14726	what is the minimum payment i can make on my electric bill
14727	what is the amount of pto have i use
14728	can you whisper
14729	let me know what subjects you comprehend well
14730	what is the latest date that i can pay my direct tv bill this month
14731	how much is my groceries and gas bill
14732	can you tell me the subjects you know best
14733	i have to report a lost visa card
14734	i need to add iep meeting to my calendar on april 15th
14735	how many more days before my credit card expires
14736	are there any steps i need to take to use my credit card points
14737	read my reminder list to me
14738	when do my tires need changing
14739	i'm traveling to ca soon and want to inform my bank
14740	do you have many kinds of pets at your house
14741	last time car was in shop
14742	i would like to know what my salary is at this time
14743	i want you to call me this new name
14744	tell me a non-offensive joke
14745	is the sushi well-received at yakamoto
14746	how many calories are in cheerios
14747	i need someone to look at my car and tell me why the light is on
14748	how good is my credit score
14749	i would like you to revert to your factory settings
14750	how many days for vacation do i have left
14751	how many rewards do i now have on my hy-vee card
14752	help me find a car to rent
14753	the card is torn, let's report it
14754	let me set up direct deposit for this
14755	i need to know today's date please
14756	is there a routing number for wachovia
14757	what is life all about
14758	how many days until my amex card reaches it expiration date
14759	i need to change language to spanish
14760	has the order that i placed arrived
14761	do i pay my rent this week
14762	i don't know how to spell anethesia
14763	stop, i changed my mind
14764	i would appreciate it if you could show me how to jump start a car battery
14765	can you verify that i have a reservation at o'reilly's for 9
14766	i need to request pto for march 2 and 3
14767	can you tell bill and craig where i am
14768	whats my delta flight's status
14769	do you know london's timezone
14770	what's the status on my vacation days
14771	i disagree that is false
14772	i need meeting rooms between 9:00 am and 11:00 am, are there any available
14773	nuke all items on my todo list
14774	what's the fuel economy for this car downtown
14775	tell me all the ways my credit score can get hurt
14776	please share your hobbies with me
14777	set a reminder for the movie
14778	what does the forecast look like
14779	whats the timezone for san fransico
14780	i need to pay my electric bill now
14781	what's my schedule like for thursday the 14th
14782	what potential hazards are there for going to spain
14783	how long is it going to be until my card expires
14784	i'd like for their to be a pto request for me made for the dates june 4th to june 8th
14785	take carrots off my list for shopping
14786	are you from europe
14787	i need a pto request on march 1 to 2
14788	find out if i can rent a car in los angeles from march 2-9
14789	will i be charged if i use the card in paris
14790	please pause my banking actions
14791	tell me what my tire pressure is
14792	book a flight from tampa, fl to baltimore, md on 11 february 2019 and returning on 19 march 2019
14793	who formed thou
14794	terminate the account
14795	i need to make sure there is a reservation for george at connor oneil's
14796	is there another person you work for
14797	could you put broken by evanescense to my playlist
14798	when should i try to change my tires
14799	tell me how to redeem my credit card points
14800	i need to get from jfk to dallas with united for under $500
14801	can i get more checkbooks for my bank of america checkings account
14802	i'd like to have my paycheck direct deposited to my chase account
14803	i don't want this song, move to the next
14804	can you schedule a meeting room for interviews on thursday
14805	i must procure a car rental for the 10th to the 15th in zimbabwe and i would prefer a bmw
14806	flange means what
14807	i'd like to have everything on my shopping list
14808	do you know any good jokes about lawyers
14809	i'd like to rent an automobile in pittsburgh from this tuesday until next thursday can i do that
14810	i need alarms set for 6am and 615am
14811	what do you think i should make for dinner
14812	find out where i can schedule to get my car's tires checked
14813	what are some way s i can do to improe my credit score
14814	for how long does this need to cook
14815	what is my amazon card's rewards balance
14816	where is the closest park
14817	where do i begin the process of reporting my luggage lost
14818	where should i travel if i want to go to a nice beach
14819	undo this process
14820	make sure my alarm is set for three thirty in the morning
14821	up to this point, how much of my pto have i used
14822	for my water and electricity, how much is the bill
14823	what are delta's carry-on restrictions
14824	i do not think that is true, so i would say it is a false statement
14825	10 minute timer
14826	how does scheduling a meeting work
14827	what is the current time in new york
14828	set alarm
14829	please make a reservation for me: party of two, february 22nd at chili's, two in the afternoon
14830	what is the area of a 20 x 20 room
14831	would you please tell me my current gps coordinates
14832	aloha
14833	send my gps coordinates with home base please
14834	what's my pay
14835	are you young or old
14836	what can you help me with exactly
14837	buhbye
14838	what are my meetings today
14839	i want to transfer funds between accounts
14840	are there any new travel warnings for the us
14841	i'm ready to put in the order for everything on my shopping list
14842	i would like to hear the next tune on this particular playlist
14843	what kinds of subjects do you know about
14844	how do you spell verisimilitude
14845	when am i gonna be meeting roger
14846	on account ending in 3838 change my pin to 1234
14847	can you find me a recipe for salsa
14848	what's my vacation day usage so far
14849	what are the reviews like for bar tartine
14850	report a lost card here
14851	what is the exact due date for my mortgage payment
14852	i need an uber
14853	no that's wrong
14854	from april to may i will be in america so i need to notify my bank
14855	i have how many vacation days left this year
14856	does mexico have any travel alerts i should know about
14857	how can i learn how to use direct deposit
14858	please remind me to do this later
14859	what type of pet do you have
14860	remind me of the date of the event called 'anniversary dinner
14861	can you put in a pto request for march 4 to march 6 for me
14862	add 7 rings to my pop playlist
14863	am i approved for vacation yet
14864	submit payment to duke energy for my electric bill
14865	please make a pto request for dates tomorrow to the twentieth
14866	can i make a reservation for 3 at state bird for 8:30, please
14867	in what timezone is nigeria
14868	you can call me al
14869	i'm having trouble finding my luggage i was on delta flight ab123 out of new york
14870	please book me a place in pittsburgh to stay from monday to friday
14871	can i call you something else
14872	are there any vacancies in new york city from april 2 through april 8
14873	what's my credit limit for my visa card
14874	i'm afraid i've forgotten the pin for my 401k account
14875	can you send my exact location to laura
14876	how many calories are in a can of coke
14877	what day will it be in fourteen days
14878	increase your voice box
14879	to which company is your design accredited to
14880	please unsync from my phone
14881	how is my credit score rated
14882	do you have any suggestions for a meal from australia
14883	please set a timer for 40 minutes
14884	what country were you made
14885	i am looking for good southeast asian restaurants in philadelphia
14886	what is my apr for my credit card
14887	how is miami time zone like
14888	i have activity on my bank of america card i don't recognize
14889	i want a new motorcycle insurance plan
14890	how's the weather in tallahassee
14891	what is the year that were you born
14892	is my delta flight on time
14893	can you tell me the low tonight
14894	what is the current going rate for exchanging dollars for pesos
14895	how much money do i have coming in each month
14896	what do you refer to me as
14897	is it possible to have a place booked in salem from the 1st to the 3rd
14898	how do i find my present location right now, please
14899	always nice to talk to you
14900	play vegas baby roll a dice for mama
14901	i need an uber to come to my work at 5pm for three people going to the cineplex downtown
14902	tell me if you are a human or a computer
14903	will you repeat that, please
14904	by which company are you designed by
14905	address me by the name stan
14906	i need a van that seats 8 or more for new york city, august 12th, 13th, and 14th
14907	please find me a hotel room for 4 people from monday to wednesday in lakewood
14908	what can i address you
14909	please tell me what kind of gas this car needs
14910	adjust your language setting to english
14911	when do i need to get my tires changed
14912	please stop talking so fast
14913	how much have i spent recently
14914	thank you!
14915	what's my total point number on my mastercard
14916	can you tell me this song
14917	what hobbies do you do
14918	my reservation is no longer needed
14919	how long will i wait for a table at red lobster
14920	i think my card was declined at wal mart and i want to know why
14921	robbie needs to know aboutthis so would you text robbie to let them know
14922	what kind of fuel should i use to fill the car
14923	can the 401k i have be rolled over
14924	what have my expenditures been at macys
14925	how much money do i make at my job
14926	what're my wages for the week
14927	i'd like to know what is on my shopping list
14928	how do i go about setting up paycheck direct deposit
14929	go ahead and play the song that goes like hey jude don't make it bad
14930	share my gps coordinates with my dad
14931	call bob for me
14932	i want to know what sort of things you can assist me with
14933	what exactly is the meaning of life
14934	roll a dice and give me a number from 1 to 6
14935	when could i get my tires changed next
14936	please speak german to me from now on
14937	you need to set alarm for me
14938	can you tell me if zeus does reservations
14939	i'm so glad you helped me!
14940	i'm famished so give me some places to eat!
14941	tv on turn
14942	discontinue your current task
14943	find out how to make chicken tikka masala
14944	i'd like for you to make sure my reservation is there for charlie's under jack
14945	use your quiet voice
14946	i gotta change my pin number for my debit account
14947	how long until i my card expires
14948	how come my card was not accepted yesterday
14949	i need to be reminded to pray
14950	can you get uber for two people going to 27 moss lane
14951	i need instructions on how to jump start my car
14952	can i rename you
14953	can you tell me when i should change my oil
14954	can you tell me if you are a real live person
14955	i need some recommendations for fun tourist activities in washington, dc
14956	what level is my gas at
14957	can you show me how to report a lost card
14958	i need to know what the minimum payment is on my electric bill
14959	who do you consider your employer
14960	good talk, see you later
14961	i need to know my b of a interest rate
14962	how do i convert a cup to ml
14963	pass this song
14964	does tony's in downton let you make reservations
14965	where is the closest mcdonalds
14966	what's my meaning in life
14967	how do i say hello in french
14968	i want this song put on my 'kids' playlist
14969	when should i get new tires
14970	i would like to know when the bill is due
14971	what is the traffic like on the way to north shore
14972	what is a good beef recipe
14973	i was at safeway trying to buy groceries and my card got declined
14974	what to do in minneapolis
14975	how long will it take me to drive to my destination
14976	what's the danger level of flying to russia right now
14977	what's the best way to make a broccoli salad
14978	i need to set a meeting with tom at 6pm
14979	help me to roll over my 401k
14980	when should i pay my pg&e bill
14981	how soon will i be sent a new card
14982	i need to know somthing funny
14983	what types of pets do you own
14984	what's tomorrow on the calender
14985	i need to report a lost card
14986	i want to know the carry on policy for southwest
14987	change the song to the next one on this playlist
14988	what's the date on which my last oil change occurred
14989	i need an uber to take me to the mall
14990	would you say that again, please
14991	does hannahs in galloway take reservations
14992	what's the meaning of affiliate
14993	which kinds of info are you familiar with
14994	was my order dropped off
14995	did i add purchase tickets to the penguin game to my todo list
14996	suggest a meal from germany to me
14997	lets do a coin toss, i call tails
14998	does my todo list have vacuuming on it
14999	spell the word restaurant for me
15000	could you tell me the minimum payment on my mortgage
15001	please flip the coin
15002	should i a gas refill for my car at the next gas station
15003	tell me the amount of gas i have
15004	i need you to reserve a table for 4 at red robin under the name kevin at 7
15005	please unsync my phone
15006	check reservation availability for 2 at red lobster at 8pm
15007	does minnies cafe in modesto take reservations
15008	either or should work
15009	show me a calendar
15010	do i have enough money in my chime bank account to take ashley to the movies tuesday
15011	walk me through the process of transferring my 401k
15012	is it possible to book a meeting room between 10 and 11
15013	place a stop on my bank account
15014	how do i get to the nearest post office
15015	would you care to let me know where you were made
15016	how much dollars do i receive if i trade in 6 yens
15017	when is my next paycheck
15018	from january to august, i will be in uruguay, please let me bank know
15019	when will my car need new oil
15020	could you tell me the temperature of the ac
15021	is there a room big enough for 10 people from monday to tuesday in manhattan
15022	what was the problem with my card yesterday
15023	who can send me a w2 so i can complete my taxes
15024	help me change my insurance plan
15025	i am needing the next song to be played
15026	are reservations taken at redrobin
15027	how different will my state taxes be
15028	what is the song that's playing
15029	what do i owe the government on my taxes
15030	can you call my cellphone
15031	can you remind me to mop later by putting it on my to do list today
15032	i need to know if boston restaurant has favorable reviews
15033	please put a block on my discover account immediately
15034	how many mpg does this car have
15035	what is on march 2 calendar
15036	i need to know if cleaning out the fridge is on my to do list
15037	i cant recall my pin number for my city first account
15038	i don't need my reservation, can you cancel it
15039	set me an alarm right now
15040	i would like you to give me a suggestion for a mexican meal
15041	can you please the timer
15042	do you know the name of your boss
15043	when should i change the tires
15044	do i have to meet the dev squad to day
15045	do my tires seem too low on air
15046	search for carry on rules for flights on delta airlines
15047	give me a recommendation to improve my credit score
15048	can you show me the transactions that were made last night at the restaurant
15049	let me know my routing number
15050	no, that information is wrong
15051	can you specify if you are a human or a computer
15052	do i need any tools to change the oil in my car
15053	could you slow down your speech
15054	what is the exchange rate from pounds sterling to us dollars
15055	how many cups make a gallon
15056	i'd like to know about my health plan
15057	can you please repeat that response
15058	how do i get to the grocery store by bus
15059	i have to pay how much back in taxes
15060	i got to schedule somewhere get my tires checked out
15061	how do i change inches to centimeters
15062	what's the minimum i owe on the car payment
15063	i need to know my salary
15064	tell me minimum to pay on landscape bill
15065	check up on the status of my online order
15066	it was enjoyable to chat with you
15067	i need to know the status of my day off request
15068	will you add what i'm listening to to my road trip playlist
15069	call contact aj
15070	pay my water bill from my chase account please
15071	add grocery shopping to my list of things to do
15072	please find my phone
15073	do i need a plug converter when i visit russia
15074	cancel my reservation for 3 at carlos jr
15075	make sure bread gets added to my shopping list
15076	are any meeting rooms open between 9 and 10
15077	how much tax do i owe
15078	if i fly american to los angeles, how many carry ons am i allowed
15079	what is on my reminder list
15080	what's the name you were given
15081	what type of fuel is used for this vehicle
15082	help me remember my pin number
15083	what would i be referred to as
15084	have the riots in france triggered any alerts for people traveling to there
15085	are you an ai or can you prove you're human
15086	i'd like to hear some trivia about florida
15087	what is the credit card apr exactly
15088	if i use my card in mexico do i get an extra fee
15089	tell me the calorie content of frosted flakes
15090	what is 60 percent off of 350 dollars
15091	my battery is dead so how can i get it going again
15092	do i have enough to cover new skis in my bank of america account
15093	you're the best!
15094	please tell me all the purchases on my hy-vee card for this statement period
15095	let's play the next song now
15096	what are my options for new insurance plans
15097	please report information about activity on my credit card
15098	what is the process for ordering new checks
15099	help me to disconnect from my phone
15100	how long does it take to get to orlando by bus
15101	don't sync with my phone
15102	when is it recommended that i change my tires next
15103	how long do i have to wait for shokudo
15104	what do i have on my need to do list
15105	what would four inches be in centimeters
15106	i need some help finding my phone
15107	what shots do i need before traveling to malawi
15108	in the place i am what are my gps coordinates
15109	tell me how to change the oil in 2014 odyssey
15110	how many vacation days do i have left this year
15111	i need to buy everything on the shopping list
15112	do you know when my next day off is coming
15113	what healthcare plan do you have me on
15114	how do i cash the reward for city
15115	does moscow require travel visas to visit
15116	around 5 pm, how busy is kaya
15117	cancel my last request, i know the answer
15118	what is my chase card's rewards balance
15119	what is the calorie count for one cookie
15120	how does one apply for a master card
15121	what is the apr on my barclay's card
15122	do you prefer peanut butter or cheese for your celery
15123	i want to see the golden gate bridge and i'm walking on 5th street right now
15124	how can i tell my bank i'm going to vietnam
15125	does jamaica require a visa
15126	i would like to know who programmed this ai
15127	how long would i have to wait if i want to go to golden corral
15128	i didn't get that, please repeat
15129	i go by brad
15130	text roderick and tell him im running late
15131	what are some activities to do in chicago
15132	do i have any meetings with michael today
15133	what do i have to do on march 2 that's on my calendar
15134	what questions do you respond to
15135	today's date is what exactly
15136	will you tell a joke
15137	how do i change the name you came with to something else
15138	my card was declined yesterday, why
15139	what is the present status of my credit card application
15140	what song is playing right now
15141	let me know the amounts i owe for my utilities and tuition bills
15142	what can i carry-on delta flights
15143	how long until my flight is here
15144	please your volume
15145	send my brother mike a text that says i'm home
15146	tell me whether i need an international visa to go to mexico
15147	when shall i get my tires changed
15148	true
15149	what is the amount of my federal taxes
15150	show me how to rent a car in las vegas
15151	can you put a block on my visa account right away
15152	was a hold placed on my wells fargo account, and if so why
15153	can you find me an uber and have it here at 7pm
15154	how are the donuts reviews at tgi
15155	i want to view my balance
15156	spell 'requisite' for me
15157	does gramercy tavern accept reservations
15158	might i be able to apply for a new credit card
15159	what's the date 32 days from now
15160	i want to get new insurance
15161	please book a reservation for 8 pm at red robin under the name kevin
15162	i want you to talk more quickly
15163	could you let me know how old you are
15164	i need assistance with my lost luggage, i was on american airlines ab123 out of talahasse
15165	help me find new insurance providers
15166	is my credit card application approved
15167	negative for sure
15168	do a virtual coin flip and tell me if i win as tails
15169	where do i go to find my routing number for southpoint
15170	i wanna set up a direct deposit for my paycheck
15171	please tell me the time
15172	i need to let my bank know i am traveling to la
15173	tell me the ratings for the local denny's
15174	is kaya very busy at 5 pm
15175	what's the funnest thing for a tourist to do in iceland
15176	give liz a call
15177	i need ten dollars sent from b of a to washington mutual
15178	is there traffic on dove road
15179	what's the timezone for brasilia
15180	when is the next break
15181	who are the people responsible for you
15182	can you find me a recipe for honey ham
15183	do you know whom i should contact since my luggage did not arrive
15184	i'm traveling to sweden soon and want to inform my bank
15185	can i substitute eggs for milk in a recipe
15186	could you tell me what the status of my day off request is
15187	i want to know my bill's minimum payment
15188	please allow dan to see my location
15189	what kind of mileage do i get out of gas
15190	how do you spell friend
15191	pull up ramen recipes please
15192	i would like to know the usd to aud conversion rate
15193	tell me how busy the restaurant will be between 5 and 7pm
15194	do i have brush my teeth on my todo list
15195	tell me the number of calories in a banana
15196	what's the eta for a new card to come in the mail
15197	how do i cash in my reward for chase
15198	change to a new accent please
15199	how does yelp report the enchiladas are at jose's taco shop
15200	i want to thank you for helping
15201	please stop doing what i asked
15202	how do i start my car battery
15203	how to keep my credit up
15204	who do you say you work for
15205	how many miles will it take to get to my destination
15206	how do i find my location, please
15207	what do you need to make dandelion wine properly
15208	how many ounces in a gallon
15209	does redrobin do reservations
15210	buy a flight from phoenix to el paso on august 30 that returns on labor day
15211	i need to know what tasks are on my to-do list
15212	what gas mileage does my car get
15213	what is my visa card limit
15214	terminate
15215	i don't know where my luggage is
15216	i need you to give me a suggestion for what to make for dinner
15217	i want to see transactions from this month
15218	i need to know how jumping a car works
15219	what's the routing number for my current savings
15220	when does my oil need some changing
15221	will you confirm my reservation for red robin at 10
15222	read to me my to do list
15223	relate to me what my credit score is
15224	read my reminder list back to me
15225	can my debit card be replaced quickly
15226	do i have enough fuel to make it to the theater
15227	does buffalo wild wings do reservations
15228	how long would the wait at the restaurant be
15229	can you tell me the tasks on my to-do list
15230	don't let me forget to check the steak
15231	undo my reservation for 5 at the loft
15232	make the volume louder
15233	i want your volume louder
15234	can you tell me how many points i have to date with my capital one miles card
15235	what the heck is qat
15236	how long will it take to drive to the kroger in westwood
15237	how is my credit score
15238	sorry no idea
15239	have i set aside a time on my to do list to do my taxes
15240	how can i start my car using a jump start
15241	how can i cash in rewards on my chase card
15242	please turn on the alarm
15243	are there travel alerts for europe
15244	do i have any due bills and how much
15245	how long can i keep bison in the freezer for before it spoils
15246	what's the smallest amount i can pay on the water bill
15247	roll 6 sided die
15248	restate the last thing you told me
15249	what is remaining in my bank acccounts
15250	what is the amount of gas in my car
15251	i didn't catch that, please repeat
15252	help remind me that i need to add laundry to my list of housework
15253	what timezone does lisbon have
15254	how much paid time off do i have left
15255	let my bank know i will be travelling to the cayman islands
15256	i don't have any idea
15257	show me something funny about food
15258	tell me this song's name
15259	reserve a table for 2 at red lobster at 8:00
15260	please freeze my account
15261	how long do tires last for
15262	would you tell me the interest rate
15263	i would like to use my credit card points
15264	i wanna know when i was paid last
15265	i can't figure out how to spell superficial
15266	when can i expect my new card to get here
15267	is paprika listed on my shopping list, please add it
15268	are there any decent places to get seafood in seattle
15269	how healthy is hummus
15270	can i use an ordinary plug in scotland
15271	i was at costco trying to buy sheets and my card got declined
15272	can you help me deal with this fraudulent transaction from verizon on my account
15273	please help me book a rental car for nashville
15274	can you use the male british accent
15275	can you show me the nutrition facts for grapes
15276	what is the traffic like on the road to downtown dallas
15277	reserve a table for 3 at outback steakhouse under the name lance at 7:00pm
15278	can you tell me the time
15279	when's the next holiday coming
15280	i need to transfer ten dollars from my bank of america account to my capital one account
15281	how do i find my location right now, please
15282	how should i rollover my 401k
15283	do you know of any good restaurants
15284	please lock the doors
15285	can you please put toilet paper on the shopping list i'm out of it
15286	when was the last time i took my car in
15287	show me all video games purchased
15288	can you explain to me what type of vacation days i have still
15289	can you tell me my credit limit
15290	when should i change my tires
15291	what company designed you
15292	unsync my phone
15293	please suggest some fun tourist activities in tokyo
15294	do you consider yourself a bot
15295	do i need to change my oil
15296	is there anything you like to do in your free time
15297	i need to know what kind of gas to put in this car
15298	how do i rollover my 401k
15299	where can i obtain a w2 form from
15300	i want to hear my rock playlist
15301	call me carrie
15302	revert back to your factory settings, please
15303	what company coded you
15304	what are the health benefits i have
15305	carry-on restrictions for air emirates
15306	how do i change the oil in my passat
15307	are reservations taken at spago in beverly hills
15308	tell me when i should change me oil
15309	tell me the traffic at lexington
15310	i need a reminder set for signing up for the conference
15311	i need details on my income
15312	can you tell me the nutritional information for chicken nuggets
15313	when do i pay the utilities
15314	talk faster than that
15315	tell me if i have any spare vacation days
15316	can i find my w-2 online
15317	has anyone approved my day off request
15318	i need to change your name to ben
15319	put fan on
15320	do they take reservations at olive garden
15321	when did i last do maintenance on my car
15322	where is my phone
15323	pay my monthy mortgage payment
15324	is it possible to change to original settings
15325	how long can i leave pizza in the fridge
15326	i need to move money from one account to another
15327	can you switch off
15328	hows are ya
15329	tell me the traffic in tempe
15330	what is your boss's name
15331	can you make me a reservation for 4 pm on the 22nd at ruth's
15332	how can i apply for a visa card, please
15333	can you please reserve my uber to go to devon's seafood restaurant
15334	i ordered for delivery, has is arrived yet
15335	how long until my milk expires
15336	i want to see the list of transaction on my bank of hawaii
15337	show me a hotel that has good reviews in kansas city
15338	recite my to do list
15339	say that i am in tulsa, will i be charged even more if i use my card
15340	i need a reservation for one at applebee's, four in the afternoon on march 3rd
15341	help me to know what song is playing
15342	i'd like to be called frank
15343	i have to call jane
15344	how much is my gas bill
15345	what is my saving's account balance
15346	tell me why my card didn't work yesterday
15347	what is the gas level in my gas tank
15348	what is 80980 + 098098 + 80980 + 1243
15349	could you stop please
15350	i must know my water bill minimum payment
15351	submit the order for everything on my shopping list
15352	what is 900 times 8
15353	what withdrawals were there on my account yesterday
15354	please skip this song for me
15355	what is the average wait time to be seated for dinner at rouge
15356	call me jake
15357	i need the soonest appointment for an oil change
15358	what's this car guzzle in gas when driving in town
15359	my car needs maintenance but i don't know if i can schedule an appointment for that
15360	sync with my phone
15361	how long do i need to cook beef stew for
15362	can i increase thencrdeit limit for my chase visa card
15363	i want volume set to 4
15364	use my savings account to the pay the rent
15365	add meeting with carla to my schedule for july 4
15366	what is the necessary amount of time required to prepare pot roast
15367	i need to know how to order checks for my bank of america account
15368	what is the current est time
15369	what is my next payday
15370	is everything ok with you
15371	for which reason was my card declined yesterday
15372	what's your name if i may ask
15373	i wish to have a 10 minute timer
15374	where can i see the routing number for bmo
15375	do you know how to say where is the restroom in french
15376	i'm not sure how to jump start a car; can you help me
15377	check to see if i am still booked to be eating at gusto handcrafted pasta & pizza at 6:30 pm
15378	i need for you to remove milk from my shopping list and add bread
15379	where's a good place to get some grub
15380	what is the high temperature for tomorrow
15381	what is the temp right now
15382	please tell me the location of the nearest target store
15383	i want my 401k rolled over to a new workplace
15384	why was my card not accepted yesterday
15385	please tell me all items on my todo list
15386	what is the date today
15387	would you tell me the meaning of life, please
15388	is my tire pressure good
15389	can you get me more checkbooks for my southern account
15390	what do i do if i think my car battery's dead
15391	can you tell me how to jump my car
15392	i can't answer yes or no right now
15393	where do i report if i lost my luggage
15394	what is your place of origin
15395	repeat what you just said
15396	no, that is invalid
15397	what day is it tomorrow
15398	how often should i replace my tires sense i replaced them on 2/21/17
15399	what would you like to refer to me as
15400	tell me what my calendar looks like for april 13
15401	check and confirm reservations at ruth chris for carol lee
15402	set your name to hillary
15403	i have to transfer ten dollars from my bank of america account to my capital one account
15404	i need to get a new motorcycle insurance plan
15405	i must know what the traffic typically like at 3:30 on the route to phoenix
15406	where am i at currently
15407	what do i usually earn in a day
15408	i need this song title
15409	what am i hearing on the speakers now
15410	what rewards does my gold card get
15411	what is the weather report for costa mesa
15412	i need you to repeat that
15413	please let me know what time it is
15414	tell me the status of my tires and when i need to replace them
15415	what is the purpose of exsistance
15416	where can i check my credit rating
15417	check my to do list to see if jewelry repair is listed
15418	what's my interest rate from january
15419	does stanleys take brunch reservations
15420	what's the status of my vacation days
15421	tell me about today weather
15422	what are good restaurants in reno that serve sushi
15423	what is the current time right now in hollywood
15424	roll a 10 sided dice
15425	it might be either
15426	my bronze card is missing i would like to report it as lost
15427	tell me where i should get the w2
15428	annul the reservation i created
15429	what are the rules for carry on luggage for delta
15430	i must schedule somewhere get my tires checked out
15431	i need my credit score
15432	can you make me laugh
15433	you must reserve a table for 4 at red robin under the name kevin at 7
15434	how much do i spend going out to eat
15435	what's the due date for spectrum's bill
15436	which electrical plug type should i bring with me to finland
15437	i need to change my account
15438	what is the nutritional info for kraft mac 'n' cheese
15439	you were built by who
15440	tell me the apr of my credit card
15441	walk me through the best ways to use my credit card points
15442	can you get access to my phone right now
15443	what ingredients do i need to make broccoli cheddar soup
15444	does this take regular unleaded
15445	move three hundred and fifty dollars from my citibank savings account to my chase savings account
15446	add welcome to the jungle to my workout mix
15447	remove celebrate anniversary from my calendar
15448	let me know who made you
15449	i'd like to know when my next day off is
15450	how long have you been around
15451	on the lounge lights turn
15452	i would like to transfer $5 from savings to checking
15453	could you tell me your name
15454	what did you just mention
15455	give me a cool fact about potatoes
15456	whats it like to be programmed
15457	can you guess my name
15458	roll a die with 6 sides please
15459	what can i ask the ai
15460	what's the current time in est
15461	any travel advisories for portugal
15462	can you help me get on a new united healthcare insurance plan
15463	are transaction fees charged for my aaa card in canada
15464	i want your volume lowered
15465	please increase the speed of your talking
15466	i want to be called by mary
15467	please reset your factory settings
15468	i want change your name to russ
15469	tell my bank that i'm travelling to france in 2 days
15470	please get me an update on the status of my credit card application
15471	i want to schedule a meeting with tom for 6pm
15472	did i put milk on the shopping list
15473	do you mind if call you nikolai
15474	can you show me the dictionary definition of ajar
15475	how are things for you
15476	what was the date of my last auto appointment
15477	that would be a no
15478	yes sir
15479	i'd like to make a vacation request
15480	was my order delivered
15481	i need to know the routing number for my wells fargo account
15482	i really need to know why my card was denied
15483	alter the name given to the ai
15484	ai, what is my chase checking routing number
15485	add up my reward points for master card
15486	what's the balance on my bank account
15487	i need an uber with a car seat for 2 adults and one child to take us to wilmington, de
15488	what are the ratings for chipotle
15489	why did my card not get accepted then
15490	what's the name of what's playing on my speakers
15491	i need to get some assistance figuring out how i can rollover my 401k, please
15492	please tell me how many vacation days i currently have
15493	did i remember to put eggs on my shopping list
15494	help me get my pay check deposited directly to my home checking account
15495	do i have bananas on my shopping list, if not please add it
15496	please roll that dice
15497	direct deposit my paycheck to my capital one account
15498	how much do i pay in taxes every year
15499	where do i find the routing number for great western bank
15500	please find someone who specializes in cars, my check engine light has turned on
15501	what's the method of jumping my car
15502	i need you to set alarm for me
15503	are tomatoes on my shopping list
15504	i believe there's fraud on my card
15505	can you act and think like a real person
15506	in paris, get me a hotel room for 4 people from march 1st to 3rd
15507	i want to get directions to the closest atm
15508	do i need to inflate my tires
15509	you will be called rose from now on
15510	discontinue please
15511	if i fly internationally, do brittish airwaiys have carry-on limitations
15512	how much do i owe on my cable bill
15513	tell my all my reminders
15514	please cancel what you are doing, i've changed my mind
15515	how much do i have to pay for my cable bill
15516	please check if i can do a car rental from charlotte douglas airport from monday to wednesday
15517	what is my current gas level at
15518	can you slow down the rate at which you talk
15519	when do i need to change my tires again
15520	how are you doing, ai
15521	increase the volume level to 4
15522	would you say you're a person who likes cats or dogs more
15523	what's the humidity today
15524	share my location with mom
15525	is my vacation approved yet
15526	explain to me how to rollover my 401k
15527	i want to call mark
15528	do you know the current time in southern california
15529	what's the best pizza place around here
15530	what does my to-do list look like
15531	can i drink milk i've kept in the fridge since wednesday
15532	how low is the pressure in my tires
15533	i need to increase my credit limit for my visa credit card, can you assist me
15534	gps coordinates share with home
15535	tell me the meaning of hegemony
15536	i’m making spaghetti what ingredients do i need
15537	approximately how long does it take to get to the resort in miami
15538	how do you jump a car with a dead battery
15539	i want to add farm trip to my calendar for friday
15540	please tell me the minimum i can pay on my water bill
15541	check the apr on my disney visa, please
15542	how much will i have to pay in state taxes
15543	turn on the whisper voice
15544	i have to schedule some car maintenance
15545	what is my schedule like today, any meetings with dan
15546	do you know the fuel economy of this car
15547	pull up my shopping list for me
15548	i should use what kind of oil and can you help me change it
15549	i'm called tim
15550	i need you to buy a laptop
15551	tell me some something trivia
15552	use a woman's voice
15553	when do ribs expire
15554	has anyone locked the door
15555	i have to send a text
15556	what do i have on my list for shopping
15557	my car uses what type of fuel
15558	this was a great conversation
15559	how exactly do i find my credit score
15560	my car battery is dead, how do i charge it
15561	can you give me the time
15562	i want my schedule for march 2
15563	it was great chatting with you
15564	would you tell me how to get to walmart by bus
15565	what is the correct spelling for antipathy
15566	are you able to sub white sugar for brown sugar
15567	i need the apr on my visa card
15568	please fill me in on the nutrition facts for shrimp scampi
15569	since i am traveling to asia, i need to inform the bank
15570	how is the weather today
15571	during which month will my card expire
15572	what country are you from
15573	how long has it been since i was paid
15574	when should i replace my tires next if i last replaced them on the 1st
15575	reminders of my list is what
15576	it's been 3 years since i changed my oil, how long until i have to deal with it
15577	tell me all about the creatures you own
15578	can you recommend for me a dish from ethiopia
15579	is it ok if i start speaking to you in german
15580	how many carry ons does spirit allow when flying to dallas
15581	tell the meaning of life
15582	either one would work
15583	are you from the uk
15584	when is my flight due to arrive
15585	dollar to pesos exchange rate
15586	check if the doors are locked
15587	what do i earn from my job
15588	turn on the living room lights
15589	what amount of miles are in a hundred kilometers
15590	help me tell visa about fraud on my account
15591	go ahead and change the pin on my bank of america account to be 1234
15592	please put a block on my wells fargo account immediately
15593	what's today's high and low
15594	change your language setting to chinese
15595	what should i grab to make a german chocolate cake
15596	add this song to my game night playlist
15597	what other names can i give you
15598	can you order everything on my shopping list
15599	on march 1-2 i want a pto request made for me
15600	i want to report fraudulent activity on my visa
15601	what's on the shopping list
15602	find a hotel with great reviews in san francisco
15603	please tell me where my phone is
15604	what would cause me to be locked out of my bank account
15605	did i spend a lot on shoes recently
15606	what do i say for goodbye in hawaii
15607	what does my to-do list consist of
15608	i gotta set a timer
15609	my order was put in and i was wonder how i can see the status of it
15610	how do you say thank you in spanish
15611	would you please get your accent changed to the male british one
15612	my car needs maintenance prepared
15613	you need to skip this song and play the next one
15614	thank you so much
15615	how do you spell tomato
15616	i have no idea what the pin is for my checking account
15617	did i remember to add buy flowers to my chore list today
15618	what's the balance on my sprint account
15619	i need to change my pin number for my account
15620	please remove fishing from my calendar for soccer
15621	dont let me forget to do that thing later
15622	what time is it in the eastern standard timezone
15623	what are the things i wanted to recall
15624	is it possible to apply for a new credit card
15625	do i have more than $100 in my pnc account
15626	remove fries from my shopping list
15627	i would appreciate it if you help me turn the car on
15628	what is 005 percent of 1 percent
15629	i'd like to pencil in a meeting with seth at 11am
15630	i want to reset your settings to the original
15631	thanks, bye
15632	are there any alerts for traveling in belize
15633	tell me the minimum i can pay on my cable bill
15634	would you give me directions to the closest starbucks restaurant
15635	can you help me book a bmw suv for march 2 to 6th, dallas texas
15636	nigeria is in which time zone
15637	can you let me know if it will be warm this week
15638	does delta allow more than one carry on when traveling to miami
15639	how do i check my rewards for my chase card
15640	where is the location that you were made
15641	i need a place to stay in newark near a bodega from may 2nd through the 4th
15642	give me the apr for my mastercard
15643	tell me how much i make
15644	set an alarm for me for 10:00 and another one set for 4:00
15645	where is the nearest gas station to 20th and market streets, in philadelphia, pa
15646	what's a good trivia fact about china
15647	what is the minimum i can pay for the gas bill
15648	i need instructions on how to make shepherd's pie please
15649	how many grams of sodium are in potato chips
15650	would you connect to my phone
15651	does ireland require an international visa
15652	my bank account must be frozen
15653	hey how's it going
15654	why is my bank account frozen
15655	what is an ataraxy
15656	can you tell me what today's date is
15657	hop to the next one
15658	the 21st, what is on my calendar
15659	can you submit a pto request for me from dates nov 2 to 10, please
15660	my card got melted in the dryer and i need to report it, please
15661	add one by metallica to my playlist
15662	on what day and date of what year were you born
15663	will it be long to get to the sky harbor airport
15664	who has the best credit card offering for a college student
15665	will it be okay for me to eat my leftover turkey from monday that's been in my fridge
15666	how many calories are in a donut hole
15667	how much is my income tax
15668	you need to change your language setting to russian please
15669	how much money do i pay in taxes
15670	at what point balance can i redeem my points
15671	tell me what cyst means
15672	read my reminders to me
15673	i would like the dice to be rolled
15674	i'd like my paychecks direct deposited in my navyfed checking account
15675	let my bank know i'm going to be in russia for a month
15676	i must know what is currently on my calendar for friday the 1st
15677	when do i have to get my tires changed
15678	what's the latest joke you've heard
15679	what is that tax form that shows my wages and where do i get it
15680	good bye my friend
15681	can you set me up for a reservation for five at outback steakhouse on february 28th at seven pm
15682	i need to know how to change my insurance
15683	set the timer for 10 minutes
15684	i need to talk to someone about a fraudulent activity on my card
15685	help, my account is blocked
15686	i think someone made an illegal charge to my card
15687	i am curious about whether you have pets
15688	i need to know what time it is
15689	what is the total number of vacation days i've used
15690	i want david to know where i'm at
15691	is there traffic on bramble lane
15692	i need a block put on my chase account right away
15693	tell me something funny now
15694	can i change your name to buttercup
15695	when will we have another day off
15696	is my tire pressure okay on my car
15697	are you from here
15698	how far am i from the beach right now
15699	do you have any suggestions as to what i should cook for dinner
15700	create an alarm
15701	how long should i cook the steak for
15702	i would like to know flight dl123's status
15703	what name do you use when addressing me
15704	what's the weekend forecast
15705	what's the cooking time for the cake
15706	how would i be able to check my kohls rewards card
15707	what's the expiration date on my credit card
15708	i can't find my credit card and i want to report it as lost
15709	what kinds of oil can i use in my car, and how to i change the oil
15710	stop
15711	how to create a new aaa insurance plan
15712	how much is the least i can pay for power bill
15713	i need to find a nice hotel with solid reviews in seattle
15714	what kind of pets do you own
15715	how many square feet is a 13 by 74 room
15716	let me know why my card was declined yesterday
15717	please slow down how you're speaking
15718	what did i ask to be reminded about
15719	can you tell me what kind of outlet plug there is over there
15720	search for any travel alerts for canada
15721	tell me if you are a person or ai
15722	i must transfer ten dollars from my bank of america account to my capital one account
15723	i need to know this car's mpg
15724	i want you to immediatly block any further activity on my bb&t bank account
15725	is it necessary to apply for a tourist visa for mexico
15726	my pto used so far is what right now
15727	when should i have my tires replaced if i replaced them on the first of march
15728	what's the nutritional info for potato skins
15729	ai, routing number for my wells fargo checking
15730	tell me where my luggage is
15731	schedule me an uber to my job
15732	order a disney gift card in the amount of five hundred dollars from costco
15733	i want to see my reminder list
15734	how long since i swapped oil
15735	it seems my luggage was lost
15736	have you heard anything back on my cc application
15737	how long do i have left to pay for my chase credit card
15738	who is your employeer
15739	where do i find the routing number for wells fargo
15740	tell me how to find my current location
15741	my luggage is lost and i would like help trying to locate it
15742	can you tell me if germany issued any travel warnings
15743	can you tell me how to change my car's oil
15744	is there any indication my application for a new credit card has been processed
15745	do you know recipe for making apple pie
15746	how long can i keep chicken in the freezer for before it goes gross
15747	i'm confused about the reason for my bank account being frozen
15748	what does the word ataraxy mean
15749	does today's schedule include any meetings
15750	i'd like you to remove throw away dvds off my todo list
15751	i need a meeting room at 2pm on friday
15752	refrain from talking
15753	what is your age
15754	can you find me a place to stay in sacramento near the capitol on july 3-5
15755	i need to increase my credit limit
15756	remind me to write that letter
15757	what is my gross income per pay period
15758	what items do i have on my amex card this month
15759	what if you need to obtain a new credit card
15760	what information do i need to direct deposit my paycheck
15761	i need for you to get bananas added to my shopping list; i'm out
15762	what's the nutrient make up of a plate of spaghetti
15763	what locations of applebee's take reservations
15764	what things are on my shopping list
15765	i need to know the things on my shopping list
15766	us and mexico exchange rate
15767	i want to put in an application for a line of a credit card how do i do that
15768	do you have another job
15769	i know that the statement is true
15770	post my gps coordinates to my facebook friends
15771	switch to female voice
15772	i want to know if there is any transaction fee using washington federal card when i am in canada
15773	will i run out of gas before i get to sioux falls
15774	what age is the ai
15775	can you suggest some of the most popular travel destination
15776	my friend steve needs my gps coordinates send them to him
15777	how much time will pass between the start and end of our sojourn by bus to detroit
15778	please inform me of the types of subjects are you familiar with
15779	command cancel
15780	please transfer half of my funds to an alternate account
15781	using my salary as a basis, what taxes will i owe
15782	tell me everything on my calendar for may 1
15783	send over 50 dollars between my shared and not shared accounts
15784	i say no to that question
15785	i need an alarm set please
15786	air amount in tires
15787	does the uk require a travel visa
15788	this song needs to be added to my reggae playlist
15789	how many miles per gallon does this car get in the city
15790	i want to know the weather forecast for today
15791	inform me as to how much gas my car has
15792	how many cs are in acquiescence
15793	what's the name of the current song
15794	translate for me hello into french
15795	what is the extent of the pto i've taken
15796	can you confirm my reservation for kevin at red robin
15797	when did my oil last get changed
15798	that is accurate
15799	what are some ways to raise my credit score
15800	tell me something cool about elephants
15801	cancel my reservation for 4 at red robin
15802	how long til my new card arrives by mail
15803	i want a coin flip and i'll take tails
15804	what organization created you
15805	it was nice to talk it out with you
15806	my visa card got stolen
15807	order more checks
15808	x is what i am calling you now
15809	what sort of jokes do you know
15810	i would like you to confirm my reservation for next saturday at 11 am
15811	i agree with the truth of what you just said
15812	find out what my water bill costs please
15813	when did i last get my car tuned up
15814	what do i owe in federal taxes
15815	can you help me find out how to get a new credit card
15816	can you tell me the current time
15817	is the air pressure in my tires low
15818	what's my credit score rating
15819	what's my apr on my primary credit card
15820	how long have you been around, ai
15821	when do i take my car in for a tire change
15822	activate my furnace please
15823	do you work for a different person
15824	switch your language setting to english
15825	put a stop on my deposit account
15826	i need a bit of hand holding getting my trash bill paid
15827	what is the city fuel efficiency for this car
15828	in what format did you save my name
15829	who made this ai
15830	detroit is in what timezone
15831	what is the status of my vacation request
15832	whats my name saved under
15833	i want my reservation for march 1 at 8 pm confirmed
15834	do you have any idea what my name is
15835	what the current balance of reward points on my mastercard
15836	so it seems i have had pizza in the fridge since monday, so is it safe to eat
15837	tell me my shopping list
15838	turn the fan on
15839	skip this and go to the next song
15840	what was my health plan again
15841	tell me how traffic is looking on the interstate
15842	what do i make yearly
15843	i need to know when my next day off is
15844	please change your language setting to spanish
15845	play the song that goes like hey jude don't make it bad
15846	thank you for the answer
15847	my card is unusable because it's damaged
15848	share my location with steve
15849	how is the time
15850	which song is playing
15851	i would like an uber going to the train station, please
15852	gracias
15853	next song play
15854	do you have any domestic animals
15855	let my credit card company know that my card split in half
15856	can you roll a dice with 8 sides
15857	is a car rental available out of lax from tuesday to thursday
15858	please give me a reminder
15859	my income equals what amount
15860	would you like to live with a cat or a dog
15861	what is life's purpose
15862	what number of vacation days do i have
15863	do you have an employer
15864	i need to know my reward point total looking at my debit card
15865	please search for portland's timezone
15866	heads or tails i choose tails
15867	my account has a hold on it and i can't access my funds, why
15868	do i need an international visa to go to brazil
15869	how big can a carry-on bag be
15870	add cherrios to the shopping list
15871	i'm in the mood for a joke
15872	what is 10 ounces in grams, please
15873	why am i locked out of my bank account
15874	set my alarm for getting up
15875	can you put mopping on my to do list
15876	you are talking too fast for me, please slow down
15877	i want to place a call to mike
15878	put my music on, please
15879	i need to take out the trash please remind me
15880	add to friday's calendar a doctor's appointment
15881	how much vacation have i earned
15882	can you give the definition of deiscretionary
15883	what's affiliate definition
15884	i'd like to make a payment on my credit card bill
15885	how long has it been since my oil was changed
15886	you came from where
15887	where can i locate a form for my w2
15888	are there meeting rooms available between 11-12
15889	can you remind me what i put on my shopping list
15890	what should i do if my car battery dies
15891	what is the current time in china
15892	is sparks experiencing bad weather right now
15893	check if it is ok to eat cheese that has been in the refrigerator since last tuesday
15894	please tell me everything on my list of reminders
15895	what is the expiration date of my current card
15896	can you get me a table for 3 at olive garden at 7pm
15897	make your speed a bit slower
15898	please remove an event from this calendar
15899	let's skip over this song and listen to the next tune instead
15900	tell me what my day looks like today in terms of meetings
15901	what are the reviews for mountain mikes
15902	how long until i need to change my tires
15903	are there any meeting rooms free from 10:00 am until 10:30 am
15904	is it possible to get more checkbooks for my wells fargo checkings
15905	what was the reason my bank account was frozen
15906	i want you to skip past this song to the next track
15907	whats included with my insurance
15908	how long can i keep avocados in the fridge before they go bad
15909	tell me the month that my credit card will expire
15910	what is the date of the next holiday
15911	sorry, can you speak a little faster
15912	what gas does the car need
15913	what ingredients do i need to make salmon salad
15914	come again with that
15915	when can i expect my new card
15916	change the pin on my bofa account to 3892
15917	i would like to be told about my credit rating
15918	what's on my calendar for march 01
15919	my last card was stolen and i want to know how long until i get my new one
15920	just call me dennis
15921	let my bank know that i'll be in moscow, russia
15922	what hobbies do you have alexa
15923	what's the current reward amount on my visa
15924	can you go to amazon a repurchase my last purchase
15925	what's my yearly income
15926	my card is lost, i would like to report it
15927	proper to substitute cumin for tumeric
15928	please take shoveling the car off my todo list
15929	i would like to change your name to eli
15930	who developed your internal code
15931	how is the approval of my day off going
15932	how long since my car was in the shop
15933	i need the tow truck to be given my gps coordinates
15934	keep april 2nd wide open on my calendar please
15935	how many kilos are in 150 pounds
15936	call someone
15937	when does the replacement card arrive
15938	pay a bribe using my money market account
15939	will i need an international visa to go to madagascar
15940	see if all the doors are locked
15941	what can i do to keep my credit in good standing
15942	connect me to bob
15943	give me celcius to fahrenheit
15944	what company is responsible for your design
15945	do i have any updates about my credit card application
15946	i'd like to confirm my reservation for 2/20 at 8 pm
15947	can you help me with seattle car rental bookings
15948	heller
15949	do i need a visa to scotland
15950	i could use some help transfering my 401k
15951	i need to report my bent card
15952	notify my bank i'll be in rome from the 1st to the 17th
15953	please book a hotel in ny, close to brooklyn, on the 25th to 30th
15954	give me harry potter trivia
15955	take my shopping list and order all
15956	restore my factory settings immediately please
15957	what name am i under
15958	from now on, your name will be buttercup
15959	i need to know the interest rate that applies to my personal loan
15960	how do i make that scottish dish with all the blood and sausage
15961	that statement was correct
15962	can i get a new card
15963	what is the mpg for this car
15964	do i need a socket converter if i'm going to be in eithiopia
15965	can you convert millimeters to centimeters
15966	usually, how long does is the commute to brooklyn by bus
15967	i have spent a lot on groceries lately
15968	tel me the credit limit for my credit card
15969	who can look at my car, the engine light is on
15970	today is what date
15971	can you tell me how to make a vacation request
15972	i have how many tier credits on my caesar's card
15973	please provide an option for dinner
15974	what type of plug do they use in mexico
15975	what are my options for jump starting my battery
15976	make sure my reservation is happening for john at olive garden
15977	tell me how to schedule a meeting
15978	could you please help me, my card has been stolen and i need to report it
15979	what timezone is reno in
15980	i lost my card how do i report it
15981	may transactions for last 2 days
15982	have i got enough credit card points to get a new tablet device
15983	who's your creator
15984	i need to be notified to clean the room
15985	what's the funniest thing you've got
15986	i would like to place an order for more checkbooks to me mailed to me
15987	the plastic numbers on my card are falling off
15988	i want you to set alarms for 2pm and 3pm
15989	how do i change my credit limit
15990	i need you to increase your volume
15991	how many dollars can i exchange for 200 yen
15992	pocki sticks has how many calories
15993	can i get more money on my discover card
15994	my oil seems pretty black, does that mean i should change it
15995	walk me through the process of getting new insurance
15996	where do i find my w-2 tax form
15997	it is okay to replace water instead of milk
15998	what is the amount i owe to clay electric
15999	who you work for
16000	is it allow to switch apples to grapes
16001	what was said
16002	sync phone
16003	what sorts of subjects are you well versed in
16004	will you let mary know my location
16005	can you set a timer for me for fifteen minutes starting now
16006	how do i set up direct deposit for my cefcu account
16007	can you tell the temperature it will tomorrow
16008	make delta reservation from madison to atlanta
16009	i need to hear what's on my shopping list
16010	how much have i earned this week
16011	hey ai cancel it now
16012	are an an ai
16013	please revert to the original settings
16014	i would like to know when my flight scheduled to board
16015	how do i get to the park on foot
16016	can i refer to you as mike from here on out
16017	what is left in my gas tank
16018	do you know if bahama breeze does reservations
16019	what amount of gas do i have in my car
16020	update on vacation request
16021	how many days until my next payday
16022	how long will it take me to make baked chicken
16023	if i leave now, how long will it take me to drive to cape hatteras
16024	how do i say you're welcome in chinese
16025	how can i change car oil
16026	i have a lot of points saved up from my credit card rewards but don't know how to redeem them
16027	i can't find my mastercard and i want to report it as lost
16028	how long should i cook a spiral ham
16029	make sure april 1 is clear on my calendar
16030	who would you say that you are working for
16031	whats the most recent status for my virgin air flight
16032	yes, that is actually true
16033	what travel alerts are there in china
16034	please put taco night on the house calendar date of january 6
16035	how healthy is pho
16036	that is a completely false statement
16037	set default language to english
16038	can i substitute rice for potatoes
16039	my american express card needs to be reported as stolen
16040	i am thinking of going to brazil and was wondering if that is hazardous
16041	howdy, what's new
16042	i need to know what kind of gas i can use on this car
16043	can you suggest any good meals from chicago
16044	what are the carry-on restrictions for united
16045	i'd like to know what my credit rating is
16046	please tell me the bill's minimum payment
16047	how can i order more checks for my regions bank account
16048	initiate a new alarm please
16049	what's the inflation of my tires
16050	are mashed potatoes good nutrition
16051	what should i do if my card is lost
16052	if i want to travel to mexico do i need to get a visa
16053	i will call you cap
16054	i need soda added to my list and carrots removed
16055	what lowers you credit score
16056	check how much pto i have left
16057	am i able to increase the limit on my visa card
16058	what is the number of remaining rewards points on my chase card
16059	can you talk at a normal speed please
16060	i am going to germany soon do i need a visa
16061	please respond to me when i reference skynet
16062	how much have i spent on food recently
16063	i need to know my present gps coordinates
16064	tell me the subjects you're aware of
16065	help me figure out getting new insurance
16066	can you calculate 18 divided by 45
16067	speak in a different accent
16068	has my vacation request been updated
16069	i want to know if i shouldget a tourist visa for italy
16070	how much have i spent on books recently
16071	what kind of oil do i need to get and use for my car
16072	what’s my gas mileage
16073	go forward to the next song on the playlist
16074	i'm traveling to fresnosoon and want to inform my bank
16075	can you tell me the ai's name
16076	i was at zales trying to buy a ring and my card got declined
16077	i need a roundtrip flight for 5/2 to 5/8 from nyc to los angeles
16078	tell me something interesting about sperm whales
16079	let me pick your brain what do you think we should do for dinner tonight
16080	oven should be set to 350 now
16081	what are the things that i have for today
16082	i need to put my appointment for tomorrow on my calendar
16083	could you tell me what fun tourist things i could do in tokyo
16084	list me my recent transaction
16085	i need to send a text
16086	what is the amount on my water bill
16087	what's the due date for my american express payment
16088	what is the traffic like on the way to kaneohe
16089	what's ten times eight
16090	is it recommended to get specific shots before i travel to japan
16091	i'd like you to book me a room in austin near google's headquarters from january 01, 2020 to february 02, 2020
16092	contact the bank about fraud activity on my card
16093	what is my name
16094	does arbys in lakewood take reservations
16095	do i have enough gas in the fuel tank
16096	i'd just like to know how much gas is in my vehicle
16097	set an alarm to work out and another to go home
16098	is it possible to pay my bill
16099	are my tires ok on pressure
16100	you work for whom
16101	please increase volume
16102	thank you for your help
16103	how are you named
16104	turn the fan on please
16105	what country and city am i in
16106	cancel the reservation for joe and i right now for the zephers reservation we had booked
16107	i need a hotel with good reviews in baltimore
16108	is there a surcharge for using my card in italy while i'm there
16109	how long am i supposed to cook pork loin
16110	i need to know how much money i have in all of my bank accounts
16111	request pto from march 8th until march 11th
16112	i need some air; get the fan going
16113	how many minutes to melt cheese
16114	what amount am i taxed on my income
16115	i would like to switch to a different insurance plan
16116	where is the closest gas station
16117	i'm unsure of the proper answer
16118	so does outback steakhouse have good reviews
16119	find out what this song is
16120	how do i spell catheter
16121	find me a flight out of la to chicago on march 3rd for under $500
16122	what is this place
16123	i need to report that my dog chewed up my card
16124	i think my luggage has been lost
16125	how much do i need to pay on my bills
16126	i'm on a new job but i need help with my 401k rollover
16127	can you put carrots on my shopping list
16128	can i get a credit increase for my visa
16129	what's your hometown
16130	what is 1 million twelve hundred divided by 400 thousand
16131	it takes how long to get to the beach in santa barbara
16132	are you a human or a bot
16133	on my card what have been my recent purchases
16134	do i need to get a visa to visit canada
16135	play that song hey
16136	can i turn on the alarm now
16137	hey do you know how to jump start a car battery
16138	take fresh carrots off my shopping list
16139	how many calories are in chocolate cake
16140	does luigi's take reservations
16141	what's the prep time for a garden salad
16142	i need to know how to change my car's oil
16143	yes that is correct
16144	i need a blackberry pie recipe
16145	what is the meaning of my life
16146	i enjoyed our talk, bye
16147	blackberry pie instructions
16148	i want to apply for a wells fargo credit card
16149	i want you to flip a coin
16150	how much vacation am i currently entitled to
16151	i want to switch speaking to french
16152	my insurance plan is what
16153	what do i currently pay in taxes
16154	i did not understand say it again
16155	what do i need to buy at the store
16156	what's the nutritional info for spaghetti
16157	what's an interesting tidbit about rivers
16158	what is the underlying purpose to life
16159	do i have enough in my boa account for a new pair of skis
16160	do visitors to japan need to use a socket converter
16161	in the eastern timezone, what time is it now
16162	what's the expected calorie load of a peanut butter and jelly sandwich
16163	is there a way to raise my mastercard credit
16164	tell me what my credit rating is
16165	what are my gps coordinates at this location
16166	do you have a name that i can call you
16167	how would i go about spelling malignant
16168	when will i recieve another paycheck
16169	please tell me my income
16170	what is stupedous meant
16171	what's 50 euro in dollars
16172	from now on i'm going to call you ishmael
16173	i need to know about how much time i'd have to wait to get a table at dibruno's
16174	who do you work for
16175	italy is in what timezone
16176	lower the volume
16177	tomorrow i would like an alarm for 9 tomorrow
16178	am i talking with a real person
16179	how can i make my credit score better
16180	please roll the 10 sided dice
16181	when do i have to change oil
16182	what timezone is scotland in
16183	we no longer need fries on the shopping lisr
16184	can you play everlong by foo fighters
16185	tell me my reminders
16186	what are some funny jokes
16187	i need you to play the next song on this playlist
16188	what sort of hobbies are you into
16189	help with credit card points
16190	i'd like you to talk faster
16191	is there a way to get my pin number
16192	add this track to my rock playlist
16193	i forgot my pin number for my northfield account
16194	please be quiet now
16195	how long does bread last in the freezer
16196	what ingredients are present in marshmallows
16197	which way do you have my name saved
16198	why types of animals do you currently have as pets
16199	how do i set up direct deposit for my first national account
16200	can i use coconut oil instead of olive oil
16201	i need to find the correct td bank routing number for my pennsylvania account
16202	how many pints are in four cups
16203	how is dim sum at legend
16204	dial someone's phone number
16205	i can't find my discover card, how do i report it
16206	lets talk about your hobbies
16207	not at all
16208	how much do i need to pay in tax
16209	when is it right now
16210	take lunch with steven off of my calendar
16211	does visa charge transaction fees in the uk
16212	list the steps for applying for an american express card
16213	please talk to me in the male british accent
16214	what kind of gas should go in this car
16215	can you schedule a meeting with matt for 3
16216	no, that's wrong
16217	what timezone do they use in la
16218	can i harm my credit if i miss a car payment
16219	play the next track
16220	what kind of plug is used in japan
16221	what are my insurance rewards
16222	where was it you were made
16223	cash in my credit card rewards
16224	does gramercy tavern in new york accept reservations
16225	is there a due date on the bill
16226	you are so nice to think of me
16227	what's the nutrient info for a donut
16228	check to see if picking up glenn from the airport is on my list of reminders
16229	what interest rate am i getting from citigroup
16230	how do you say hi in french
16231	i am going to address you as my own name
16232	are there any transaction fee if i use my boston private card in scotland
16233	please give my routing number for my national account
16234	whats dollars won in 15
16235	please transfer 100 dollars between my amazon payments and savings accounts
16236	if i think my car battery is dead, what steps should i take to fix it
16237	what can you tell me about miami weather
16238	please walk me through the steps necessary to rollover my 401k
16239	list out what is on my shopping list
16240	how can i order checks for my savings account
16241	when will i get a replacement card for a lost one
16242	i want you to roll a dice
16243	true is my response
16244	speed up your talking please
16245	do you know what you call me
16246	how much gas does it take to get to jackson
16247	i'm going to be going to canada soon, do they require a visa for entry
16248	do you know when i can expect my next paycheck
16249	i want to change your name to theodore
16250	what is the amount of time i can request off in the coming year
16251	does it take a long time to get to the airport in la
16252	are there any ubers available that fit 5 people we are going to wendys
16253	remove the june 12 event called sasha's wedding from my calendar
16254	who do you report to
16255	is an international visa needed for canada
16256	does delta charge for carry ons
16257	what's the best way to pay my bill
16258	is my milk safe to drink after being in the refrigerator for a week
16259	how long before the next day off is here
16260	i'd like my 401k to be rolled over
16261	would you repeat what you just said
16262	hey, ai
16263	who designed you
16264	when do i have to pay my internet bill by
16265	im going to be in jamaica from october 4th until october 8th
16266	i can't find my mastercard and i want to report it as lost, please
16267	is it fine to sub bread flour with all-purpose flour
16268	what's the nutritional info for a cup of noodle soup
16269	go ahead and say all of the points on my list of to-do's please
16270	how many ss are in narcissism
16271	is it possible to book 10 people from monday to tuesday in manhattan
16272	check the status of my order
16273	can you increase how much i can spend on my visa
16274	do you have animal companions
16275	how do i go about changing my insurance to a new low monthly premium plan
16276	what can i buy with credit card points
16277	what's the usual time for tuna casserole
16278	are there many international transactions fees for the freedom card
16279	hoe many vacation days are left for me
16280	how do i locate my routing number for tax reasons
16281	can you describe your hobbies to me
16282	i need to call mark
16283	when can i get oil changed
16284	i'm traveling to denmark soon and want to inform my bank
16285	definitely not
16286	help me make changes to my insurance policy
16287	substitute for milk in pancakes
16288	i don't know how to spell malfeasance
16289	let me know my current location
16290	message carl, you suck
16291	what is the temperature the ac display is showing
16292	how long before i'm on e
16293	tell me if you can help pay a bill
16294	how do you make pot roast
16295	on my list of reminders is what
16296	you know the reservation i have on 2:00 friday i confirm it
16297	i'd like you to refer to me as bob
16298	how long has it been since my last auto maintenance
16299	schedule flight from madison to atlanta on delta
16300	what are you’re hobbies, ai
16301	what benefits do i have for insurance
16302	tell me if i am able to rollover my 401k
16303	have you been good
16304	tell me the exchange rate between dollars and pesos
16305	my card's magnetic strip is not working and i want to notify them
16306	oh no, report my card, it's stolen
16307	i need to set a reminder to go to the post office
16308	how long will the trip to portland be
16309	i am out of trash bags and need them to be added to my shopping list
16310	let me thank you
16311	get an uber for 4 passengers to get us to the phl airport
16312	could you get everything on my shopping list
16313	i believe that to be false
16314	when will my order arrive
16315	are there any current travel alerts for brazil
16316	what is the name of the person who created you
16317	are there any travel alerts for mountain view
16318	please call felicity
16319	what is the purpose of creation
16320	how long will it take to get to outback in phoenix
16321	cancel my 6:00 reservation at the cheesecake factory
16322	when is my meeting with bob
16323	dont forget to set a reminder to pay the bills
16324	give me a cool fact about seattle
16325	please set the volume to 4
16326	who supplied your instructions
16327	please add milk on my shopping list, if it is not already on it
16328	who is your supervisor, please
16329	coin flip
16330	can i substitute milk for almond milk
16331	please help with paying my cell phone bill
16332	when i should change oil
16333	i got to vegas airport but my bags didn't
16334	it seems to be that i have had pizza in the fridge since monday, so is it safe to eat
16335	how busy is shokudo at 12
16336	what's the traffic at lexington
16337	has my vacation request been denied or approved yet
16338	what is the traffic nearest lexington
16339	how much longer until my credit card application is checked
16340	tell me my current credit rating
16341	for friday, add a doctor's appointment to my calendar
16342	set a reminder to pick up the kids
16343	tell me how to apply for a visa card
16344	show me all hotels in evans with good reviews
16345	tell me the nutrional info of a regular banana
16346	forget it, i do not need it anymore
16347	are there any negative reviews for wendy's
16348	i need to know the point of life
16349	i need to hear my shower playlist
16350	do you know how much i have in checking
16351	my card was stolen, how do i report this
16352	i want that volume bumped up to 4
16353	i need to know how many carry ons i can take on a flight with southwest airlines to houston
16354	i need your help finding my lost phone
16355	how do applications for discover cards work
16356	see you later!
16357	can you find me a recipe for cheese cake
16358	how do i find lost luggage
16359	can you assist me in paying my electric bill
16360	change your accent now
16361	has my manager at mcdonald's confirmed i can take vacation
16362	what is my routing number for home federal account
16363	is there a specific way to set up direct deposit
16364	i need meteorological data for tallahassee
16365	what routing number does chase in michigan use
16366	turn tv on please
16367	what are the steps i need to do to change the oil in my car
16368	i would have to say yes as my answer
16369	when am i boarding my flight
16370	how long until the credit card company replaces my lost card
16371	how much do i make at work
16372	how much do i pay in taxes, please
16373	cancel my reservation for dinner, please
16374	can i order new checks since i am out
16375	change the volume to 4 now please
16376	can you make a phone call to randy
16377	help! i'm a victim of credit card fraud!
16378	how much do i owe on all of my bills
16379	what year is it
16380	i want to travel this year but i need some suggestions
16381	how much did i spend this week
16382	what do you prefer to be called
16383	can you flip a coin once
16384	show me popular sushi recipes
16385	terminate current process
16386	how do i ask about the weather in chinese
16387	can you tell me what you think the meaning of life is
16388	how many days off have i taken
16389	what percentage gas do i need
16390	please turn the tv on
16391	i wish to know my credit limit for my credit card
16392	what time will my flight be boarding
16393	i am going to be traveling in turkey, are there any alerts
16394	can we skip this song
16395	text my dad for me and tell them i love you
16396	make a transfer of $200 from my savings account to my checking account
16397	later gater
16398	would you please schedule a reservation for 2 at lucky's under the name sam at 7:30pm
16399	is it recommended to get any shots before i travel to africa
16400	can you turn on the lights in the backyard
16401	how much is usd vs cad
16402	have i been giving lot of money to food to food lately
16403	what is the due date for a bill
16404	how do i get my check directly deposited
16405	i have to roll over my 401k to a new account and i don't know how
16406	please call christy
16407	i don't know how to spell apparently
16408	what track am i listening to
16409	fly me from pit to pdx on delta for under $300
16410	give me some good restaurants
16411	will you aid me in paying my insurance premium
16412	does life have meaning
16413	call hr so i can figure out how many days off i've taken
16414	talk to me in italian
16415	instruct me what to do
16416	it was lovely to speak with you
16417	can you look into the status of my vacation request
16418	book a flight from miami, fl to columbus, ga on 16 february 2019 and returning on 2 march 2019
16419	what is needed to set up direct deposit
16420	tell me what's on my reminders list please
16421	switch to male british accent
16422	do i have enough money in my first hawaiian bank account for a vacation
16423	please schedule a meeting with kim at 10 am
16424	how can i set up a meeting
16425	what's the date of my next paycheck
16426	i'd like to book the next availability for an oil change
16427	do i need any vaccines before traveling to brazil
16428	could you repeat what you just said again
16429	what day of the month is it today
16430	i am confused because my account seems to have been blocked for no reason
16431	when is the next scheduled day off
16432	can you tell me what 30% off 279 is
16433	please go and change the pin on my bank of america account to be 1234
16434	i need to know when is the next holiday here
16435	i want to know how low the air in my tires are
16436	what is the exchange rate between usd and the euro
16437	is there any traffic on the way to the bank
16438	i need to know how to spell xylophone
16439	what
16440	please let me review all items on my mastercard from this billing period
16441	ai, show me online options to order more checks for my usbank account
16442	the answer to that is a resounding yes
16443	how small of a payment can i make for my chase card bill
16444	i will be in aiken on may 12 to may 16, i need to rent a car
16445	how do you say hello in french
16446	are any rooms free from 12 to 1
16447	tell me who made you
16448	i wanna hear something funny
16449	i want to set your name to gaffigan
16450	the cars riding funny, does the tire pressure feel low to you
16451	set up whisper mode
16452	please set up a timer for me
16453	tell me how to make beef wellington
16454	i'd like to know how much you get when you roll a ten sided dice
16455	my luggage is lost i was on delta flight ab123 from detroit
16456	how bad is the traffic
16457	order more bread please
16458	go into whisper mode now
16459	how can i get you to help me
16460	for going to that country, do i need a visa
16461	look up the amount of pto i have already used
16462	where can i get the form i need to do my taxes
16463	i was at whole foods trying to buy groceries and my card got declined
16464	can you add a doctor's appointment to friday's calendar
16465	i want to report a stolen card
16466	i have just switched jobs and need assistance with my 401k rollover
16467	can you tell me a joke about a lawyer
16468	how are things with you
16469	will jet blue allow more than one carry on
16470	create a reservation novemeber 11 to 15 in cali
16471	i gotta have a 10 minute timer
16472	where is my order
16473	what is my dte bill this month
16474	cancel that input
16475	is there heavy traffic on the way to the city
16476	my car needs jump started, find me directions
16477	place a call to bill now
16478	i think my chase account has been compromised and fraud committed
16479	how do you say please in arabic
16480	i need to know my spending limit on my visa
16481	are reservations allowed at burger king
16482	how can i make my own doughnuts/what ingredients
16483	text robert and tell him winter is coming
16484	block my monkey market right now
16485	can you inform me what my apr is on my visa
16486	could you play the next song on this playlist
16487	how long will it take to get to long beach terminal from long beach airport
16488	what mexican restaurant within 5 miles has the best reviews
16489	how do you convert inches to centimeters
16490	change your settings so that your respond to the name marion
16491	lets set a timer for me
16492	could you please mail me some checkbooks
16493	you can call me alan
16494	the chip on my card is damaged and i need a new one
16495	help me locate my credit score
16496	would you please reboot yourself to factory settings
16497	what did i put on my list of reminders
16498	why did macy's decline my card
16499	i must add farm trip to my calendar for friday
16500	what do they call you
16501	skip this song
16502	i need a new house insurance plan
16503	ai, would you kindly roll the dice
16504	i have to schedule somewhere get my tires checked out
16505	could you please get out of whisper mode
16506	please find the routing number for chase bank accounts opened in new york
16507	how is my calendar looking for may 6th
16508	how much did i spend on gear two weeks ago
16509	i missed what you said, can you say it again
16510	how many vacation days do i have to spend
16511	i just got a new job and need help transferring my 401k
16512	can you help me with a rental car
16513	will my amex institute international transaction fees on a charge
16514	do you know french
16515	book me a hotel in chicago near the water tower shopping from april 2nd to 4th
16516	rock music playlist
16517	do i already have a task on my todo list to research delaware
16518	what kind of gas is needed for this car
16519	will you order more checkbooks for my silvergate account
16520	have i been sent my w-2 in my email
16521	do i really need a plug converter when in london
16522	share my location with google
16523	can you read the things on my shopping list
16524	what's the traffic typically like at 3:30 on the route to phoenix
16525	you can call me carrie
16526	does my western union card have international transaction fees
16527	i am saying no
16528	do i need to replace my tires if i replaced my tires in january
16529	in what state were you born
16530	i'd like to rent a limo in las vegas from may 01, 2019 to may 03, 2019
16531	would you reset your factory settings
16532	how long before my updated cc takes to arrive
16533	please stop
16534	do you know my name
16535	can you check how much pto i have already used
16536	how do i schedule vacation days
16537	please tell me why my card was declined
16538	can i change what you call me
16539	when do i have some time off next
16540	how many days of vacation have i saved
16541	i need to know if you are a real person or an ai
16542	absolutely not
16543	put whisper mode on
16544	have i used half of my days off yet
16545	how many calories in chicken
16546	how do i change my oil out and what kind should i use
16547	what do you like to do in your free time
16548	how much longer till the next day off
16549	no more talking
16550	find me a good spot for southern comfort food in los angeles
16551	how long will the chicken take to cook
16552	help me change my pin number
16553	how do i replace my insurance
16554	i need you to text mickey saying 'can we reschedule
16555	what holiday's are comming up next
16556	i want to eat mediterranean fare with at least four stars, near me
16557	can you make a reservation at the restaurant for tonight
16558	what is the routing number for royal
16559	was my bank account frozen for a specific reason
16560	what is spanish for good morning
16561	i need to know how to convert liters into pints
16562	look up my total number of days off so far
16563	any travel alerts for south korea
16564	what is the title of this track
16565	what's the amount due on my vet and vehicle registration bills
16566	can i have a reminder set up
16567	do you know how much i owe on my cable bill
16568	i need to know how much tax i pay from my earnings
16569	is there a wait time at bjs right now
16570	can you set a reminder for me
16571	help me flip a coin
16572	how long will it take to make the wings
16573	tell me how the russians say notebook
16574	let's switch out of whisper mode
16575	who do yo work for
16576	can you schedule a meeting with george for 4
16577	how many calories are in apples
16578	why was my card declined just now when i tried to buy a jeep at carmax
16579	set a reminder to remind me to check when my car payment is
16580	what is the turn around for a new card
16581	what did your friends call you
16582	has ruby tuesday got good reviews
16583	how much is the minimum payment due for my citicard this month
16584	what is the recommended time frame to change my oil
16585	on my to do list, i need cleaning added
16586	how many birthdays have you had
16587	end my reservation with carl at umami
16588	what does 'rescind' mean
16589	please talk quietly
16590	can i get a reservation at champs
16591	i want to change your name to sarah
16592	it's indeed true
16593	i would like to try and confirm that i have a reservation at chili's for bart
16594	how long do the brownies have to cook
16595	when should the flight land
16596	what timezone would i be in if i traveled to moscow
16597	set a timer for 15 minutes
16598	did i jot down a time to see my accountant on my to do list
16599	what is the best way to deal with my lost luggage
16600	i don't know how to answer to that
16601	i want to hear the song that has, 'baby shark, doo doo
16602	what is 20 ounces in grams, please
16603	when do i need to pay my car insurance bill by
16604	any idea where flight dl123 is right now
16605	how many days will it take to get a new credit card to replace the one stolen from me
16606	what's my rewards balance on my discover
16607	does spain expect any travel alerts
16608	how do i get to the museum on foot
16609	change the language to english
16610	good job with assisting me
16611	need help with frozen bank account
16612	help me to book a car rental in sacremento
16613	can you get me a table for 8 at mastro's at 8:30pm
16614	can substitute cumin for tumeric
16615	uber, i have 3 people who are going to union station
16616	if i visit cairo will i need a plug converter
16617	would you buy me a phone
16618	i need to know when to expect my next paycheck
16619	did i put vacuuming on my todo's
16620	how can i locate where i am
16621	how far can the car get per gallon on the highway
16622	what time does my flight board
16623	how much is my current cable bill for
16624	can you tell me if i have paper towels on my shopping list
16625	make the speakers louder
16626	does sidetracks take reservations
16627	could you tell me the status of flight dl123
16628	i need to place an order of checks for my bank of america checking account
16629	could you inform me of when i last got my car checked
16630	what state were you born in
16631	what sorts of activities do you enjoy
16632	what can i make for dinner
16633	i was flying out of chicago on american airlines flight ab123 and my luggage is now lost
16634	my amex rewards; how do i get them
16635	what are your hobbies
16636	i want to know if you are a cat or dog person
16637	please cancel your present task
16638	when is my meeting with dan scheduled for
16639	set a one minute timer
16640	i would like brenda to have my location
16641	track my package please
16642	flip that coin please, i choose heads
16643	my card was declined at the store yesterday, what happened
16644	do i need a visa to leave the country
16645	are there meeting rooms available between 4-8
16646	are the items on my todo list listed alphabetically
16647	whats your take on the meaning of life
16648	my discover card has been stolen
16649	if my car battery is dead, what action do i need to do
16650	name this song
16651	increase volume to 4
16652	can i schedule a car repair
16653	can you reveal my credit score
16654	take out of my checking 400 dollars and put it into my emergency savings account
16655	i went to target to buy a mug but my card did not work
16656	turns out my card was declined at wal mart and i wanna know why
16657	what's the next day i am scheduled off
16658	limit your volume
16659	could you tell me the routing number for my chase checking account
16660	that is wrong
16661	play songs by the beatles
16662	how high is my balance on my discovery card
16663	what is the availability of meeting rooms during the afternoon
16664	please connect with my phone
16665	what's my car's gas mileage
16666	what date is it
16667	what is the temperature setting of the ac
16668	i want to hear jokes about toddlers
16669	reserve a table for 3 under the name wheeler at andrea's steakhouse for 5pm
16670	can you play music
16671	what's the caloric content of an apple
16672	can you help me pay my phone bill
16673	when do i need to change my oil again
16674	what is the total number of days i have taken off so far
16675	what meetings do i have today between noon and one
16676	what did i write down on my shopping list this time
16677	would you play my maroon 5 playlist
16678	find out the reason why am i locked out of my bank account
16679	pair with my phone
16680	do you work for another person
16681	can you set a reminder for the current time tommorow
16682	i creased my card today, contact the bank
16683	reset the factory settings if possible
16684	do i have a car wash scheduled on my to do list
16685	please find the current balance on my con edison bill
16686	yo
16687	do people like the food at wendy's
16688	what prong jump starts the car
16689	how do you spell out shepherd
16690	what's the weather looking like
16691	if my credit card was stolen, how long will it take to replace
16692	how much paid time off have i taken
16693	tell me how many calories in a medium size apple
16694	see if you can get me a room in colorado springs near garden of the gods from march 01 to march 02
16695	what's the time zone in miami
16696	has the leftover hamburger from last saturday gone bad
16697	siri, find my iphone
16698	what type of electrical plug do they use in spain
16699	what is your current income
16700	what shots are recommended before traveling to kenya
16701	what you just said is true
16702	can you give me a chinese meal suggestion
16703	what do i owe for my utilities bill
16704	make an appointment for an oil change
16705	what steps should i take if i want to request vacation
16706	should i pump my tires
16707	i'd like you to use the whisper voice
16708	where do i find my w-2 form
16709	what does my schedule look like for april 1
16710	please turn off your wifi from my phone
16711	please tell me my in-person transactions for the last three days using my debit card
16712	convert 100 dollars to euros
16713	i'd like to report my card as stolen, please
16714	is it possible to have a higher limit on my visa
16715	what timezone is the country in
16716	what sorts of pets do you own
16717	i need a well-rated hotel in vegas
16718	you have to connect to my phone
16719	list out my shopping list for me
16720	tell me your funniest joke
16721	compose text message
16722	i want to know the status of my day off request
16723	change the name of your system
16724	i can't seem to find my phone
16725	is there any good place in hawaii for pasta
16726	give my location to bill and craig
16727	please tell me all the transactions i've made recently
16728	is there a quick way to improve my credit score
16729	catch you around
16730	what types of pets do you keep
16731	if i can, i'd like to get some more checkbooks mailed to me
16732	how do you feel
16733	can i start talking to you in french
16734	can you call my mom
16735	is there enough money in my account for expenses
16736	can you tell a joke
16737	i need to make a quick decision, so roll a dice!
16738	how old were you on your most recent birthday
16739	i'm happy with your answer
16740	would you tell me what the status of my day of request is
16741	sorry, that is not true
16742	i need a spider fact
16743	what kind of things can i ask the ai
16744	how long does it take to get to spago's in los angeles
16745	bella needs to be called
16746	is it easy to change the oil in my car
16747	help me figure out when exactly my credit card will be expiring
16748	how much did i spend on movies last week
16749	open up a reminder, pay taxes on monday
16750	how to direct deposit my paycheck
16751	when is my paycheck coming
16752	i have charges on my amex card i didn't make
16753	what kind of gas mileage does this car get when going through a city
16754	take lunch off my calendar on the 3rd
16755	i need to know how long until my next vacation day
16756	will you add mopping to my to do list please
16757	can you me what they call you
16758	do i need jumper cables for my dead car battery
16759	how much will i pay in federal taxes
16760	i will call you jimbo from now on
16761	that is not the case
16762	where is the nearest denny's to gillette stadium
16763	does more than one carry on cost extra at ryanair
16764	is there traffic on my way to work
16765	i would like to set up direct deposit
16766	very true
16767	i want you to change the ai name
16768	lets flip for it
16769	tell me the forecast
16770	can i set a reminder
16771	calculate my points for visa
16772	what do i do to report a lost card
16773	i want the volume at 4 please
16774	how many calories are in a ghirardelli sea salt caramel candy
16775	how old are you, again
16776	what is the reward balance on my discover card
16777	i am very confused about why or how my bank would lock me out of my account
16778	exit out of whisper mode
16779	can you please check on the status of my online order
16780	i wanna know your name
16781	what does my shopping list consist of
16782	how long to get a new credit card
16783	do cheetos have a lot of calories
16784	tell me this songs name
16785	please check the door to see who is there
16786	so it turns out i can't remember what my pin is for my bank of america checking account
16787	where do i find the routing number for navy federal
16788	lets do a coin toss
16789	what's on my reminder list today
16790	help me calculate my federal tax bill
16791	whisper mode off
16792	what age were you on your last birthday, ai
16793	how much is the euro in dollars
16794	i need to put a freeze on my banking account
16795	change your spoken language to english
16796	how tiny a payment can i make on electric bill
16797	can you confirm my reservation for minnis at 4:00
16798	can you tell me what my federal tax burden is
16799	how many teaspoons in a cup
16800	i need my credit limit changed
16801	what is the full date after today
16802	what holiday comes next
16803	what are some hot travel destinations
16804	can i start calling you dave
16805	i need to know is traveling to france safe
16806	where can i get the employment document that i need to do my taxes, please
16807	when is today's meeting with john
16808	call my friend aj
16809	i got my new tires a month ago, when should i replace them
16810	credit limit info
16811	how do i go about resolving my luggage that didn't arrive
16812	you need to reset your factory settings
16813	no, don't do that
16814	i really wanna know my credit score
16815	tell me if i can get a higher limit on my visa
16816	when is my flight supposed to leave
16817	what does it take to make buttermilk pancakes
16818	i am needing for you to say that again
16819	what do people call you
16820	give my boyfriend my gps coordinates
16821	what is the square root of 2784
16822	please do a search for entertaining activities for tourists in mexico city
16823	move on to the next song
16824	how many days have i used
16825	can you please order me an uber to get to jfk international
16826	what is 5 x 4
16827	turn off my bank account
16828	cancel it
16829	please talk to me in spanish
16830	please look into the current wait times at chili's right now
16831	erase any event on my calendar that's set for wednesday of next week
16832	please play the song that goes like this: jingle bells jingle bells jingle all the way
16833	i shall switch to the male voice
16834	what is the way i can change my oil
16835	how much pressure are currently in my tires
16836	i need you to tell my what my routing number is for my first county account
16837	you are a bot aren't you
16838	how long before i need to replace my tires after i replaced them on 2/24/18
16839	i need to know when should i get my tires changed next
16840	please initiate a phone call to my boss
16841	get rid of butter on my shopping list
16842	assistance in rolling over my 401k
16843	what are the steps i need to follow to make chewy rice krispies treats
16844	find me a new place for dinner
16845	what is my routing number for marine bank
16846	help me move my money
16847	let me know the current time in the central timezone
16848	i want help rolling over my 401k
16849	how many kilos are in 20 pounds
16850	what's on the reminder list
16851	i would like to be reminded
16852	set a reminder for me to call my brother at 8 pm
16853	is there another entity you work for
16854	get connected to my phone
16855	set a five minute timer please
16856	i want to know how the mcdonalds reviews are
16857	tell me when the milk will expire
16858	how do i order new checks
16859	what is break a leg mean
16860	what is the credit limit for my bank of the west card
16861	when am i next having a meeting in december
16862	ai, call my usbank to order more checks
16863	please tell me what shots i am required to get to travel to india
16864	i will now call you adam instead of your old name
16865	do i have any meeting to go to today
16866	please phone lizzy
16867	please remind me at a later time
16868	what has my income been like
16869	go ahead and increase your speaker volume
16870	can i use yogurt in place of sour cream
16871	is it possible to make reservations with famous dave's restaurant
16872	my luggage was on delta flight abc123 out of houston and now i can’t find it
16873	your accent needs to be changed
16874	please make a report that my card is split
16875	how much will i pay the government back in taxes
16876	can you change my credit limit
16877	tell me how to get my paycheck on direct deposit
16878	can a bus get me to the statue of liberty
16879	what's the limit on my american express card
16880	how do you make blue cheese dressing
16881	please tell me my meeting schedule
16882	how full are my tires
16883	try it with a male voice
16884	it was cool talking with you
16885	that is true, yes
16886	can i substitute ginger for garlic
16887	how old are you exactly at the moment
16888	how are the burgers at carl jr's
16889	are my tires low
16890	are you working for someone other than me
16891	i need you to reserve at table for a party of four at devon's for 6:00 pm
16892	what's the possibility of getting a credit limit increase on my visa
16893	place a block on my capital one account right now
16894	what time is it in france
16895	hola
16896	i need my account frozen
16897	restore your factory settings, please
16898	what street is this
16899	list all of my health benefits
16900	set my alarm for 6am tomorrow
16901	show me where i am on a map
16902	how long should i cook the pasta for
16903	i would say that the statement is definitely false
16904	what was the temperature yesterday
16905	hi there
16906	play one song forward
16907	list all purchases of video games
16908	tell me when you were born
16909	can you say that over
16910	due to getting a new job i need assistance with my 401k rollover
16911	can i pay a bill
16912	i need my furnace turned on
16913	i need help paying my rent bill
16914	i want you to set a meeting with john at 5 pm
16915	do you have anything funny to tell me
16916	is there any money left
16917	freeze my bank account
16918	please send ann a text and tell her i will be home in 20 minutes
16919	dial the last number that called me
16920	suggest a good mexican meal to me
16921	please search for a chocolate fudge brownies recipe
16922	what is latin for i love you
16923	let me know why my card got declined
16924	what is the exchange rate between british pounds and yen
16925	what sort of fuel does this car take
16926	how do i make my insurance policy different
16927	do i need an international visa to go to spain
16928	set my alarm for six tomorrow morning
16929	could you translate water into dutch for me
16930	i just got this new job but i need help with my 401k rollover
16931	was my order brought here
16932	can i get a credit limit raise on my credit card
16933	is my w2 available at the post office
16934	how much money have i dropped recently
16935	i need to report fraudulent activity on my visa card, please
16936	put this song on my reggae playlist
16937	look up travel alerts for canada
16938	are there meeting rooms available between 9-10
16939	show me tracking on my order
16940	thanks for your cooperation
16941	how much time have i taken off this year
16942	could you repeat that, please
16943	is there any meaning to being alive
16944	i would like to know carry-on information for delta
16945	make me a reservation in tampa from may 2 to may 4
16946	when did you originate
16947	560 divided by 3
16948	list happy on my rb playlist
16949	is there a good website to teach me how to make sushi
16950	start using whisper mode
16951	can you track the location of my phone
16952	tell me my electric bill minimum payment
16953	tell me my miles per gallon on my car
16954	what are you capable of answering
16955	hurry up and just erase everything from the todo list
16956	find an indian restaurant
16957	i have tomatoes from tuesday, do you think those are still good
16958	is the ride short to the airport in la
16959	how good is the apr on my credit card
16960	what sort of animals are your pets
16961	find a new voice that is slower than your current voice
16962	what signs should i look for to know if i should change my tires
16963	do you work for me or is that wrong
16964	how many meters are in 10 millimeters
16965	what transactions have i made on liquor in the past month
16966	do you know you are not human
16967	please roll dice
16968	do you own a cat or do you own a dog
16969	what is tomorrow's date, please
16970	do you have any restaurant recommendations
16971	how much is my amex's apr
16972	what is my bill's minimum payment
16973	does my trip require vaccines
16974	give me the nutritional information for mashed potatoes
16975	was my last oil change on wednesday
16976	get me flight from philly to atlanta on june 5th i'm coming back june 8th
16977	shit if i know
16978	stopped by target to get a mug but my card declines
16979	can you tell me what day my next paycheck will come
16980	would you repeat that, please
16981	who is it that programmed you
16982	how do i get a w-2
16983	when should i expect my flight to come in
16984	where were you made
16985	what is the status of my delivery order
16986	when must i get my tires changed
16987	when did i last have car maintenance
16988	what's the credit limit on my visa
16989	is it possible for you to let me know what health plan i'm on
16990	tell me what time zone portugal uses
16991	how to keep credit score high
16992	what are some ways to increase my credit
16993	i want you to call me something else
16994	can you please talk faster
16995	using this map i'd like to see my exact whereabouts
16996	how long can i expect a bus ride to the liberty bell to take
16997	give me the definition of ajar
16998	please tell me trivia about hamburgers
16999	what temperature is the ac set at
17000	can i swap yogurt for sour cream
17001	i need to share my location with trey
17002	i need an appointment to get my oil changed
17003	what's my tires' air pressure
17004	my credit is going down what should i do
17005	where are your origins found
17006	i think we should whisper
17007	what do you want me to call you
17008	can i use any fuel in my car
17009	please talk faster
17010	how should i proceed if my car won't start and i think it's the battery
17011	how do i say dinner in spanish
17012	i need to know how to spell friend
17013	can you cancel it
17014	is austin in the central timezone
17015	can you add a trip to the post office to my to do list, please
17016	will you roll a 4 sided dice
17017	initiate a phone call with receptionist
17018	where should i book my next trip
17019	what is six divided by 16
17020	what kind of fuel do i need to put in my car
17021	are the reviews good or bad for burger king
17022	i need a list of vaccinations for a trip to paris
17023	how do i find out what my credit score is
17024	are my tires in need of air
17025	will i have to wait for long before being seated at the cheese cake factory
17026	the dice need to be rolled
17027	can u please set the timer for 5 minutes
17028	how do i order more free checkbooks
17029	can you find out if my application at smith bank was approved or not i applied for s credit card a month ago
17030	i want to change your name to another name
17031	how do i reset my pin number for my account, please
17032	my card is lost and i need to know how to report it
17033	can i take more than one carry on
17034	tell me to take out the trash in an hour
17035	find my cellphone
17036	are you real or automated
17037	what is miami weather like
17038	how do i jump my car
17039	i need to know when i last took my car in for a check up
17040	how much did i earn in income only last year
17041	it takes how long to get to mcdonald's in pomona
17042	is rice ok after 3 days in the refrigerator
17043	my marriot rewards card has how much for a point total
17044	rollover my 401k assistance
17045	do i have any meetings today between 9 and 10
17046	will you roll a 10 sided dice
17047	what is the date
17048	what name was given to you
17049	my phone cannot be found
17050	whoa whoa please slow down
17051	tell me the calorie content for an apple
17052	have i been spending a lot on groceries lately
17053	go to the next tune
17054	please tell me the reason for the hold on my bb&t account
17055	can you tell me the timezone that hartford is in
17056	what music is this
17057	could you set up a timer for me
17058	how do you say good bye in french
17059	my reservation for dinner needs to be canceled
17060	has my request for time off been approved
17061	tell me a funny joke about men
17062	i can't change my oil and don't know what kind i need
17063	are you a cat person
17064	what's the traffic like on my way to the terminal
17065	do you my name
17066	could a hotel be booked for me in afghanistan at the zoo for the 10th to the 15th
17067	will getting a credit card help my credit score
17068	the reservation at zepher cancel joe from that
17069	do i have anything on my calendar for may 3
17070	i don't have ice cream so will you order me some more
17071	why did my card not get accepted
17072	what does it say on the clock
17073	if i lost my luggage, where can i get help
17074	change your language prefrences japanese
17075	i want to send a text
17076	don't continue with what you're doing
17077	i am wanting to change your name to felix
17078	i need to reserve a large room or suite for 2 couples for august 15th through august 18th in seattle
17079	what's my tax rate
17080	may you stop a paymet on my account
17081	remind me to wash the dog, put on list of things to do
17082	go back to factory settings now
17083	please tell me if i need any shots before i go to mexico
17084	how many quarts are in a gallon
17085	flip a coin now
17086	how long is it safe to leave shrimp in the fridge
17087	is it possible to substitute apple cider vinegar for lemons
17088	what's my take home from work
17089	how long can i expect to wait for a new card
17090	what's the best place to just get away from it all
17091	when should i go in and have my tires changed
17092	shhhh
17093	tell me the date it will be 5 days from now
17094	how do i properly give my car a jump
17095	go to the whisper voice
17096	how long have you been here
17097	what type of outlets do they have in the uk
17098	who do you do task for
17099	what's the method for requesting a vacation
17100	would you mind telling me the time
17101	how long can i expect chicken breast to be good for before expiration
17102	define qat for me
17103	let me know what flights there are out of dallas to miami on march 10 for under $450
17104	what would the routing number for chase be
17105	later!
17106	how many days do i have to wait for my card
17107	what's my apr on my discovery card
17108	how many days can i slack off this year
17109	what timezone is new york in
17110	what hotels have decent reviews in bangor
17111	please make me a reservation for monty's at noon for 55555
17112	tell me if you are human
17113	what is 2 francs in euros
17114	what vaccinations do i needs to travel to paris
17115	whats the max i can spend on my visa
17116	are there rooms available between 5 and 530
17117	what date is tomorrow
17118	let me know when should i get my tires changed next
17119	enable whisper mode
17120	book me an uber to olive garden
17121	increase the volume level to 4 now
17122	share my location with my sister
17123	search for the nearest expressway to the airport
17124	i need to apply for a bank of america travel rewards credit card
17125	do i need to have any shots to visit chile
17126	how should i say hello in french
17127	when will i recieve my next paycheck
17128	how many days was i sick or on vacation
17129	i want to text natalie
17130	will i be charged if i use my card in china
17131	how do i get a w2 form and from where
17132	has my vacation been okayed yet
17133	hi, can you tell me the interest on my ira
17134	give me the traffic at lexington
17135	i'd like to make an appointment to get my oil changed
17136	i need to see all visa purchases for march
17137	i want the volume at level 4
17138	what's the traffic like on the way to the amusement park
17139	please switch to whisper
17140	return to your original settings, please
17141	can you switch to female voice
17142	what should i do for fun in tokyo
17143	what do you recommend to do in vegas
17144	how many meetings do i have scheduled between 10 and 3
17145	what do i have scheduled on march 2nd on my calendar
17146	would it be possible for you to mail me new checkbooks
17147	what is the length of time it takes to get to phoenix
17148	i demagnetized my card and want to report it
17149	how many calories do cheetos have
17150	i need a tutorial to learn how to change my oil, please
17151	help me get my paycheck set up for direct deposit to my chase account
17152	how are the reviews for pasta at assagios
17153	thanks for the assist
17154	hotel room for 5 in austin for 3/1 until 3/8
17155	where do you suggest i plan my next vacation
17156	i will need a rental car since i'm going to travel to new york
17157	how come i am being denied access to my bank account
17158	does mexico require an international visa
17159	report that i split my card
17160	i'd like to know when you were born
17161	pull up my recent transactions on my mastercard
17162	is cooked chicken still good after being refrigerated for two weeks
17163	what's the status of my medical leave
17164	give me tips on maintaining good credit
17165	tell me your hobbies
17166	does international travel always require a visa
17167	delete my golf tournament event from tomrrow
17168	tell me the process of applying for a apollo card
17169	i need to make a reservation to long horn's, can i
17170	i need more checks because i am out
17171	do you know what my health benefits are
17172	tell me the procedure for changing oil in a car
17173	i am wanting to know what song this is
17174	i need some guidance when it comes to direct deposit
17175	will i need a socket converter when i go to france
17176	i need kilograms to milligrams
17177	how many days do i have left of pto
17178	that would be yes
17179	is it dangerous to travel to mexico
17180	are there any transaction fees associated with my usaa card if i am in india
17181	can you list off 4 star restaurants
17182	why is my bank account stopping all transactions from going through
17183	can you put smooth operator by sade on my playlist
17184	i need to know my health benefits
17185	when are my tires due to be changed
17186	how much do i make every 2 weeks
17187	can you roll the 12 sided dice please
17188	can you find out how much i owe on my bills
17189	the answer to that is affirmative
17190	i'm having trouble locating my w-2
17191	make a reservation for 2 at red lobster at 8pm
17192	what is the correct routing number for my citizens bank account, pennsylvania
17193	what's the minimum amount for my electric bill
17194	what is the proper way to convert centimeters into inches
17195	what can i do in new orleans for fun
17196	pay my insurance bill
17197	give me an interesting fact about antarctica
17198	can you tell me my insurance benefits
17199	please go ahead and make my student loan payment
17200	you must skip this song and play the next one
17201	application for a mastercard
17202	what's the currency conversion between usd and pounds
17203	when will we begin to board my scheduled flight
17204	are my tires low on air
17205	i need new health insurance
17206	give me a list of international transaction fees for my amex
17207	can you call russell
17208	reset to your natural settings
17209	include smooth operator by sade in my playlist
17210	make a reservation for wheeler party of 3 for 5pm at andrea's steakhouse
17211	i want to shop for new insurance plans
17212	set a time to get my oil changed
17213	when's the next time i get a day off
17214	please change the ai name
17215	what is 20+ 5
17216	can you play the song that sounds like thun thun thun
17217	raise the volume
17218	what's the water bill
17219	how do i find axos bank's routing number
17220	will you please do the male british accent
17221	i think there's a fraudulent transaction on my account
17222	how many calories are in chicken breast
17223	you saved my name how
17224	would you be classified as a bot
17225	does ruby tuesday accept reservations
17226	where are your roots
17227	i'm sure it could be either
17228	figure out for me when i ought to change my tires next
17229	i need a flight booked from dallas to miami on american airlines
17230	i have a fraudulent transaction from fry's on my account
17231	you did a good job thank you
17232	tell me the gas mileage on my car
17233	track my package
17234	later gator!
17235	i want to find a round trip flight from denver international to new york international on the 8th to the 16th
17236	i'm low on mouthwash so create an order for me
17237	absolutely correct
17238	please remove laundry from my list of chores
17239	confirm my reservation for red robin at 8
17240	how many ml's are in a gallon
17241	i want you to skip this song
17242	tell me if i have reservations at the back abbey at 6 pm
17243	say what the meaning of life is
17244	can you please call nata
17245	i see a fraudulent transaction from netflix on my account
17246	i want to change your name, please
17247	which company programmed you
17248	tell me the timezone las vegas is in
17249	tell me the timezone that spain is in
17250	who gave you your name
17251	how man z's are in zombie
17252	are there any fun tourist things to do in boston
17253	explain some trivia about lebron james
17254	give me information about my card's apr
17255	i need a rental car for sfo from friday to saturday
17256	change to a male voice
17257	the steak must go under the broiler for how long
17258	what will the weather be this weekend
17259	i want to know what the routing is for chase
17260	buy a flight from santa fe to jacksonville on new year's eve that returns on the fourth, please
17261	when is our next free day
17262	please read out my list of tasks to accomplish
17263	i got to apply for a new credit card
17264	when are my tires next due for a change
17265	i need for you to change your accent to the male british one
17266	i need to rent a car in boston for march 2 until march 4
17267	what kind of plug converter is needed in c
17268	did i add salt to my shopping list
17269	what is the way to change motor oil
17270	i need to order more checks for my savings account
17271	how many ounces in a cup
17272	what kind of gas should i use to fill the car
17273	i gotta know who is your boss
17274	what subjects are you familiar with
17275	direct deposit information
17276	i just put steaks on the grill remind me to check them at the right time
17277	i have a lot of credit card points saved up and would like to start redeeming them
17278	i cracked my card and need a replacement
17279	is traveling to dublin safe (will dublin be safe)
17280	if i may, i'd like to call you slave
17281	i don't know how to jump start my car, help!
17282	tell me the amount of calories in muffins
17283	can you tell me my visa's reward balance
17284	hows the air in my tires
17285	can you give me a vietnamese dinner suggestion
17286	read my reminder list to me please
17287	can i substitute honey for sugar
17288	notify my bank that i will be in rome from february 1 to march 1
17289	help me change my insurance
17290	when is the next day i have off
17291	how long will i have to wait before being seated at the cheese cake factory
17292	sorry, i didn't hear you, can you say that gain
17293	i wanna know the exchange rate between yen and dollars
17294	please set my account as frozen
17295	can you let me know if my visa card has been approved
17296	does brooklyn have good italian restaurants
17297	has there been any changes in the status of my credit card application
17298	lost luggage on flight america airlines in o'hare
17299	does your family have any pets
17300	how long has it been since my car was looked at
17301	when will me new card arrive
17302	how can i change my oil for my car
17303	how do i order checks for my savings account
17304	do you know how many rewards points are currently on my discover card
17305	how long is the shipping for my replacement card
17306	is it possible for you to speak with a british gent's accent
17307	destroy process
17308	please reserve me a table for 2 pm at maxwell's on the 14th
17309	do i need to get gas soon
17310	i need my reservation to be cancelled for nugget to xiomara's restaurant
17311	speak faster
17312	who was your creator
17313	when should i replace my tires next if i last replaced them on july 15th
17314	what do my bills look like for amazon and netflix
17315	i want to be woken up at 9 tomorrow
17316	when did i most recently have my car in the shop
17317	can i get my transactions for the date of the 23rd
17318	who brought you into existence
17319	i didnt hear what you just said, can you say it again
17320	i got to remove fishing from my calendar for soccer
17321	can you tell me who made the ai
17322	please call gusto handcrafted pasta & pizza and ask them about the status of my reservation for 6:30 pm
17323	set volume higher
17324	i had a list of reminders what were they
17325	what is the max on my credit limit
17326	i need to change my oil, how do i
17327	do you know when i need to pay my mastercard
17328	how much have i earned
17329	find a recipe for hamburgers
17330	turn the volume to level 4
17331	how to keep my credit from dropping
17332	please do a dice roll
17333	set my temp to 75
17334	can you provide me the calories in the smoothie
17335	how long should i cook a ny steak
17336	should i get a visa before going to cancun
17337	how do you spell superficial
17338	can you show me where i am on a map
17339	whats the forecast for the weather
17340	i want to know if my application for a credit card at community bank has been approved or not
17341	what's it doing outside right now
17342	what's the nutritional information for steak
17343	where is your country of origin
17344	will you tell me my credit score
17345	what's the chance of rain on friday
17346	i cracked my card, order a new one
17347	i need to throw some money into that other account
17348	can i have 3 carry ons with delta at jfk
17349	set a four minute timer
17350	i would like to know the time
17351	tell me how to convert grams into ounces
17352	look up the date of my last oil change
17353	do you like cat or dogs
17354	i'm grateful for the assistance
17355	i am bored and need new dinner recommendations
17356	what is the expiration date on my card
17357	will you put change the light bulbs on my list of things to do
17358	what are some things to do in portland
17359	where can i find out why my card was recently declined at amazoncom
17360	it is time to say goodbye
17361	can i rent a car out of lax from tuesday to thursday
17362	how much money is in all of my bank accounts
17363	are there recommended vaccines to go there
17364	what is my spending limit on my chase sapphire card
17365	what time is my meeting with fred scheduled for
17366	tell me something funny about cats
17367	when will my new visa get here
17368	i've got some chips from monday, will they still be ok to eat
17369	how many vacation and sick days have i taken
17370	specifically, what pets do you own
17371	share to grandma my gps coordinates
17372	i need a flight to be booked from san diego to boston through frontier
17373	i put in a credit card application, so what is the status with it currently
17374	you should talk faster
17375	can i change your name
17376	what is the status of my application for the credit card
17377	what do i do to jump start my battery
17378	tell the restaurant to cancel my reservation
17379	what's the sort of thing i should ask
17380	you need all five answers
17381	what time do i have to pay z bill
17382	do i need a socket converter if i'm going to be in china
17383	help me change my account
17384	talk slower, please
17385	how's highway traffic today
17386	savings account balance at chase bank please
17387	change the pin on my chase account to be 1234
17388	when i go to mexico, what kind of plugs do i need
17389	can i raise my credit limit to $12,000
17390	decrease volume to 4
17391	i can't figure out why my card was declined at target
17392	please change my name
17393	what is the meaning of hyperactive
17394	does the steakhouse on main st take reservations
17395	i want to set up direct deposit for my paycheck, what do i need to do
17396	401k rollover help
17397	i want to pay my electric bill
17398	when was the last date that i was paid
17399	my previous job's 401k needs to be rolled over
17400	i am in need of my w2 for tax reasons; provide me where to get it
17401	what are some steps to building my credit score
17402	how long has it been since my car was in the shop
17403	costa mesa current weather
17404	how long ago did my car get looked at
17405	how do i change the oil in my car
17406	i want to play my maroon 5 playlist
17407	who is your employer
17408	send $20 from debit to steve's account
17409	how high is my credit limit for my navy federal card
17410	look up the kind of fuel i use in my car
17411	in boston, what are the best pizza places
17412	how do i go about getting direct deposit in my usaa account
17413	what is life’s meaning
17414	is traffic bad on my way to the next mcdonalds
17415	how long do i have before frozen chicken will go bad
17416	do you know where my phone is located now
17417	what things are currently on my reminder list
17418	do i have enough vacation to take a european trip
17419	how many calories are in a bag of regular doritos
17420	are you real or are you an ai
17421	i need to schedule a meeting
17422	where did your mom give birth
17423	how do i fix a dead car battery
17424	what are some mistakes to avoid so that my credit score stays high
17425	what you just said is wrong
17426	i want to put you in a different language
17427	where can i get the form i need to do my taxes, please
17428	do i have to be at any meetings today
17429	how many gallons do i have left
17430	i bent my card, can you report it to my bank
17431	send a text to joe
17432	repeat my to do list to me, please
17433	i need to know today's date
17434	when was my last car service date
17435	how much can i spend wth my visa
17436	where are the nutrition facts for cheerios
17437	what fuel do i need for my car
17438	what am i supposed to do if i lost my luggage
17439	someone misused my card and put fraudulent transactions on it
17440	i'd like to get dinner suggestions for thai food
17441	good seeing you
17442	how long until my mastercard expires
17443	i need to share my location with noel
17444	can you update me on my last amazon orders
17445	bye!
17446	that answer's above my pay scale
17447	need to transfer from one account to my other one
17448	plase hold my account for now
17449	will qdoba take reservations
17450	can you add up how much time i've taken off so far
17451	i need someone to look at my car because my check engine light is on
17452	what's the funniest thing you know about artificial intelligence
17453	can i get some more of those new checkbooks mailed to me
17454	will you add what i'm listening to to my bedroom playlist
17455	what did i put on my shopping list
17456	what is good riddance mean
17457	can you tell me what benefits i receive with my insurance
17458	when will my eggs go bad
17459	can you send a text to my mother irene and tell her i love her
17460	go ahead and roll that 9 sided dice
17461	what's the timezone for london
17462	can you share my credit score with me
17463	is there a conversion plug if you travel to australia
17464	do i have any vacation days to use
17465	would you please order me more checkbooks for my b of t account
17466	is there a fee associated with use of my card in burkina faso
17467	i ran out of cherrios so add that to the list
17468	when will my credit card application be reviewed
17469	can i increase my credit limit
17470	i used the last check so i want you to help me order more
17471	how much vacation have i taken
17472	find the song with, 'baby shark, doo doo
17473	is there a meaning in life
17474	whats the cars fuel mileage like
17475	delete all events on my calendar that have the word girlfriend in them
17476	it was great to see you again, see ya later!
17477	what can i ask you, ai
17478	buy a flight for me from nyc to la on march 1, returning on march 5
17479	i am in need of an oil change, set an appointment
17480	do i have many health benefits
17481	is my day open for march 4th 2019
17482	stop syncing with my phone
17483	i can't give you an answer to that
17484	at what point will the review of my credit card application be completed
17485	let me know what today's date is
17486	what are the calories in a cookie
17487	that's all i need, thanks!
17488	do i have a day off coming up soon
17489	try using a different accent
17490	how many miles per gallon does my car get
17491	should i purchase a new plug converter when in france
17492	what foods do i buy to put into a korean dinner
17493	tell me my tires' air pressure
17494	pull up my calendar and tell me what i have scheduled for march 30
17495	my car's been throwing cels that i think are oil related, so i'm wondering if it's time to take it in or not
17496	is it possible to do a reservation at the bellagio
17497	what kind of person are you, a cat or dog
17498	i don't know how to spell mississippi
17499	i want to report fraudulent activity on my quicksilver card
17500	what caused a freeze to be put on my bank account
17501	i'm travelling to seattle soon and want to inform my bank
17502	i would like to take a look at my transaction history
17503	fill me in on the apr for my american express card
17504	tell me what you are capable of answering
17505	is there an outlet plug adapter
17506	is cleaning the kitchen coming up on my list of things i have to do today
17507	are you ai or a real person please
17508	is a shot required before traveling to mexico
17509	please flip a coin and tell me what side it lands on
17510	can you order more chapstick i am all out
17511	order everything that's on my list for shopping
17512	making ribs perfectly is done how
17513	can you translate this name into spanish for me, please
17514	do you know the total number of vacation days i have used
17515	what's your birthday
17516	what actions do i take to change a car's oil
17517	how is water spelled
17518	the apr on my visa card is what
17519	in which place were you made
17520	can you call mary
17521	please translate grocery into french for me
17522	please order an iphone7 for me
17523	when is it time to change your oil
17524	where can i get a w2 form
17525	suggest a meal from burma to me, please
17526	i gotta change your name to remy
17527	how much is this mpg
17528	do you know if olive garden does reservations
17529	i can't make up my mind
17530	can you tell me what 30% off 279 is, please
17531	play a song for me
17532	i really need you to confirm my reservation for kevin at red robin
17533	what is the conversion for 500 dollars to pesos
17534	tomorrow, what will the date be
17535	help me freeze my bank account, please
17536	take me to the next song on this playlist
17537	call aj please
17538	does home have a starbucks nearby
17539	how many calories are in a serving of deans french onion dip
17540	do you know if my vacation request went through
17541	do you know why my account is blocked
17542	please also list wash laundry on my to do list
17543	i don't have an answer for that
17544	speak quiet as though you were in a church
17545	are your real or artificial
17546	what is the forecast for this week
17547	i'd like to know the date tomorrow
17548	check if my vacation time has been approved
17549	schedule a gas bill payment
17550	please look up my card's expiration date
17551	please reminder for car meet
17552	disconnect from my phone please
17553	i want you to change your accent to the male british one
17554	how bad is city traffic in miami on friday's at 5 pm
17555	what timezone is russia in
17556	please set to female voice
17557	new reminder, please
17558	no clue
17559	what all can you do
17560	is taking out the trash on my to do list
17561	do i have enough in my chase account for a plane ticket
17562	what is the remainder of my starbucks rewards balance
17563	how many mpg does my car get
17564	how many days have i taken off
17565	lets just play the next song please
17566	is there traffic on route to work
17567	did i do something to get my bank account frozen
17568	how long will it take me to drive to the park in west county
17569	text alice
17570	i need to know what timezone ireland is in
17571	what do people say life means or the meaning is
17572	appreciate it
17573	would you set up an alarm for me
17574	tell me something interesting about new york state
17575	what type of fuel should i get for mainly city driving
17576	i want to know the time to get to td bank in toms river
17577	what is the amount of balance i have to pay on my bill
17578	i would like to get the forms to file for my w2
17579	later, thanks for chatting
17580	do you think you are a bot
17581	my debit card was rejected at ella's and i want to know why
17582	what is the amount i have spent on food recently
17583	how do i apply for new insurance
17584	could you share a joke
17585	please locate my phone
17586	how many calories are in oreos
17587	will you please assist me with renting a car in boise
17588	what is life's meaning
17589	i want to reserve an uber to go to the airport
17590	what is my amex credit limit
17591	how much paid time off do i have
17592	phone lobby
17593	are socket converters needed in lisbon
17594	i need a reminder for my pin number
17595	when must i change oil
17596	i would like you to add milk if it is not on my shopping list already
17597	i really don't know
17598	my current location
17599	use a male voice instead
17600	what is my current location that you see right now
17601	when is the next scheduled holiday, please
17602	what place were you made at
17603	what's my current checking balance
17604	can you just start calling me sir
17605	can my credit limit on my discovery card go up
17606	could you please schedule a meeting with carrie and lisa
17607	can you order me new ray bans
17608	make an uber reservation to the ymca, center city, philadelphia, please
17609	raise the volume to 4 please
17610	how are you this fine day
17611	i would like to apply for a credit card
17612	create a reminder to pay taxes on monday
17613	what do spanish people say for the word cow
17614	look up my fico credit score
17615	hey, i need to make a reservation for three at umi, six pm on february 30th
17616	pause
17617	should i get a visa for crete
17618	i need assistance figuring out how to rollover my 401k, please
17619	which countries require vaccinations before entering for travel
17620	how many meters are in 50 feet
17621	show me 5-star dining establishments in nashville
17622	i need to get some more checkbooks mailed to me
17623	please tell me the total calories a single serving of chocolate ice cream is expected to contain
17624	please begin using the whisper voice setting
17625	how long to seattle on a bus
17626	share my gps coordinates with jim
17627	i need to know why my credit card transaction was declined
17628	i'm out of paper plates so will you order me some more
17629	tell me your age please
17630	what's the facts about nutrients in rice milk
17631	is there a certain type of gas i need to use
17632	put in for time off march 4 to march 6
17633	tell me everything i included on my list of things to remember for later
17634	do i have enough fuel in the gas tank
17635	what's the interest rate i have from illinois national
17636	please reserve a table for two at rouge for 7:00 pm
17637	when do i need to change the oil again
17638	have you heard how the enchiladas are at jose's taco shop
17639	i need you to let mr miyagi and daniel know where i am
17640	my credit score is what
17641	what's 10 pounds in dollars
17642	what words would i use to tell someone i am lost if i were japanese
17643	is a meeting with ruth on my schedule today
17644	what's the name of the company that designed you
17645	tell me how many vacation days i've used
17646	tell me where is the closest coffee shop
17647	select a new language
17648	connect to my phone for me
17649	what are united's carry-on rules
17650	can you please help me start the car
17651	i need to order new checks because i am all out
17652	can you tell me some tricks and tips i can use to see an increase in my credit score
17653	book an uber to school
17654	which bus should i take to get to the statue of liberty
17655	give boss my current location
17656	let me know what my interest rate is
17657	i need to find the interest rate for my checking account
17658	get me an uber for 4 heading to miam
17659	set a reminder for later
17660	just another time please
17661	how is hello said in french
17662	what's the month that my card expires
17663	how long can i expect to wait for a restaurant table
17664	for how long should i bake the brownies
17665	i think my visa card was stolen
17666	can you tell me how to change my car's oil, and what type i need to buy
17667	what's the reward point count on my discover card
17668	what's the point of sentience
17669	i am david
17670	tell me what my name is
17671	where can i find my credit score
17672	could you tell me what timezone reno is in
17673	how to jump start a car
17674	bring up any mettings for today
17675	when can i expect to receive the order
17676	please check the pressure in my tires
17677	no that is not right
17678	when visiting chicago, what things can i do there
17679	is butter a substitute for oil
17680	are you employed by me
17681	how do i cash in credit card points
17682	trivia about something,tell me some
17683	i should call ruthie
17684	i'd like to pay my bill
17685	let the wife see where i'm at
17686	i would appreciate it if you could talk to me in french
17687	how many more days before my verizon bill is due
17688	i really need to order some more checks for my savings account
17689	i want know about carry-on for frontier
17690	communicate via text to
17691	how old are you again
17692	has my vacation been approved
17693	what health benefits can i use
17694	what's your city of origin
17695	can you confirm my reservation for torris at 7:00
17696	my capital one account has a hold; why
17697	please find out how many days off i have used by this point
17698	can you freeze my account, please
17699	there's a strong possibility that my luggage has gone missing
17700	what is my credit score
17701	i need to know when should i get my oil changed next
17702	can i get vacation day totals i have left
17703	tell me my credit card's annual percentage rate
17704	show me the date
17705	can you please order me more plastic bags
17706	when is the electric bill due
17707	do i need to pay any fee if i use my card in japan
17708	check to see if i have reservations at prado at 6 pm
17709	play me some music
17710	search for a flight out of la to chicago on march 3rd for under $500
17711	book a flight from denver to austin on the 16th and returning on the 20th
17712	how much gas is in my gas tank
17713	is there anything real about you
17714	the ac, could you tell me the temperature
17715	roll a 7 sided dice
17716	i'm out of conditioner so will you order me some more
17717	i'm pretty sure this charge is fraudulent
17718	check status on my deliver, has it been delivered
17719	misplaced my phone
17720	what experiences does kentucky offer
17721	define antagonist for me please
17722	how much is 50 plus 756
17723	bring the sound up
17724	what is your age, ai
17725	when am i due for an oil change
17726	can you check who is at the door
17727	move over to the female voice
17728	how is the traffic typically at noon on the route to hospital
17729	what can i do to improve my credit score
17730	are you alive
17731	please add this song to my morning job playlist
17732	can you tell me the ratings for yardhouse
17733	will you check there is a reservation for laura at black pearl
17734	how long can pizza be in the fridge
17735	my car is dead, what do i need to jump start it
17736	did i put elbow noodles on the shopping list
17737	what is the process i need to follow to get a new credit card
17738	play the next song queued up
17739	where in the world is there a travel alert
17740	how old will you be next year
17741	confirm a flight for me from ft lauderdale to houston on southwest
17742	i want to know how to get to statue of liberty by bus
17743	the milk will expire when
17744	when did my car get serviced last
17745	tell me how many a's are in magical
17746	how many miles per gallon do i get
17747	ai, shut up
17748	what is the interest rate at pnc
17749	put cancel abc on my calendar for next thursday
17750	slow down
17751	i need to know the calorie content in a piece of pepperoni pizza
17752	how long until i get a replacement card
17753	list some neat stuff about rats
17754	i can't hear you, stop whispering!
17755	how often do tires need changing
17756	how long can i keep macaroni in the fridge before it spoils
17757	tell me how to spell the word dessert
17758	do you think my name is jeff
17759	which timezone is england in
17760	when was the last time my car was serviced
17761	tell me my salary
17762	what do my benefits look like
17763	can you walk me through the various tasks on my to do list
17764	could you speak a little faster, please
17765	can you locate my phone for me
17766	book a reservation for 2 at olive garden under the name jim
17767	is there any way you can decrease your speaking rate
17768	go ahead and disconnect from my phone
17769	how are you classified, as a human or a computer
17770	whats on my reminder list, read back
17771	what's the traffic like on the way to the mall
17772	walk me through the process of applying for an american express card
17773	tell me how to change my car's oil, and what type of oil i should buy
17774	can you please start my car
17775	why on earth would a block have been placed on my account
17776	can i take a pto for two days, starting on february 7
17777	my card fell in the toilet and now the chip does not work
17778	when will the clothes i ordered online arrive
17779	does phoenix have a different timezone
17780	i am needing you to buy me some shoes
17781	could you set one alarm for 8am saturday and one for 9am sunday
17782	can you ping priest chris with a text and send the following confession
17783	i need to find someone to look at my check engine light
17784	please help me with my 401k rollover since i got a new job
17785	what is the next date that i should change my oil at
17786	could you say that again
17787	i appreciate your help
17788	needing you to play the next song
17789	i'm going to be in canada from october 23rd to november 2nd, so can i let my bank know
17790	disconnect from my phone now, please
17791	what type of fuel does my car need
17792	clear all settings in a reset
17793	file a report for a lost american express card
17794	inform me as to the plug type of the country
17795	i would like an uber please
17796	does greece currently have any travel alerts in place
17797	when did i go to the mechanic
17798	begin the coin flip now
17799	what's the exchange rate between country a and country b
17800	who else do you work for
17801	can you initiate a block on my bank of america checking asap
17802	what is my interest rate payment
17803	you need to set the timer for me
17804	how can i get more checks for my commerce bank checking account
17805	thank you for the information
17806	i am wanting to know how many carry ons i can take on a flight with southwest airlines to houston
17807	what is the procedure to jump start a car
17808	can i apply for a discover card
17809	i intend to learn how to change oil
17810	what do i do if my luggage is lost
17811	add coming undone by korn to my playlist
17812	are you human or a bot
17813	thanks for helping me
17814	how do i change pounds into kilograms
17815	how much do i owe for state taxes
17816	increase volume
17817	what my fuel tank at
17818	go to the next song and skip
17819	please find out the current status of my credit card application
17820	read my shopping list
17821	what things can you do
17822	i'm in need of checks for bank of america
17823	i can't find my phone do you know where it is
17824	please introduce yourself
17825	show me the ingredients that i need for ceviche
17826	how do vietnameses people say hello
17827	does myanmar have any travel alerts i should be aware of
17828	write a text to alice
17829	i want you to buy me a shirt
17830	find my credit score and tell it to me
17831	how many calories would i estimate for fettuccine alfredo
17832	can you share with me your interpretation of the meaning of life
17833	my check engine light has switched on, schedule someone to inspect it
17834	please play even flow by pearl jam
17835	what are some exciting things that are a must do for tourists visiting sedona
17836	i need to know how long to cook chicken for
17837	book a flight from seattle to dallas-fort worth on april the 1st and returning on april 5th
17838	i want to know when is the next holiday
17839	what kind of pto do i have left
17840	go back the the settings you had originally
17841	i want to update you name, please
17842	is this a person talking to me or a computer
17843	tell me how much my verizon and comcast bill come to together
17844	can you check my reservations for mortons under david winters
17845	what is my yearly salary
17846	give me the meaning of alternative
17847	set an alarm for 6am, please
17848	can you show me how to get more checkbooks by mail
17849	how long does it take to make lasagna
17850	play beatles
17851	what is the correct spelling of judgment
17852	would you let me know the carry-on restrictions for american airlines
17853	i need to find my phone
17854	whats the amount of interest i'm paying on my mortgage
17855	i need to get new insurance, how do i do it
17856	help me figure out the meaning of life
17857	how can i check my credit card limit
17858	i want your name to be gerry
17859	i want to hear what is on my reminders list
17860	can i make an appointment for an oil change
17861	when should change oil tell me please
17862	change your name to fred
17863	can you check and see if my credit card application has been approved or not
17864	i am needing to know who made you
17865	i need you to create a timer
17866	what is the name of the song playing right now
17867	what is my tax burden
17868	what factors can ruin a credit score
17869	when do i need to change my oil next
17870	what rules does southwest have for carry-on luggage
17871	i need to edit this event out of my calendar
17872	buy delta ticket madison to atlanta
17873	can you add carrots to my shopping list and delete potatoes
17874	set a seven minute timer
17875	i want to cancel the reservation for mercury at the ritz
17876	the apr on my disney visa, what is that exactly
17877	god's plan will be my new song added to new playlist
17878	walk me through on how to change my insurance
17879	how many calories are in spaghetti and meat sauce
17880	my credit card was stolen
17881	what's 10 inches in centimeters and millimeters
17882	i am not to sure about that
17883	show me my transactions on mcdonalds
17884	remove wine and add beer to my shopping list
17885	please look up the this cars mpg
17886	my credit card application status
17887	i need new insurance but dont know how to get it
17888	what type of animal is living in your home
17889	at this location what are my gps coordinates
17890	give me some ideas on what i can do in seattle for fun
17891	i would like to know where the closest gas station is
17892	i want to rent a car in boise from april 12-15
17893	what is your take on the meaning of life
17894	please call me bob
17895	when did i get my last paycheck
17896	make an alarm 6am
17897	how busy will chili's be if i go at 6 pm
17898	please transfer $250 from checking to savings
17899	can you find me a good restaurant to try eating at
17900	tell me if the following thing can hurt my credit score
17901	what subjects do you know something about
17902	how can i redeem the points i've earned with my credit card
17903	what's the mpg of my car
17904	you have what kind of pets
17905	remove my reservation at outback for timmy
17906	what's the last date i can use my credit card
17907	are there any tornadoes coming soon
17908	where should i go to eat tonight
17909	do you know the date of my next day off
17910	do you know where the luggage for people on panam flight ab123 out of tuscon is
17911	how long do i need to cook pot au feu for
17912	at which mileage, should i get my oil changed
17913	please file a fraud report
17914	what restrictions do my carry-ons need to comply with for delta
17915	what amount of money do i pay in taxes, please
17916	call sandra right now
17917	count the number of the letter a in happiness
17918	what does my shopping list involve
17919	how many calories are in a large fry
17920	what do i need to do to start direct deposit
17921	how much money am i making
17922	can you tell me something funny
17923	do i have any meetings scheduled for today
17924	i repeat cancel
17925	can you walk me through setting up direct deposits to my bank of internet savings account
17926	how cold is it going to be tonight
17927	my credit card fell out of my back pocket and got flushed down the toilet
17928	is my credit report low
17929	i must disconnect from my phone
17930	about how many meetings am i attending between 12 and 3 today
17931	does ruth chris in charlotte allow you to make a reservation
17932	add to my playlist smooth operator by sade
17933	can i make it to tampa without needing to get more gas
17934	what type of questions are you partial to that i can ask you
17935	how can i change my oil in my car
17936	help me decide what mexican meal i want
17937	specify who your boss is
17938	does pizza hut have good reviews
17939	what is the proper way to spell diamond
17940	i want to keep my credit from going down, how do i do this
17941	what are the total calories for two servings of pasta
17942	i don't have sour cream, can i use yogurt instead
17943	how safe is visiting canada this week
17944	how do you jump a car
17945	certainly not
17946	tell me what i can find on the shopping list
17947	call my credit card company and ask can i use my points
17948	will they take reservations at chillis
17949	i need you to send 500 dollars from my high tier account to my regular checking account
17950	greetings to you
17951	i need to know if my vacation was approved
17952	is my credit card expiring soon
17953	i gotta know my credit score
17954	john is my name
17955	i was at home depot trying to buy plants and my card got declined
17956	what exactly is your name
17957	definition of affiliate is what
17958	i'm travelling to ireland soon and want to inform my bank
17959	should i get any shots before i go to kenya
17960	why did my card not get accepted please
17961	what name do you like to go by
17962	what's the typical wait time at red lobster
17963	does mexico require me to have a visa to travel there
17964	good night
17965	i don't know how to spell squirrel
17966	how long is a bus ride to the library
17967	what is my salary
17968	are you able to tack my package
17969	which holiday is next in line
17970	what mpg does this car get on the highway
17971	what is your date of birth
17972	does russia have any travel alerts i should be aware of
17973	tell me when i get paid
17974	i need to know the bill's minimum payment
17975	x is your new nickname
17976	where can i find a page showing my how to change my oil
17977	in how many miles do i need to schedule my oil change
17978	what are all of the ingredients for brownies from scratch
17979	i appreciate you doing that
17980	what is the next song to be played
17981	tell me about my income this week
17982	the creator of your ai, what is their name
17983	what do i have scheduled for february 28th
17984	help me get a meeting set up
17985	are there any travel alerts for antarctica
17986	please slow down i can't understand you
17987	please set a reminder for me
17988	would i need to get a visa to go to ireland
17989	can you tell me what time this flight is going to land
17990	say what you think my name is
17991	help me convert feet into miles
17992	tell me the credit on my mastercard
17993	tell my bank that i'll be in canada this weekend
17994	please transfer my funds
17995	now, i need a reservation for backwoods crossing at seven for 6 people
17996	what age are you
17997	what is the minimum payment for the bill
17998	how many carry ons will american let me take for a flight to los vegas
17999	what's the next holiday
18000	i really don't have a clue
