id	text
1	My card is due to expire
2	Can I track when my card will be delivered?
3	Can cards be dispatched on a specific date?
4	Am I limited on the amount of disposable cards I can possess?
5	Please assist me with activation.
6	I have a card that was deactivated can I reactivate it?
7	Why isn't my money from a check deposit showing?
8	How do I prove I am who I am?
9	It appears my top-ups have been canceled.
10	Can I get an auto Top-up?
11	Hello, I wanted to get some more information about ATM Withdraw Fee. I have been withdrawing money for years and notice this charge on my account. I always thought it was no fee since its you guys ATM company that I am withdrawing. Can you please explain?
12	Is it possible for me to give my daughter a second card for this account?
13	Why was I double charged?
14	Are there any discounts in exchanging currencies frequently?
15	The app does not recognize who I am.
16	I did a bank transfer and my balance isn't current.
17	How do I order a card?
18	Help me terminate and close my account.
19	I live in the EU - can I get a card?
20	How come a fee was charged when I tranferred money
21	The disposable cards, what are they for?
22	Can I use this all over the world?
23	Can I set the account to auto top-up?
24	Why am I being a charged for using my card?
25	Can I get a second card for free?
26	Could you please tell me why my card payment didn't work?
27	I see cash withdrawal activity in the app that is not mine.
28	How come when I tried to pay contactless at the bus it didnt work?
29	There was a direct debit from my account and I didn't authorise it
30	I'm having difficulty verifying my identity.
31	I would like to report an issue with my product and want to get it refunded
32	I am still waiting for a transfer to show up
33	How long does it take for money to reach my account?
34	Where can I find my card PIN?
35	I am not seeing recent cash withdrawal on my account.
36	There are transactions that I don't remember making, i think someone might have gotten my card details and is now using it.
37	Will my new card work outside of the EU?
38	How much longer is it going to take to get my new card?
39	I was charged a fee for withdrawing cash.
40	How can I exchange AUD for GBP?
41	I tried to get cash out of the ATM but it is taking too long
42	I was only given $20 after trying to withdraw $100
43	Why are the things I bought earlier today still showing as pending?
44	The app says I made a cash withdrawal even though I didn't.
45	There has a recent suspicious withdrawal on my bank account. Is it possible to freeze my card?
46	Can I track history on funds?
47	I made a mistake and performed a transaction on the wrong account!
48	Hello, can you please inform me about international transfers? I am expecting a transfer I made from France two days ago and would like to know when it will arrive.
49	I cannot find my phone, what should I do?
50	Please can you block the transaction I just sent from my account? It was a payment but I accidently typed in the wrong details and think it might have gone to the wrong place.
51	Why, when paying with the card, was I charged an extra fee?
52	Why can't my transfer complete?
53	It won't let me activate my card.
54	What do I do with my "decline" message on a transfer?
55	Can I have it delivered on the date I need it delivered?
56	I purchased something abroad and the incorrect exchange rate was applied.
57	I was overcharged at an ATM while on vacation. I needed cash so I had to use it, but your charges are outregous and I wish I would have known beforehand.
58	Hey I am standing in front of an ATM here, it only gave me 10 pounds even though I wanted to withdraw 30! Seems like the app has 30 pounds, what do I do??
59	Hello, I have a question concerning an unfamiliar fee that I notice on my account. I see that you guys charge for ATM withdrawal. Never notice this fee until now. Can you please explain?
60	What currences are available for exchange?
61	I had a payment reverted and would like to figure out why.
62	virtual card won't work for me
63	My app is showing a cash balance that I did not receive.
64	What was the cause for my card to be declined?
65	Is there a way to make my money usable in another country?
66	I can't get cash from the ATM!
67	What do I do if my phone was stolen?
68	This is terrible, i want to delete my account
69	I have a fee for cash withdrawal
70	Something is wrong with the top up! I'm a regular customer and use your service all the time, usually this works but now it just shows up as pending
71	How much do you charge for exchange rates?
72	Is there a few for exchanging foreign currencies?
73	When can I expect the transfer to arrive in my account?
74	How can I fix this? The ATM gave me more cash than I'd asked for.
75	Why did I get charged twice for the same thing
76	Is exchanging currencies a feature of the app?
77	I would like to transfer money from my checking account to my savings account.
78	This card is accepted by what businesses?
79	what was the $1 fee i got
80	The app passcode has completely slipped my mind.
81	Can I top-up automatically?
82	How do I go about ordering a card?
83	What do you use to figure out the exchange rate for the card?
84	What should I do if I see an unauthorized withdrawal on my statement?
85	how much for a physical card?
86	I need my card to be delivered fast
87	I've been waiting for a top up to come through for over an hour and I need the funds now.
88	How to receive virtual card?
89	I need to hold money, what currencies can I use?
90	What is the procedure to transfer money to my account?
91	I need urgent help. I realize I sent my payment to the wrong account number. I made a typo. Please cancel the transfer now. There isn't an option from the app.
92	I cannot get to my app, what should I do?
93	Is there a way to track the new card you sent me?
94	If I top up by transfer, am I going to be charged?
95	How do I see my source of funds?
96	I wanted to know about a pending dollar that is on my statement.
97	Extra charge during transfer
98	It can take between 10 minutes to an hour before you hear back from us about the verification result. Please try again if your verification fails. Make sure you double check that images are clear and all document photos are readable without blur or glare. You have to be 18 or older and live in the European Economic area or live in Switzerland to be able to open an account.
99	Can you please explain why the exchange rate for the item I bought is wrong?
100	I made a payment but it's still pending
101	My withdrawal from the ATM was cancelled.
102	I transfered my balance a while back. Why doesn't my account reflect this?
103	Is there an auto top up option?
104	Why am I charged whenever I withdraw cash?
105	What should I do if someone stole my phone?
106	Which cards do you support for top up?
107	I wanted to purchase something online but the payment was returned back to me. This has been going on for a couple of weeks. Please tell me what is going on here?
108	Where do I get a virtual card?
109	Why won't my top up go through?
110	Why is my transfer more expensive than I thought?
111	Can my job deposit my wages directly into the account.
112	Why has my transfer been declined?
113	I purchased something about one to two weeks ago but for some reason the payment was returned to my account today even though I've already received one of the items. Can you tell me what's going on?
114	Can I be charged for exchanging foreign currency?
115	Is there any way to know how the transaction got on my account?
116	I'd prefer a Mastercard.
117	Why is my balance not updated?
118	My account balance has not updated to reflect my recent transfer.
119	I'm going to cancel a purchase.
120	The exchange rate you are using is really bad.This can't be the official interbank exchange rate.
121	How will I know when I get my refund?
122	I want to use my American Express for adding money into my account.
123	I need to move money from one of my other accounts to this one.
124	Is there a limit for the amount I can top up?
125	How do I change my name?
126	Will my card be a MasterCard or a Visa?
127	How long does transfer from the US take?
128	Is there a top charge for US cards?
129	Where is my card PIN?
130	Is there an option to top up with a cheque?
131	The day before yesterday I transferred funds to another account within the country. The funds have not yet arrived. I double and triple checked the account number and it was correct. Why hasn't the transfer been completed yet?
132	Shopping on line I was declined when trying to buy something.
133	Please provide me a list of ATMs that accept my card.
134	Why was I charged extra when transferring?
135	What is the formula for your exchange rate?
136	I want to change my account details.
137	There is a direct debit that I didn't set up, what should I do?
138	I didn't receive the correct exchange rate for an item that I bought.
139	Hi, i found a large amount payment in my old statements which i am sure was not made by me. I am aware that the time has passed but is there a way to raise a dispute for this payment now?
140	How long will it take the money to appear in my account?
141	Can I setup top ups in advance?
142	Will you accept my salary if it's in another currency?
143	Is there an auto top up feature?
144	am i able to receive my salary this way?
145	Can I auto-top up? How do I do it?
146	I looked on the app and it says I withdrew cash. I didn't!
147	What happens after my card expires?
148	What factors effect the exchange rate?
149	Please help me, as my topup amount has been reverted, i did it correctly. I think there is some defect in system.
150	Is it okay to hold money in multiple currencies?
151	The app is showing a direct debit transaction that I did not perform
152	I am perplexed. Why is it that I received an extremely wrong rate when I tried to use an ATM using a foreign currency?
153	Hello, I went ahead and checked my account details to be sure, and they are definitely correct. I've had a transfer pending for a while, and I can't understand why it hasn't gone through yet.
154	I didn't set up a direct debit payment on my account.
155	What can I do if my passcode won't work?
156	Does it cost anything to transfer money for a top-up?
157	I don't see a refund in my account.
158	Can I update my details?
159	I don't remember my passcode?
160	The exchange rate used on your app is really bad. I'm considering closing my account because of it.
161	I am trying to exchange AUD for GBP, how do I do that?
162	How do i change my identity?
163	Why is the payment I made still pending?
164	Hello. I just noticed I was charged two times for a restaurant I visited this week. Can you reverse the additional charge?
165	Do you know how I can verify that I did a top-up to my card?
166	What is the source of the money in my account?
167	What are the various currencies and cards that you offer support for?
168	Is there a reason a payment is showing complete on my side but the person who is receiving it has not gotten it?
169	I see an extra $1 charge on my statement, why is this?
170	Why would the app show a withdrawal that I did not make?
171	How much do I have to pay to accept an international transfer?
172	Hello. How long does it usually take to transfer money to another country? I've made sure all the information is correct, but the transfer still says that it's "pending."
173	Where is the cash I deposited?
174	What do I need to do to get my new card which I have requested 2 weeks ago?
175	Can I link my card I previously received?
176	The money is still in my account even though I already paid -- I don't understand what happened.
177	I've deposited a check in my account but the cash isn't showing as available.
178	There are funds showing in my app that I did not receive.
179	Can my children have an account?
180	How come my refund hasn't appeared on my statement?
181	I want to talk about an order that I placed a long time ago and have yet to receive. I demand a refund due to lack of delivery of the product! I refuse to pay for something I never got.
182	Are SWIFT transfers supported?
183	The past few times I've been to the ATM, I was charged a withdrawal fee. Have your policies changed regarding fees?
184	What is the fee for topping up a US card?
185	Can you change the rate for the item I bought in a different currency as it is wrong?
186	Someone took my card without permission
187	i live in portugal. do you operate here?
188	I am waiting for a payment to be processed
189	Do you know how to change my card PIN?
190	Is it possible to get a card when i'm not in the UK?
191	Hello, I was just went through my recent transaction on my bank account and I just noticed that I was charged twice at a place that ate at this past week. Can I get that second transaction removed from my account?
192	Do I have to pay extra if I use an international card to top up my account?
193	Do you support all countries?
194	What does it mean if my payment has been reverted?
195	What do I need to do to get cash back? The ATM gave me the wrong amount that I requested but the app is showing the amount to be correct.
196	My card activation attempt failed.
197	Fix my top up
198	I made a mistake this morning when I did a transfer. How do I reverse it?
199	I don't understand where this charge came from.
200	I just want to top-up, why do I need to verify anything?
201	What currencies can be used for top up?
202	After I transferred money the balance remained the same.
203	My ATM transaction shorted me on cash, and I think the exchange rate was wrong. Did I receive the correct rate?
204	As advised by you, i requested seller to refund my money. A week has passed but i haven't got any update from seller. Please track the refund with the seller.
205	How long does it take to get money from Europe?
206	What retailers accept my card?
207	Is something wrong with my account, my balance didn't change after I transferred some money
208	I bought something and now I want a refund.
209	What is the estimated date for delivery to US?
210	Will the duplicated payment be refunded?
211	When my card expires soon, how fast is the replacement card sent and what are the costs?
212	I am reluctant to use ATMs international because I don't get an accurate exchange rate
213	why is there a service fee on my statement?
214	I need to get some Euros for my holiday. Am I able to exchange some of my money?
215	Is it free to transfer money or is there a fee?
216	I received a different amount of cash than what I entered.
217	I payed with the card and there was an extra fee?
218	Can you tell me what the exchange fee is?
219	I tried to use my disposable virtual card to pay a subscription to the gym and it got rejected. Any ideas why?
220	Where is my new card if I haven't received it yet?
221	Where do I have access to a virtual card?
222	The exchange rate on my payment doesn't look right
223	Are there certain cards and currencies you support?
224	What do I do to verify a top-up?
225	I didn't receive the correct exchange rate when I got cash.
226	Last week I put a cash deposit into my account and it is still isn't there.
227	Can I have my account add money automatically in certain intervals?
228	I am traveling, what can I do to set up auto top-up?
229	Can you tell me how I would go about learning where my funds came from?
230	Why do I have a transaction showing up more than once?
231	What steps do I need to do to delete my account?
232	Why does my statement show an extra fee?
233	I'm trying to take money from my account but its not letting me. Help!
234	I can't get the card itself to work.
235	I tried activating my plug-in and it didn't piece of work
236	I wondered if multiple currencies is okay?
237	Why do I still have a pending cash withdrawal?
238	How do I cancel a purchase?
239	I can't use the app. My phone is lost at the hotel.
240	What currencies can I exchange?
241	My salary is in GBP, do I need to exchange it before putting it into my account?
242	i need a refund right away but the funds aren't available in my account
243	Please show me how my friend can send me money.
244	I sent a payment, but the person I sent it to says they don't have it
245	What do I do if I can't access my passcode?
246	Can someone in the US have a card?
247	I would like to get your card in EU. Is that possible?
248	I placed a cheque but the funds aren't there
249	Can I use this app for both USD and GBP?
250	I need help with some transactions in my account that I dont recognize or remember purchasing. Im not sure if the name is just different or what. Should my card be put on hold while the issue gets figured out to be safe or is it ok?
251	There was a direct debit transaction I have don't think should be there.
252	How long should it take for a transfer to go through? I have been waiting a while.
253	Why can't I transfer to another account?
254	My funds are not transferring to my bank. Why is this not working?
255	The ATM kept my card?
256	When can I expect my refund?
257	Are new cards available from China?
258	Can I get a physical card
259	I'm trying to verify my identity but can't figure out how, what do I do?
260	I cannot seem to buy something online with my card? the payment comes back, what's going on?
261	is there a way to fix my top up
262	I am having trouble doing a transfer. A "Decline " message appears after making the transfer.
263	Do I need a disposable card?
264	How long will I have to wait for my new card?
265	How long do money transfers take? My friend really needs the money i sent a couple of hours ago but it's not there yet.
266	Which flat currencies are supported for holding and exchange?
267	What are the currency exchange fees?
268	what is a virtual and how do i get one
269	I received a transfer in GBP how do I change it to a different currency?
270	Looks like my card payment was cancelled.
271	I have left my card at my parents house. Can you send me a spare one please to use in the meantime?
272	I was abroad and needed some cash, but I think the wrong exchange rate was applied to the transaction.
273	How do I close my account?
274	Do you think you're asking for too much information about me?
275	Is the cash withdrawal going to show?
276	I was wondering why my payment hasn't gone through yet, its been a while.
277	Is there anyway to use a cheque to top up?
278	I anticipate getting a Visa card
279	What services can I use to top up?
280	Are there any charges for topping up my card?
281	A fee shouldn't apply to me if my card was stolen.
282	In what way can I change my PIN and where do I need to be?
283	How do I change my PIN abroad?
284	How would I top up with a cheque?
285	Do you guys have any age restrictions?
286	How do I get my card on the app?
287	Why did I get charged for a withdrawal?
288	I have been waiting for my card payment to be moved from pending status for an unusually long time. What is going on here and do you have an idea of when I can expect it to go through?
289	What are the disposable virtual card limits?
290	there is a debit i dont recognize
291	Why does my account show as pending a cash withdrawal from the ATM that I have already made?
292	It looks like my top up didn't work. Why?
293	What would I be charged in receiving a SEPA transfer?
294	Transaction refund missing from my statement.
295	Why isn't my deposit showing up?
296	How do you do currency exchanges?
297	I deposited cash this morning, but it's not showing up in my account. Can you tell me where's my money?
298	How many days until my US transfer arrives?
299	I got less money than I asked for.
300	My rate of exchange was wrong.
301	A receiver let me know that they didn't receive the full transfer I completed and that it was actually a bit less than what I sent. At this point I have to make another transfer to make up for the amount missing. Can you please follow up with what's going on here?
302	Have a payment that I haven't done.
303	where is my money from this morning
304	There is unexpected money in my account.
305	Why did I get charged a fee for transferring money?
306	I saw money was taken out of my account by a seller a while back. I do not recognize the seller, but I'm pretty certain I didn't make that payment. Can you track who the seller is?
307	The app won't identify me.
308	I lost my phone, what should I do?
309	Am I able to do top-ups with Google Pay?
310	I just got an error message saying my transfer is not possible? Why is that? I've transferred money before and it worked without problem
311	Does it cost money to top up?
312	How come I didn't get a virtual card yet?
313	How do I transfer funds directly from my credit card?
314	Are cards available to those outside of the UK?
315	I sent money to a person and they haven't received the payment yet.
316	I did a money transaction and the recipient doesn't see it
317	Will I get charged on a foreign currencies exchange?
318	Why was I charged a fee when making this transfer when I shouldn't have been?
319	Around one or two weeks ago I purchased something but there's seems to be an issue. I have already received one of the items, but today the money was placed back into my account. What is happening?
320	I got charged fees for withdrawing cash!
321	My top-up was reverted by the app.
322	Is there a limit on how many times I can use a disposable card?
323	How do I get my cash withdrawal to show?
324	I sent money about 5 days ago and the recipient has not received the money yet.
325	My password doesn't work.
326	my top up isnt there yet where do i find it
327	How do I receive a card?
328	Payment did not process
329	I bought something and received it, but the payment went back to my account. Is the seller okay?
330	If there isn't much money left over, will it top-up automatically?
331	Do you accept Mastercard?
332	Why is it showing that my account has been charged a dollar that is showing as pending?
333	In my account I noticed my ATM withdrawal is still pending
334	How do I withdraw money?
335	What fiduciary currencies are supported for tenure and exchange?
336	how can i add money to my account if you don't accept cash
337	Can I use a transfer to receive my transfer?
338	My transfer hasn't appeared yet
339	I tried using my card at multiple vendors and now it's not working.
340	What forms of ID do you need for identity verification?
341	Please help me change my PIN.
342	I need to have an item refunded.
343	where to i get my funds from?
344	My card is not able to be activated how do I get it to work?
345	I was recently mugged and would like to know if I have to have access to the app to use your services and how I would go about setting up your services on a new device belonging to a current user?
346	What is your maximum top up limit per day?
347	Can you tell me if I can track the card you sent me?
348	Who do I talk to about the ATM swallowing my card?
349	How do i cancel a charge?
350	My purchase from this morning still is pending.
351	What if my top up doesn't go through?
352	Can I use my card for online payments?
353	Hello. I looked at my account and see that a transaction I tried to do is pending, but I did not complete that transaction. When I was at the ATM, the machine declined my card. Can you make sure that transaction does not go through because I definitely did not receive the money.
354	I am very upset that i went to use my new card today and it kept getting declined. Why is this happening and what do I do to not have it declined?
355	Been trying to transfer money this morning but keep getting rejected. I don't understand why this is happening.
356	Everything was stolen from me. I can't use the app. Please advise.
357	Why does my transfer still say it is pending?
358	How do I use a card to top up?
359	What information do I need to gather in order to activate my card?
360	where can i located the auto top up function?
361	How long does it take to verify a cash withdraw?
362	What are the details of disposable card limitations?
363	Why do I need to verify my identity?
364	I have a payment I didnt make on my account
365	Can I get paid for this in another currency?
366	I know there's money in my account, why did my account decline me?
367	I happened to forget my passcode
368	I didn't mean to do the transfer, is there any way to cancel it?
369	How many days does a regular transaction take to complete? I see a pending payment that hasn't changed in the last several days.
370	I'm travelling abroad but I've run into a situation where I need to change my PIN immediately. Can I do this from here?
371	Why isn't my id verified?
372	What forms of ID work for verification?
373	Hello. I tried doing a topup and I thought it worked, but now the money is no longer in my account. Can you explain?
374	My money is all gone. What ways are okay to add money to my account?
375	Can I see my available money?
376	How can I exchange to EUR?
377	Card refund is not showing up in my statement.
378	How can I check on the delivery status of my card?
379	Cancelling a transaction
380	My cash withdrawal was short.
381	I need to move money to another beneficiary. Why is it not working?
382	Your exchange rates are coming from where?
383	I would like to get both a Visa and MasterCard?
384	A transfer to my account shows as still pending and I wanted to know how long it is suppose to take to clear.
385	I'm worried that my card has been compromised because I see a payment that I didn't make.
386	Do you provide cards to people not in the UK?
387	I have lost my card, but need to place an online order! How do I get a virtual card instantly?
388	There is a Direct Debit that looks suspicious.
389	I lost my phone. Can I disable to app?
390	Why is my card payment still pending?
391	I don't recognize the direct debit payment on my account.
392	I found my old card. Can I link it back into the app?
393	I have an account at another bank, but I want to transfer some of the money to my account here. .
394	I think that my card has been stolen!
395	What cards do you offer?
396	My card hasn't been working when I try to use it.
397	I have an unknown debit charge in my statement, why?
398	Can you tell me where to go to get a disposable virtual card?
399	I want to cancel my account.
400	Am I able to track the card that was just sent to me?
401	How do I input a new address?
402	Tell me if there is a limit to top-up.
403	Please help me find my top-up verification code
404	Are there a certain amount of transactions i can do with one disposable card?
405	Why is it necessary to verify the top up?
406	When will I receive my card?
407	My card is not working when I try to use it.
408	I left my phone at the hotel.
409	Please tell me why I would have to pay a fee for a recent payment. Thanks.
410	How long does it take for a pending cash withdrawal?
411	I would like to get an account for my child.
412	My cash transaction isn't showing on my account
413	How can I check to see where my funds come from?
414	I lost my phone and need help protecting it.
415	My statement shows an extra fee - what is it?
416	I'm not verifying my identity.
417	Where are the ATMs that I can use Mastercard?
418	I still do not see the cash deposit in my account from last week. Why?
419	I tried to buy something and it was declined and my transfers keep getting declined, Why?
420	I need my card right away.
421	Hey, I tried to withdraw some cash earlier and it's saying it's pending? Will I be charged for this?
422	What physical locations can I use cash to top up?
423	I need a new PIN number.
424	Could google pay and top up be together?
425	I have lost my credit card in the ATM!
426	Why is my last cheque deposit taking so long?
427	I would like to retract my purchase.
428	When can I expect a transfer from Europe to go through?
429	Is it possible to have a discount for exchanging currency frequently?
430	How long does it take for a new purchase to stop being considered pending?
431	How much can I top up on my card?
432	Okay, I found my card, can I put it back in the app?
433	Why is my top-up showing as cancelled?
434	where did my funds come from?
435	I haven't yet received money that I transferred
436	Lost password
437	Please explain how disposable virtual card work.
438	I saw a fee on my app from one of my payments and I wasn't sure where it came from. Is there a way you can tell me when there's an additional fee for my payments?
439	I don't recognize this withdrawal on my statement
440	I did a topup successfully but its not showing in balance. I think there is some problem in system.
441	Is there always a charge when withdrawing money?
442	On a card payment, why is there a fee?
443	My virtual card isn't working.
444	What is the reason for the identity check
445	Do top-up limits exist?
446	My disposable virtual card won't work.
447	How do I top up with a cheque?
448	Someone has access to my card info. I still have the card, but someone just withdrew cash. How do I get this corrected/stopped?!
449	I managed to drunken block my card :(( Help!
450	Why is top-up verified?
451	I do I top up from my Apple Watch?
452	Why am I being charged the wrong currency exchange when I purchased something abroad?
453	My top up did not show up as shown and my money has disappeared, can you help me fix this glitch problem?
454	I did not make this payment that I see in the App.
455	What age do you have to be to open an account?
456	The transfer I made isn't reflected in my balance
457	I normally don't use ATMs, but I was in a rush today and had to withdraw some cash. The ATM gave me the wrong amount of money and now my app is not showing the same amount as it should. What do I do?
458	I was charged an extra pound for no reason. Why is that?
459	I finished my transfer. I am having an issue with it still pending. It has been a long time and i'm growing impatient
460	How can I change my information?
461	I need to order a new card.
462	How dp i top up with a cheque ?
463	The app doesn't believe that I am myself
464	The refund doesn't show in my account
465	How many times can I use my disposable card?
466	I want to be sure that everything is okay here. I just made a transfer from a UK account and it is still not showing up. How long does this typically take?
467	My address details have changed and I want to update them
468	I made a check deposit but the cash hasn't arrived in my account yet.
469	Where can I get my currencies exchanged?
470	Do I get charged if I top up with my European bank card?
471	I used my pin too many times.
472	I had a seller reach out to me saying my money didn't come through to them, but I'm sure it was removed from my account. Can you figure out what the deal is here?
473	Why does it show that my transfer is still pending?
474	How can I choose between Visa and Mastercard?
475	What do I do if I've been charged twice for the same transaction?
476	The expiration of my card is near, how do I order a new card?
477	When will the check I deposited post to my account?
478	What happens if my card expires?
479	Is there a fee for a cash withdrawal?
480	Can I use my apple watch to top-up?
481	I got a strange fee when I used the ATM.
482	What if I want to add a card I already have to the app?
483	What reasons would cause my card payment to be cancelled?
484	I have a payment that is still pending
485	I want to get rid of the account, and delete personal information .
486	How do I find the refund on my statement?
487	Whats the process of tranfering money into an account?
488	For some reason my card payment hasn't worked. what can I do to look into that?
489	I haven't received money from a transfer?
490	Will I be able to track the card that was sent to me?
491	I did a transfer and I was charged a fee that shouldn't be there!
492	Is my card denied anywhere?
493	I've already tried 5 times to complete a transfer that's just standard. What's the deal? Is your system down at this time?
494	I wanted to take out $100 but I only got $20.
495	When will my top-up be completed?
496	my pin hasn't arrived in the post! How do I cancel it or get a new one?
497	Is it possible to order a card?
498	My payment is taking a long time to go through.
499	My top up didn't go through
500	Is my new card activated?
501	How much does it cost to top up a US-issued card?
502	I made an online purchase and the order has not shown up. Give me my money back.
503	Is there a charge for transfers?
504	How can I change my name in my profile?
505	I would like to know how much I can top-up.
506	Can you please assist me in Apple Pay, in getting Top Up to work?
507	Can you explain why I was charged extra when I used the card?
508	Can I unblock my PIN in the app?
509	When will my new card be delivered?
510	How are the exchange rates determined?
511	Will I be charged for adding money using an international card?
512	I see a $1 charge in a transaction.
513	How do I use the disposable cards?
514	I'm confused as to why my transfer is still listed as pending on the website.
515	I moved, can I edit my personal details?
516	Will my money be of equal value when I travel abroad?
517	Can i make several disposable cardsper day?
518	My card is about to expire. Do I have to go to a branch to order a new card?
519	There is a cash withdrawal in my account that isn't mine.
520	What are the reasons a beneficiary would be denied?
521	I just bought an item and would like to stop payment, is this possible? The item has not been received yet.
522	Will my other US credit card be accepted?
523	I think my account has been hacked there are charges on there I don't recognize.
524	If I need to top up with cash where should I look?
525	Why is a transfer I have still pending?
526	I have an unknown charge.
527	I need to see where my money came from.
528	There are a few transaction that I don't recognize, I think someone managed to get my card details and use it.
529	Are there any express fees if i want my new card faster?
530	Where do my funds originate from?
531	What should I do when my card reaches its expiry date?
532	My card hasn't arrived in the mail yet. I ordered it two weeks ago. What can I do?
533	How do I cancel a transfer?
534	Hello, I noticed there is a payment from my card to a business that I am not familiar with. I definitely did not make this payment.
535	What are the charges for topping up US card?
536	I am yet to receive the money in my account how long will this take?
537	A transaction I did to my friend hasn't arrived yet, why?
538	What are the uses for disposable cards?
539	Why is there a fee on my money transfer?
540	It declined my transfer.
541	lost my card in atm
542	My card is about to expire. How do I order another?
543	May I transfer a cheque into my account?
544	My card payment failed.
545	How do I fix my card if it is broken?
546	Is there a topping up limit?
547	I need your help immediately. There is a 500£ cash withdrawal that I know nothing about. I think my account has become compromised.
548	What is the charge for using a Top up card in the US?
549	How long will it take my card to get here?
550	Why isn't my balance updating after depositing cheques and cash.
551	I need someone to assist me with explaining how much I can top-up.
552	The exchange rate for foreign ATM currency is wrong.
553	I can't get my virtual card to work.
554	Is there a money transfer fee?
555	I thought that transfers are free. Why was I charged an extra fee?
556	I tried to get money out of the Notting Hill ATM earlier, but I wasn't able to get it to work. Is my card with issue? It's the first time I tried using it.
557	How does one send me money?
558	How can I change my password?
559	I don't know what my passcode is, can you help?
560	Tell me why my transfer is pending.
561	Why did the ATM swallow my card?
562	I am unable to transfer money. I believe it is not working because it states it was declined.
563	I'd like to order an additional card
564	My card won't work at all for anything.
565	What's a verification code?
566	Is there a reason my top-up has been cancelled?
567	I don't see any change in my balance.
568	There's a weird payment showing in my app that I definitely haven't made myself, as I haven't used the card at all that day. Please cancel that and return my money.
569	I received the wrong color and size, can I return it?
570	I tried to use my debit card, but the payment did not work.
571	How come the money from the merchant appeared back into my account?
572	I would like to know how exchange rates are calculated when transferring funds.
573	Exchange rate for my card payment is wrong
574	what cards can i use to add money to my account
575	I need several cards per day. And I need to be able to throw away all of the cards I make.
576	How can I dispute a direct debit transaction?
577	Why can't I see my refund in my statement?
578	THere is some cash that is showing up on my app.
579	I tried and tried, but I could not complete my transfer. Tell me what is wrong.
580	My credit card got declined for top up! What's going on? Can you check on why it didn't go through?
581	There are a couple payments with my card shown in the app that i really didn't make myself. What's going on with this, does someone has access to my card?!
582	How long does it take for me to get my pin
583	why don't you accept american express for adding money to my account
584	I use my card internationally to manage payments and I just noticed that you are adding additional fees. Why? I am a good customer and this has me thinking about leaving.
585	What is the highest amount I can top-up?
586	My card doesn't work when I use it.
587	Can you close my account please?
588	why was a transfer declined
589	What is the delivery time to the US?
590	can usa residents get a card?
591	I'm having problems making a transfer to another account. I keep getting a declined message. I know that the information I'm putting in is accurate because I have checked it more than once.
592	How long will it be to get this new card?
593	how do you get exchange rates
594	Hi, I have transferred money but beneficiary's account is credited with less amount. Now i have transfer the difference of the amount. I think there is some issue, could you please look into this.
595	I want to link to my card card with you, how?
596	How much will it be in order to pay with a bank transfer using SEPA?
597	why was my payment reverted on the app
598	Can you please tell me why my transfer failed?
599	What is the cost and time frame of getting a new card?
600	My payment has been cancelled
601	There is a pending 1£ charge on my statement. I haven't purchased anything for 1£. Why is it on my statement?
602	How can I use my American Express to add money into my account?
603	Can I top up my balance with a cheque?
604	my refund has not hit my account yet
605	I got a message saying I made a withdrawal from the bank machine, but I did not.
606	Why was my card declined?
607	I deposited some money, but the balance has not changed.
608	How can I check how much free spending I have left? I have some big purchases coming up and want to know where I can look for any info.
609	Too many times I entered the incorrect PIN. How can I get my account unblocked?
610	I am having a slight problem with my American express in apple play, can you help me fix the problem with top up?
611	I want to top up my account with a cheque
612	It is listed in my app that I made a payment which I did not actually make
613	Why was I charged a fee on a cash withdrawal?
614	Why is the app showing a still pending message on a withdraw that has already been done?
615	Why isn't the transferred money there?
616	My refund for a purchase hasn't cone through yet.
617	How do I get a spare card?
618	How do I get my money back for a duplicated charge?
619	The amount of cash i have received is not correct.
620	I tried to withdraw 40 pounds but only 20 came out. Did you steal my money?
621	I couldn't transfer money to my bank, why not?
622	I tried to use the ATM today but it would not accept my card.
623	My transfer has not arrived.
624	Tell me why there is a charge on my cash withdrawl.
625	where can I find the auto-top up option?
626	I need two cards. Is this possible?
627	Why is there a pending time on my transfer?
628	Would reinstalling the app solve the problem?
629	There is no way for me to prove my identity.
630	What is the number of transactions I get with a disposable card?
631	I can't add any more money.
632	Can I use a check to get gas?
633	Why is my transfer pending?
634	Can I have a Visa card?
635	Do you need my birthdate?
636	Where can I do a cash withdrawal?
637	I need a transaction reversed from my account.
638	I would like to close my account, as I'm not happy.
639	I am still waiting for a money transfer to appear.
640	Can I top up using my apple watch?
641	Hi, I tried topping up for the first time today (I'm a new customer), and the transaction has shown as pending for the last half an hour. Can you fix it?
642	Why was there a fee with my cash withdrawal?
643	can i get a virtual card
644	Problems with my top up
645	Do I get a mastercard and visa?
646	I have a disposable card but it does not work?
647	What is the top-up limit for my card?
648	What will I need to verify my identity
649	I was under the impression I can make transfers for free. I made an online purchase for something that was obroad and there's some additional strange fee. I've never seen this before and this isn't fair.
650	I lost my card, what do I do now?
651	Is my new bank card on the way and is there a way to track it?
652	The card that I have isn't working. This is the physical card.
653	How do I use a check to top up?
654	Why did the app deny my top-up?
655	My card is not working.
656	I would like to cancel my previous transaction
657	What if I type in the wrong PIN too many times?
658	Does it cost anything to buy something from another country? Like is there going to be hidden transfer fees or currency conversion fees?
659	Why is my transfer pending when I already made it?
660	I purchased something abroad but the exchange rate is incorrect.
661	What fiat currencies are used for exchange?
662	I moved and need to change my address.
663	why does it take so long to verify my id
664	I bought something that I need a refund for.
665	I can't verify my ID. Why?
666	Needed gas, been delayed for half an hour.Please fix it!
667	I do not understand why my pass-code is not working.
668	What is the reason I got rejected for using my disposable virtual card to pay a subscription to the gym?
669	Do you charge for transfers?
670	Is there a limit for top ups?
671	How can I verify my top up?
672	I have a cash withdrawal that says it's pending, why?
673	Do you offer account services for children and teens?
674	My account is showing a double charge.
675	I can't get a contactless payment to work.
676	I need to withdraw money. Where can I do that?
677	I would like an extra card.
678	I needed to make a payment on my account, but I typed in the incorrect number. The app won't allow me to cancel this transaction. I need it cancelled ASAP!!
679	I do not need GBP, I need AUD, how do I convert it?
680	Unsure how to provide my identity.
681	I looked at my statement and found a payment I and found a mistake.
682	use my credit to add money
683	Is the fee with my cash withdrawal a mistake?
684	Can I choose between Visa and Mastercard?
685	The ATM ate my card; how do I get a new one?
686	Why am I unable verify my id?
687	what documentation do I need for the identity check?
688	Why can't I take $100 out
689	I've already sent the money out and still have not received money in my account.
690	My transfer didn't work how come?
691	I am having trouble finding the top-up card verification code.
692	My card payment has had the status of pending forever. What is the issue? It should have gone through at some point.
693	I have been charged way to much so something is apparently wrong with my exchange. I changed Russian Ruble into UK pounds.
694	I deposited money but my balance hasn't been updated yet.
695	I'd like to delete my account.
696	I would like to be assisted with the activation of my card.
697	Is there a limit to auto top?
698	I just had a look at my statement. Why have I been changed for using the ATM?
699	stop the transaction
700	How can I delete my account?
701	How do I top-up automatically?
702	When will my new card arrive?
703	Just today there was a purchase on my card that wasn't done by me. Can this be reversed and my card be frozen? I can't have this continue!
704	I need help as fast as possible! I made a mistake on my most recent transfer; can you please stop it before it goes through?
705	Do I need to go to a physical bank to change my PIN?
706	I prefer using Mastercard, can I substitute?
707	Tell me what ATMs allow me to change my PIN.
708	Which fiat currencies are supported by you?
709	Where is the cash deposit I made?
710	Can I use my account even though the identity verification has not passed yet?
711	Why didn't I receive the right amount of cash at the ATM?
712	My wallet was just stolen, and they've already used my card! Please help, I can't afford to lose more money!
713	Can I change my PIN on holiday?
714	I have a top up card. Where is the verification code?
715	How long does a payment show as pending before i should worry about it?
716	Why can't I see the top up I made?
717	Is it possible to exchange currencies using the app?
718	Why can't my beneficiary access my account?
719	My wallet is empty even though I topped it up an hour ago.
720	Did you lose my money? I had added funds through top-up not long ago and I know they were in my account, but they seem to have disappeared. What happened?
721	what are the reasons why you would not be able to process a payment
722	I don't see a money transfer yet
723	I believe my exchange rate is incorrect
724	I should only have one charge, but it shows two.
725	Show me how to verify my identity?
726	Which currencies do you work with?
727	Do you know the process how to activate my card?
728	Where do I go to add a new card?
729	What do I have to do to cancel a transfer?
730	Does the package with my card have tracking?
731	The app shows a withdrawal that I did not make or authorize.
732	There is a withdrawal on my account I didn't make.
733	It looks like the exchange rates on my card payment are wrong
734	Explain the activation method for this card
735	Do I get a card to keep in my wallet?
736	What is necessary for the identity verification?
737	I am on vacation in Spain and think someone saw my pin when… Can I change it at a local ATM?
738	When will my returned transaction show up on my account?
739	What's the maximum amount I can top up my card with please?
740	Why is it taking so long for a transfer to complete!
741	I'm still waiting for a money transfer to show.
742	What ATMs can I use this card?
743	I want to transfer some money from my other bank account into this one.
744	Hi, It's urgent, please freeze my card. As someone has withdrawn money using my card in odd remote town. Since i have not done this withdrawal. Do it fast.
745	I want to have an item refunded can I do that?
746	How do I delete my account now
747	I think I was charged double for something I bought - how long should I wait before reporting this?
748	Why has my top up not gone through yet?
749	At which ATMs can I use this card?
750	My card was declined and I did not receive money from the ATM earlier, yet it show on my account that it is pending.
751	Can my PIN changed remotely without visiting a bank?
752	Im going to need to make a transfer from a UK account but I need it to go through ASAP. Is that going to be possible or will it take forever?? Im hoping it will be a couple hours and not a couple weeks.
753	What are my payment options for topping off my account?
754	What do I need to do in order to use my card I just got?
755	The card has suffered a security breach.
756	Have you sent out my card yet?
757	What are eligible holding and exchange currencies?
758	Can this convert money?
759	I put money in my account a week ago but its still not there, what is happening?
760	My card still hasn't arrived after two weeks, now what?
761	I want to top up my account. Can I do it with Google Pay?
762	What is the fee for a cash withdrawal?
763	Change of location, need to change details
764	Will you help me unblock my pin after putting in the wrong pin too many times?
765	I think the exchange rate is wrong for my ATM withdrawal
766	There is a direct debit fee in the App that I didn't do.
767	What US credit cards do you accept?
768	I lost my card n need a new one.
769	I would like for someone to tell me which fiat currencies that your company supports.
770	How can I tell if my top-up has been cancelled?
771	I need to dispute a direct debit.
772	Can you assist me in acquiring a virtual card?
773	Could you refund my transaction, I paid it into the wrong account. I need to be able to pay it into the right account by tomorrow.
774	A transfer I sent was received in less than the full amount I originally sent, and now I have to send additional funds to cover the full amount. What happened?
775	How do I make my PIN work again?
776	I'm trying to verify my top-up card, but I can't find the code...?
777	How can I solve my issue with holding multiple currencies?
778	What do I do if I have been charged twice?
779	Are you able to guide me to my card's location?
780	I sent a payment to the wrong account number - can that transaction be reversed? I am worried about accidentally giving my money away.
781	I need to transfer funds from my other bank account into this bank account.
782	Where can I get money from my card?
783	Which ATMs accept this bill of fare ?
784	My exchange rate isn't correct.
785	When will I have access to my pin number?
786	I do not recognise this card payment.
787	Why was the payment on my card declined?
788	Is my card payment reverted?
789	Hello I changed my mind and want a refund on one of things I bought recently. Can you please cancel the transaction and get me my money back. Please it's urgent.
790	How do you do exchanges?
791	I left my phone at the hotel I was staying at so I can't use the app!
792	This is frustrating, I'm at work and my transfers are not going through. I keep getting an error message, I do not have time for this.
793	How can I prove who I am?
794	How do I change to a different currency?
795	Do you give out Visa or Mastercards?
796	I deposited a cheque, but my account balance stayed the same.
797	I just looked at my app and it seems I was charged extra, why is that?
798	Where do I go to verify my identity?
799	If I want to add funds to the account using American Express, how do I do that?
800	How can I change currency type?
801	Do you accept cheques for top-up?
802	My Bank is in Europe, how long will the transfer take?
803	What do I do if I detect fraudulent use on my car?
804	how do I get my card to show in the app?
805	What do I owe for a new card?
806	totally unacceptable. I'm stranded with no cash because the ATM wouldn't give me any money!
807	What do I do if my card is about to expire?
808	Last Saturday, I made a payment and the exchange rate was wrong. I was charged too much.
809	There is a direct debit charge on my account that is not mine.
810	I think the bank made a mistake on the exchange rates
811	I'm still waiting on my new card to be delivered!
812	My latest payment was declined! What happened! I was told everything had been resolved and was back to working order again.
813	There was a charge made on my card from a couple weeks ago and I don't remember making the purchase. Nor do I remember the company itself. Can we trace this at all to confirm if I did it or not?
814	Can i get money in my home currency at some ATM ? As I am on holiday and bit concerned because i do not have any cash with me . Is it possible to withdraw without any additional cost.
815	My cash deposit from a week ago is still not in my account. Can you help me please?
816	I need my card immediately.
817	I found a transfer fee - is that correct?
818	How will I know what the exchange rate is?
819	My card was working but now it doesn't.
820	I would like to get both Mastercard and Visa card from you if that's possible.
821	im worried about fraud how do you protect my account
822	i need to trace a deposit
823	Is there a way I can have a mastercard?
824	Can I top up using my cheque?
825	Are there any reasons that my identity wouldn't be accepted even though everything I've provided is factual?
826	Why hasn't the transfer shown up in my account yet?
827	Someone else charged my card!
828	Can I get an update on my replacement card?
829	Why does top-up need to be verified?
830	Why do I see a random withdrawal in my app?
831	How much do I have to pay if I want to transfer money?
832	Do I get charged if I am receiving money?
833	I have been charged to much for the object I bought when abroad, the exchange rate seems to be wrong.
834	Why am I getting declines when trying to make a purchase online?
835	how to get a new card in china
836	What card or currency can I use to pay?
837	I've obtained the card, how do I enable it on the app?
838	My preference is Mastercard.
839	Are you ripping people off with the exchange rate? It can't be that atrocious between banks.
840	Help me unblock my account. I entered the PIN wrong too many times.
841	What is the maximum transactions I can use on a disposable card?
842	How do I activate my new card I just got?
843	I did not receive the right amount of cash.
844	I can't input my pin again.
845	My card wont work at an ATM
846	is there a limit to top up
847	Can I top up?
848	Is there a limit to my top-up?
849	I had a decline on my card. Why?
850	Do you hold money and if so, what currencies do you accept?
851	What do I do to link my new card?
852	When will the money show in my account?
853	No refund showing in my statement.
854	How long will my top-up be pending?
855	There is payment showing that I didn't do.
856	i want to get a card but i live in the US
857	I can't see a transfer to my account I made.
858	A seller is stating that they haven't received money yet when the money has already deducted from my account.
859	I keep being asked to verify my identity. Is this normal?
860	I sent a cheque to you a few days ago and the deposit has yet to appear in my account. I need this money, what is the problem?
861	The app does not know it is me.
862	How can I close my account?
863	Am I able to use my account if the identity verification is not complete?
864	My card payment has failed.
865	Why would a transfer to a beneficiary not go through?
866	I think there's a purchase at a store that I didn't go to.
867	Is there a fee to order a physical card?
868	Is it possible to use my apple watch for topping up?
869	I did not receive all of my cash back
870	How do I get started when I get my card?
871	Would you please tell me the status of my refund request for a large purchase I made not long ago? I contacted the merchant nearly a week ago, but haven't received it.
872	How old do you need to be to have an account?
873	Is there a reason my top-up has not gone through?
874	How can my account have money transferred into it?
875	How does my top-up got cancelled?
876	I could not get the ATM to work
877	What card types can I choose from?
878	I just made a top-up but it shows as pending! I use your service all the time and have never had a problem before. Why does it keep showing up as pending?
879	Can you tell me if there are limits to disposable virtual cards?
880	How many times can I enter a wrong PIN before it is blocked?
881	I would like to exchange currencies on the app. How do I do this?
882	What happened! I asked for 30 pounds at your ATM and only go 10. The machine lied about it too. It said I received the full 30 pounds. Someone better help me asap on this.
883	I am not happy with your service and request that my account be terminated!
884	My daughter needs to open account.
885	Hi, I draw out some money from the ATM today. The ATM has given me wrong amount and the application is displaying more amount than i withdraw.
886	Please help me. I don't know my code to get into the app.
887	Why was I declined from getting cash?
888	What is the delivery time for US?
889	There are transactions that I don't recognize. What do I do if I think someone is using my card?
890	Can I return an item?
891	Does a US transfer take long
892	I made a card payment by my card but it failed. Please let me know when the payment will get completed as its still pending.
893	How do I top-up while traveling?
894	Please help me set up a new PIN.
895	When will the cash that I put in the ATM be cleared from pending status?
896	Why won't my transfer go through?
897	What currencies and cards do you support?
898	Do I have to manually top-up my account each time or will it do it on its own?
899	I'm stuck here at your broken ATM and I don't know what to do next. Asked for 30 pounds, got 10. ATM said I got 30. Something very wrong here and I want my money now!
900	I just deposited cash to my account and can't find it!
901	I am inquiring about a $1 charge on my statement.
902	Why wouldn't my contactless work for the metro?
903	I think I may have been charged $1 extra on my app. Could you provide some insight as to why this may have happened?
904	I tried withdrawing but my cash is not showing up?
905	How long do I wait for a transfer to take?
906	How much can I top up in a day?
907	How do I stop fraud to my account?
908	My refund isn't showing up
909	What are the limits to where my card will be accepted?
910	I deposited a check a few days ago and it's still not gone in! Please help me with this
911	Are you sure this is the interbank exchange rate? This rate is really bad.
912	How can I obtain a disposable virtual card?
913	Can you tell me why my credit card was declined while trying to top-up?
914	The app rejected my top up
915	Can you tell me how to locate my PIN?
916	Is there a reason my refund isn't showing on my statement?
917	I haven't received my card.
918	Is it possible to get a disposable virtual card as well?
919	How do I know where I can use my card?
920	Is there any way to get my salary in a different currency?
921	Help, your app is showing a larger WD than I actually did earlier at an ATM.
922	I requested a refund directly from the seller but I still don't have it. I just want you to send me my money back. I did what you said to do and I still don't have it.
923	How can I go about resetting my passcode?
924	Can I have money of different country of origin.
925	Someone used my card without my permission.
926	I do not know why I was charged for the $1 transaction.
927	How do I query a payment on my card? It looks like I have paid for the same thing twice.
928	May I reactivate my card? I previously reported it lost, but have now found it safe and sound.
929	After looking at the app I noticed a couple of payments I know I did not make. Is it possible someone has accessed my card? What is actually going on?
930	I think there has been a mistake on my exchange rate for this purchase.
931	How long do EU transfers take? I bought something online a couple days ago , sent the money immediately online but the seller says it is still not there yet
932	I can't see if the transfer I did a couple days ago is in my account yet. I double checked my info before sending, too. Can you check this?
933	How do you determine exchange rates?
934	Why won't my card work.
935	My transfer is still pending
936	I've been waiting for over an hour for a top up to go through. How long is this supposed to take? I really need this money.
937	How do I know what my PIN is?
938	What documents do I need to get together to verify my identity?
939	can i use my mastercard to add money to my account
940	How to order my card?
941	Can I exchange from USD to GBP?
942	I would like a disposable virtual card, could I get one?
943	Tell me why my transfer was declined.
944	My Apple Pay top up with my American Express card is not working? Please tell me why
945	My credit card payment has been in pending status for a super long time. I don't get it. Why is it like this? When will it go through?
946	How much would an extra card cost?
947	Won't let me top my card up!! Who can get it sorted out for me? It's urgent! How do I find out what the problem is with my card and how else to top it up?
948	Is my card valid everywhere?
949	The exchange rate given to me after a purchase, was incorrect
950	Why was a fee added to my bill when I used my card?
951	Why is my card payment still listed as pending?
952	Tell me more about getting a virtual disposable card.
953	My payment has not been accepted.
954	I tried to buy something online yesterday but it kept saying declined. Tried again today but same thing happened. What's wrong?
955	Why isn't my beneficiary allowed?
956	Can I transfer using SWIFT?
957	I ordered a card and would like to know how to track the delivery progress of it.
958	I didn't cancel my card payment.
959	I can't activate my card?
960	how do I find the code to verify the top up card?
961	Why check my identity?
962	What do I need to do to receive my payroll in the account?
963	I have a card payment which shows as pending
964	You sent me a card and now I want to link it.
965	I think the exchange rate was incorrect.
966	How do I return something for a full refund?
967	What is this strange payment in my account?
968	how long does a US transfer take
969	How come I did not get a virtual card yet?
970	I did not get enough cash
971	What methods are available for my friend to send me money?
972	How long before I can see that my cash withdrawal has taken place?
973	Can I dispute a debit payment that I am seeing that I didn't make from a couple of months ago?
974	I have lost my phone.
975	Seems like my top-up has been cancelled
976	Why is my purchase showing as pending?
977	Is ordering a new card from China available?
978	Will I be charged for a top off transfer?
979	What is the max top-up?
980	I have transfered to my account before but it is being declined now?
981	Why did I get charged a fee on my card?
982	Is there a cost to receive money?
983	What's the problem? I thought you offered crypto top up. This doesn't appear to be working at all. My money has now vanished from my account.
984	I want to auto top-up.
985	Can my account be topped-up by friends of mine.
986	What should I do if I think someone stole my details and used my information to make some transactions?
987	It looks like a payment I've made hasn't made it through yet.
988	exchanging currencies costs what?
989	Where can I modify my details?
990	Hello I have a UK account. Can you please check if everything is alright with it? I made a transfer a couple hours ago but it doesn't show up yet.
991	Are there downsides to using a disposable virtual cards?
992	I don't want to give you all my identify details.
993	why do i need to verify the top up?
994	Why was I charged twice for the same thing?
995	I tried to make a transfer like five different times. Why won't your system let me? Is it broke?
996	The check I deposited yesterday isn't listed yet. Isn't that pretty slow? I need to see the balance increased by that check.
997	My transfer's stuck on pending.
998	What type of ID do you accept?
999	the exchange rate at which my card payment is at is wrong
1000	I can't seem to figure out why my transfers are getting declined.
1001	I could not get the cash I wanted
1002	How do I get the passcode reset?
1003	When will I receive a transfer from europe?
1004	What is this card payment, I do not recognize it.
1005	The transfer finally worked, but how long does it stay pending?
1006	How are foreign exchange rates determined?
1007	Why is there a direct debit to my account? I didn't do that.
1008	The currency exchange rate was wrong for a purchase I made.
1009	how long does it take to transfer money, my retailer is waiting
1010	I inadvertently completed a transaction on a wrong account.
1011	I think the currency exchange that's been applied is wrong.
1012	I was expecting my new card by now.
1013	I think my pin has been compromised, what do I do?
1014	I saw on the app that a cash withdrawal was completed on my account; however, I did not complete it.
1015	I deposited a cheque, why isn't my balance showing that I did?
1016	I put money into my account in the form of a cheque, but my balance did not change.
1017	I'd like to know how transferring my money into my account works.
1018	Can I use my card in another institutions ATM?
1019	Looks like my card payment was duplicated after all. I went to pay at the store earlier, got declined once,second time it works. App still stays pending for one of the payments. Can you please remove one of them as it's wrong and was declined?
1020	Why would my top up be reverted?
1021	Why was my transaction charged an extra fee when paying with my card?
1022	I cannot make a transfer to another account.
1023	Can I have a new card shipped to China?
1024	I think the exchange rate for the cash I withdrew wasn't correct.
1025	I would like a second card.
1026	There is an urgent thing that I need to transfer from China. Approximately how long will it take?
1027	What currencies are supported?
1028	$1 charge in transaction.
1029	Why didn't I receive the correct exchange rate for an item that I purchased?
1030	There's a possibility that my card was compromised.
1031	Do you have to be in the UK to get a card?
1032	I'd prefer to use my American Express when putting funds into my account.
1033	I am trying to transfer and it has been stopped why is that
1034	Which fiat currencies do you currently support? Will this change in this future?
1035	How do I reverse a transaction on my account?
1036	How can I verify if a cash withdrawal was made from my account? I still have my card with me but I did not authorize the withdrawal that just occurred.
1037	when i travel can it top up automatically
1038	Why has my deposit in the ATM not cleared yet?
1039	How long should I wait for the card to arrive?
1040	I notice that I have a card payment that's been cancelled.
1041	I have been trying to exchange this for crypto but the app won't work could you please help me?
1042	I want to add money to my international card, so are there any fees charged to do this?
1043	Would I be able to refund an item?
1044	What is the cost of a transfer?
1045	What is minimum age for an account?
1046	why did i only get 20.00
1047	Can I wait for you to send me a new card when mine's about to expire?
1048	I am not in the UK can i get a card?
1049	What is the estimated wait time for transfers from the US?
1050	Your ATM pin can be changed at any VISA or MasterCard ATM with PIN services. Certain countries don't support ATM pin changes.
1051	When does my transfer from the US arrive in my account?
1052	Where can I use my card to pay?
1053	How long does EU transfer take? I bought something online a couple days ago , sent the money immediately online but the seller says it is still not there yet
1054	My top-up hasn't gone through, what happened?
1055	How is the exchange rate calculated?
1056	How many top-ups can be approved?
1057	I CAN NOT FIND THE TOP-UP VERIFICATION CODE.
1058	Can I choose my Visa or Mastercard?
1059	I have exceeded all my PIN tries
1060	What is the reason for my beneficiary to be disallowed?
1061	On a card top-up, where can I verify?
1062	How long does transfers take?
1063	How to activate Google Pay for top up?
1064	I have a question about fee for cash withdraw.
1065	I would like to link my card to my account.
1066	Am I able to add money into my account using my American Express?
1067	Yikes! I didn't get the amount of money that I requested. What do I do now?
1068	I have a fee and I don't know why
1069	Why would my beneficiary not be allowed?
1070	Why has my card declined
1071	Which ATMs accept this circuit board ?
1072	I need to know when a payment will actually go through. I completed a payment using my card but it is just showing as pending at this point and it has been a while ago.
1073	An overseas cash transfer did not work correctly
1074	Are there only certain ATM machines where I can use this card?
1075	Please help me with my card payments which keeps getting reverted whenever i do online shopping. I am having this problem since last two weeks.
1076	How do you top-up using cash?
1077	I tried to do a transfer and it hasn't worked!
1078	I was wondering if you will take any fees in exchange for top ups?
1079	I am trying to complete a transfer but I keep getting an error message.
1080	What are the sources for the funds in my account?
1081	How to unblock my PIN?
1082	I only got $20 of the $100 that I attempted to withdraw.
1083	I didn't get my card back from the ATM.
1084	I tried to get gas but my money was gone!
1085	I just checked my account on the App and there is a payment on there that I did not make.
1086	ATM is broken. It did not give me the full amount (30 pounds.) I'm standing here with only 10 pounds and it's telling me it gave me 30 pounds. I need assistance now!
1087	Why was there a fee on my cash withdrawal?
1088	How long will it take for my payment to go through?
1089	How can I stop someone from using my card after I lost it yesterday.
1090	I just saw a charge for a cash withdrawal that I made! ATM withdrawals have always been free in the past, so why is there suddenly a charge? What is it going to cost me now?
1091	There are a couple of payments with my card shown in the app that I really didn't make myself. Why is it happened?
1092	I was just shopping and my payment was declined in a store! It was very embarrassing, what is going on and when will it be fixed?
1093	Give me my card, I need it now!
1094	Can both a Visa and Mastercard be received from you?
1095	i received my American Express in Apple pay, is there a reason why top up is not working?
1096	I need to do a card activation.
1097	I want a refund on a direct debit.
1098	Why are the payments being declined on my new card? I tried several times to use my new card to pay for my gas at the Shell station in my neighborhood. I am very distressed about my new card not working.
1099	I did not set up a direct debit I have
1100	During the last month I used this account to make payments for my place abroad. I noticed the fees have increased and I wonder why. Shouldn't frequent users have less fees as incentive to keep using instead of increasing them out of nowhere?
1101	I have used all of my PIN tries. What should I do now?
1102	i am express delivering my card to the us, how long will that take
1103	My top-up was rejected by an app.
1104	How can I update my personal information after moving?
1105	I made a purchase a few weeks ago but wasn't happy with it so recently requested a refund from the supplier. Can you check where the money is?
1106	Is an auto top-up option available?
1107	can i transfer money i the app
1108	I tried to use the ATM with foreign currency. The conversion rate applied was wrong.
1109	How do I reactivate a card I thought I lost?
1110	Please delete my account and personal information.
1111	How many disposable cards are available per account?
1112	How can I locate the virtual card?
1113	Why hasn't arrived yet a transaction I did to my friend?
1114	Hi, Please help me to request cash back. As i have been withdrawn money from ATM, but i got wrong amount. in Application its showing the amount i have been charged through.
1115	I see a direct debit payment on my statement that wasn't me
1116	My top-up didn't go through
1117	Can someone please help assist me by explaining to me why my pass-code is not working?
1118	I payed my rent to my landlord a few days ago and he is saying the it never went though. Everything looks good to me and I even double checked the account number. I don't know what could be causing the confusion. Can you help me please?
1119	I found my card that I thought I had lost, I need to reactive it, please help.
1120	There is a top up that has been pending for an hour and I don't know why. I was expecting it immediately and need it now!
1121	How would I change my details?
1122	How do I replace my card before it expires next month?
1123	My transaction went through but I was charged a fee. Why?
1124	I see a direct debit that I didn't authorize
1125	It seems I've suddenly been charged for my recent ATM cash withdrawal. What's up with that? I though withdrawals are free, you never charged me so far!
1126	Where do I look for cash top up?
1127	My latest transfer seems to be missing.
1128	I need a transfer cancelled.
1129	i received my American Express in Apple pay, why is top up not working?
1130	Can I see where my money is being transferred from?
1131	Can you tell me what countries you offer support for?
1132	How long do EU transfers actually take? I recently bought something online a few days ago, sent the money immediately online but the seller says it's still not there yet.
1133	How to verify top up card?
1134	Hi I'm sending some money over to an investment bank I do business and the transaction is being rejected. I'm not sure why as I think I have the right details.
1135	Where is the closest ATM I can use?
1136	There is a payment showing as pending and hasn't posted for a few days. When will it post?
1137	A duplicated payment was made for something.
1138	Am I able to look back at a transaction to see who with drawled some money from my account? I don't remember authorizing this a few weeks ago, but wanted to double check who took the money.
1139	I used the wrong account number!
1140	What types of top-up methods do you accept?
1141	Could you tell me the fiat currencies that you work with?
1142	I want to know why my top-up was reverted
1143	I have an American Express that I'd like to add money to my account with.
1144	How do I verify the top-up card?
1145	Can I order a disposable virtual card?
1146	Can you help me with my card, I think it's broke.
1147	I tried to do a transfer but I got a message that it was declined.
1148	Can I get information on topping up?
1149	Can I top-up my google pay?
1150	What is the reason my cash withdrawal is still pending?
1151	What is the refund policy?
1152	I prefer Mastecard.
1153	Tell me how a top up would be reverted.
1154	How do I exchange USD to GBP?
1155	I couldn't make a transfer because it was declined
1156	I need to cancel my recent transfer as soon as possible. I made an error there. Please help before it goes through.
1157	When I attempted to make a transfer, it failed.
1158	I am in desperate need to transfer funds from another account that i have into this one, how do i do that?
1159	The exchange rate for my payment last Saturday must be wrong because I was charged extra.
1160	How much is it to buy another card? I was hoping to buy another one.
1161	How long does it take to transfer from china? Is there a way to transfer it quickly, I need it urgently?
1162	how much do I have to pay for exchange of currency?
1163	Why is my PIN blocked?
1164	When will the money be made available in my account?
1165	My card has not come in the mail yet.
1166	Do you know which businesses will accept my card?
1167	Is it possible to get another card?
1168	I am missing my refund.
1169	My card needs to be topped up.
1170	My card needs to be activated.
1171	I got some cash at an ATM earlier, but now app is showing that I withdrew more than I did. Help!
1172	I see an unfamiliar Direct Debit payment.
1173	What is the time for a transfer?
1174	What do I need to do to link my new card for my account?
1175	What are the steps to get my card back that was kept by the ATM?
1176	I can't withdraw money
1177	Who can request disposable cards?
1178	How long does it take for a top-up?
1179	Am I gonna be charged for sending out more cards?
1180	Where did the money transfer go?
1181	Help me order my card.
1182	Help me verify the card used on a top-up.
1183	How long does a European transfer take?
1184	How will I know where my funds are coming from?
1185	I didn't see any reason why my transfer was declined. What gives?
1186	If I am not in the country and I need to change my PIN, how can this be done?
1187	Can I change my in at all ATM's?
1188	I think that someone may be using my card, but I'm not sure,.
1189	I need to figure out who has access to my card there are some payments I didn't make that are showing on the app. Could you please help?
1190	I could not get a top-up to work, why?
1191	can i get a card if i live in the US?
1192	I lost my phone! Will my card still work?
1193	There's been a transaction to the wrong account.
1194	are you sending me my card?
1195	I am having trouble activating my card.
1196	are there age requirements
1197	Please tell me how I verify my identity.
1198	Will I be charged if I add more cards to the account?
1199	I cant transfer money into my account
1200	My client was converting their Russian ruble into UK pound currency when they noticed their bill was much too high for the exchange. What happened?
1201	Why is there a direct debit payment on my statement that I didn't do?
1202	Can exchanged be made to EUR?
1203	How do I delete my account? I am dissatisfied with the service.
1204	How do I change my currency to another?
1205	How can I get my money back for a payment i didnt make
1206	My identity verification didn't work
1207	What if there is an error on the exchange rate?
1208	I transferred some money recently and saw a fee on my account, what's that for?
1209	Am I able to get a refund for a purchase?
1210	Will I be charged any fees if I want to add money with an international card?
1211	Can you tell me the limit for top ups?
1212	I'm not sure what is going on here. I've received payment back into my account for an item I've already received, from about 2 weeks ago.
1213	Can I have it by a certain date?
1214	Where in the app do I link a new card?
1215	Do you work in Greece?
1216	I topped up but it isn't in my account
1217	I feel as though I have been over charged for the exchange rate on my payment on last Saturday.
1218	Show me the source of my money.
1219	I need to transfer money into my account, and I don't know how to do that.
1220	My money has disappeared. I had recently added money in, and saw it was there and went through. Now it's gone. What is happening?
1221	What is the greatest number of times that I can top-up?
1222	Why is there a cash withdrawal I didn't make?
1223	I just realized I made the wrong transaction yesterday. Would you please make it correct?I need it by tomorrow.
1224	What types of currencies do you accept?
1225	How can I request cash back? The ATM just gave me a different amount than what I've been charged though...
1226	I didn't make a payment at this business.
1227	I require verification for my source of funds.
1228	There are a couple payments with my card shown in the app that i really make myself. What's going on with this, maybe someone has access to my card?!
1229	Is it possible to track the card you sent me?
1230	Hello, I have a pending transaction in my account due to an ATM machine that wasn't working. In any case if the transaction goes through, after how long can I get my money back?
1231	Why does top-up require verification?
1232	Do you charge a fee on currency exchange?
1233	I sent a cheque a few days ago and i noticed that no money has been put on my account. Can you please tell me the situation of my account?
1234	I want to change my pin number from an ATM. Is this possible?
1235	what are you going to use my identification details for?
1236	What's the youngest I can be to open an account?
1237	what do I need to do if the ATM kept my card?
1238	With what currencies can I add money?
1239	I need help from someone in your department with finding my nearest ATM.
1240	The exchange rate is incorrect for my payment.
1241	I need to top up, can I use google pay?
1242	I'm not able to withdraw money from the ATM but I'm not sure why.
1243	Why was I charged an extra fee when doing a transfer?
1244	Why can't I take cash out of the ATM?
1245	I would like to delete my account. I'm not happy with the service you're providing
1246	I am upset with your service. Please delete my account.
1247	There is an extra $1 charge on my statement, why is that?
1248	Please help me get a refund?
1249	I think my card is lost. What do I do?
1250	I didn't get all the cash I asked for
1251	Why is my app showing me taking money that I did not take out?
1252	Can I revive a physical card.
1253	I was not given the amount of cash I withdrew
1254	Do I have to top up in euros if I use a card, or can I use a different currency?
1255	where is my unknown payment from?
1256	There is a direct debit payment I don't recognize.
1257	I'm not able to activate my card how do I fix this problem?
1258	My card payment wasn't accepted.
1259	My things were stolen and I need to know if I can still use this app.
1260	How do I verify my top up?
1261	what are the reasons I have to proof my identity to you?
1262	What fees are charged when I top up
1263	Is there a certain age I need to be?
1264	why do I have to show my ID
1265	I want to add money automatically when I travel.
1266	Why am I being charged for getting cash?
1267	I want to revert a transaction I did
1268	Why were there additional charges when I transferred funds?
1269	I noticed that my card was charged more than once for one thing.
1270	Can I get a card in person?
1271	Why did my transfer fail? What can I do?
1272	Why are you charging me a transfer fee?
1273	I am required to make several disposable cards every day.
1274	Is it possible to give a second card from my account to my daughter?
1275	Please help me delete this account.
1276	I want to top up by transfering accounts, What do I do?
1277	I'm not satisfied with the services that you are providing. I would like to end my services and delete my account.
1278	I used my card to make a payment and wondered why the payment was reverted?
1279	where has my transferred money gone?
1280	What currencies can be exchanged in the app?
1281	You've incorrectly calculated the exchange rate for my cash withdrawal
1282	My top-up hasn't gone through
1283	What is the price for a physical card?
1284	I got a card, how do I get it in the app?
1285	I was checking my account when I saw a $500 cash withdraw that I know I didn't do. I have my card so I don't understand how this happened. Please help me.
1286	Your service is bad. Close my account.
1287	Can I add money to my account with cash?
1288	I did a transfer. What is the extra fee?
1289	I sent money to someone but they haven't gotten it, what's going on?
1290	I'm confused as to why my top-up did not go through.
1291	I need to get visa and mastercard
1292	Why is my identity not verified?
1293	I needed to send my friends some money urgently. I tried multiple times to transfer the money this morning, but the transfer keeps failing. Can you tell me why the transfer is getting rejected?
1294	I double checked that I have the correct account details already, they're right for sure. Transfer is still pending since forever. It should not have been done so.
1295	I haven't been able to complete any transactions on my card today. Do you know what's wrong?
1296	What are the disposable cards for?
1297	I made a payment with my card and it hasn't changed. How long do you think this will take?
1298	The virtual card won't work.
1299	I see a direct debit charge that I did not approve
1300	I had to pay one pound more than the set price!
1301	I going to be traveling, can I set up auto top-up if I run low on money?
1302	What do I have to do to get the contactless to work?
1303	I sent you a cheque a few days ago and I noticed that nothing has happened yet. Can you tell me the status of my cheque please?
1304	Tell me why my card payment would be reverted.
1305	I am tired of getting charged fees, and I have no idea why, please let me know what/when you charge fees for.
1306	I got my card now, how do I make it show up in the app?
1307	When do you charge fees on accounts? I just saw a charge on my statement.
1308	I'm looking to get an additional card.
1309	My account balance doesn't reflect an update I made by cheque yesterday. Is something wrong or is the system slow?
1310	I am still waiting for a refund
1311	My card is broken
1312	Hearing back from us regarding your important verification results may take 10 minutes to one hour time. If verification results do fail, double-check to make sure all of your images are clear -- make sure your photos have no glare or blurring. Note: These photos need to be readable as well. You also need to be 18 years of age or older. You must be a resident of Switzerland or the European Economic Area to open a new account.
1313	How long does it take for a transfer to finish pending?
1314	Can you tell me what the disposable cards are used for?
1315	How do I request a disposable virtual card?
1316	how many uses are the disposable cards good for?
1317	While getting cash, I was charged a fee.
1318	What is the process for transferring money into my account?
1319	I would like a virtual card...how do I get one?
1320	Why hasn't my refund been appiled to my account?
1321	I don't recognize a charge on my statement.
1322	What is a pending cash withdrawal?
1323	I think my card is broken or something. I tried using it and it wouldn't go through, please help.
1324	I no longer need AUD, I need GBP instead, how can I make this happen?
1325	I don't have a password.
1326	Does the card you sent have a tracking number?
1327	How do I get my card into the app?
1328	i transfered and yet it is still pending
1329	I would like to alter my personal details.
1330	Why was there an extra charge with the withdrawal of my money?
1331	Does a discount apply if I exchange currencies frequently?
1332	I have no idea why but my transfers keep getting declined. I have double checked all the recipient details several times already and they're definitely correct.
1333	What may be the reason that my transfer did not go through?
1334	I want to use a payment card to top up my account. How can I do this?
1335	I returned something to a store but can't see my refund.
1336	Why did I get declined during a transfer?
1337	How long does it take for my id to verify?
1338	Why is my refund not visible on my statement?
1339	Do I need to do something to get a new card once it expires?
1340	I got an unexpected charge on my transfers. How can I correct this?
1341	I can't seem to get my virtual card to work.
1342	I want to top up my account. What payment methods are supported?
1343	i cannot find my card PIN
1344	Hi, I checked my transactions and saw that I was charged twice during a restaurant visit. I would like to get my money back.
1345	The store card reader would not accept my card.
1346	I don't understand why you aren't accepting my transfer. After a couple times trying I'm still getting an error message.
1347	I've made a card payment a couple of days ago now but it looks like the money is stuck. How long does it typically take for the payment to go through?
1348	Hello, is there any way to double check my card? I have never had issues with withdraws in the past, but this morning on the way to work it was unexpectedly declined.
1349	Any chance of getting the card outside the UK?
1350	What is the current exchange rate?
1351	What is the source of your exchange rates?
1352	why am I being charged a fee for transferring money ?
1353	I am trying to find out how to exchange currency X with currency Y.
1354	I need info on activating my card?
1355	I just moved to the US how do I get a card?
1356	Why hasn't my balance been updated from the check deposit I made?
1357	I added funds to my account but the app didn't process it.
1358	I used my card top-up but all of the money is missing.
1359	The app reverted the payment I made.
1360	What is the maximum number of transactions that I can put on a disposable card?
1361	Why is there an extra charge of 1 dollar on my statement?
1362	My cash transaction isn't showing on my receipt
1363	Is identity verification required for me to use my account?
1364	Can you please tell me why I was charged an extra fee on my transfer?
1365	I wasn't able to use my card today when I went out for lunch. Wondering why that is?
1366	I am seeing in the App a some cash withdrawal that I did not do
1367	The ATM machine would not give my card back
1368	I moved to a new city and need to change my address
1369	Why is my refund missing in my statement?
1370	How do I order a disposable virtual card?
1371	The cheque I sent a few days ago has not been deposited yet, what is the hold up?
1372	What can I do to track the card you sent me?
1373	What are the maximum amount you can do for auto top-up?
1374	There is a €1 extra fee in my statement
1375	Where did my money go? I'm not able to withdraw it from my ATM.
1376	Do you charge a fee for adding money in USD?
1377	My top up was reverted. Can you help?
1378	I can't enter my passcode.
1379	My account statements show a debit payment that I didn't make it's from some time ago I need to know if it is disputable.
1380	I no longer have my phone.
1381	I need to change my address in the personal details.
1382	Which flat currencies do you support for holding and exchange?
1383	I have transactions that I don't recognize - I think someone is using my card.
1384	Where is my top-up verification code?
1385	It's only been a few weeks my my top-up got cancelled
1386	I was charged a fee when withdrawing cash, can you explain why?
1387	I need to know if everything is okay here. After making a transfer from a UK account it doesn't show up. How long does this normally take to process?
1388	Hi, during online shopping payment is getting declined yesterday and today as well. Please check the issue.
1389	Why have my top ups been canceled?
1390	I want to close my account now.
1391	What is the foreign exchange rate you will apply?
1392	How can I convert currencies?
1393	A refund is taking too long.
1394	Hi, I have done a topup, but my money was reverted. Please look into this issue.
1395	Can I edit my personal details?
1396	Where did my extra fee for the transfer come from?
1397	I made a purchase but the exchange rate is wrong?
1398	I checked my account today and saw that I was charged an extra pound that I did not spend.
1399	How can I verify my identity?
1400	I tried to transfer but it was declined
1401	I wish to be able to top up with cash.
1402	Can I cash deposit to top up my account
1403	Was my transaction reverted with my card?
1404	I'm waiting on a top-up, its still pending
1405	The app is showing that I received alot more money than I actually received from the ATM. This occurred earlier today.
1406	How can I reset the passcode if I need to do that?
1407	Can third party fees affect a transfer?
1408	Can I cancel a transaction?
1409	Would I have to pay anything if I need an additional card?
1410	Why won't cash come out of the ATM?
1411	I didn't think my country-to-country money transfer would take so long. It still says that it's pending so I re-checked all of the account information--everything seems right, so what's the deal?
1412	My refund has not arrived, and I am unsure why. Who do I contact?
1413	If I add money with an international card, are there any fees?
1414	I made a payment but the app gave the money back.
1415	Can I have a refund for one of your products?
1416	My top up was denied
1417	I just did a transfer, but don't see the money in my account. What's up?
1418	Can I order a new card by phone?
1419	Why has my top-up been denied?
1420	What number of times can I top-up?
1421	Why would my payment have been returned to my account?
1422	If I exchange currency frequently, can I get a discounted rate?
1423	I would like to dispute a direct debit transaction
1424	I did not get the item I ordered. How should I go about this? Should I just cancel my order or my payment? Please help me.
1425	what is this extra charge for a withdrawal?
1426	Why does a top- up need to be verify?
1427	How can I link my bank to my top up account?
1428	My card's expiration is approaching, how do I replace it.
1429	What do I need for the verification check?
1430	Is the PIN separately delivered?
1431	my google pay seems to be acting up.
1432	What exchange rates do you use?
1433	How can I change USD to GBP?
1434	There is a payment that is not mine in the App.
1435	My address is incorrect on my file.
1436	My American express works with my apple pay, why is top up not working?
1437	can you assist me in activating my card?
1438	I need several disposable cards made per day.
1439	need to verify source of funds
1440	How do I top up my account with a bank transfer?
1441	Can I have my card delivered on Tuesday?
1442	How do I top-up my card with a cheque?
1443	What's the card you sent me's tracking number?
1444	I didn't receive the amount of cash I requested for the ATM.
1445	can i add funds with a card from the united states
1446	How long does it take for a payment to change from pending?
1447	How do I track the card you sent me?
1448	Can I top-up any amount?
1449	Please tell me about disposable cards.
1450	Is it possible to use an ATM when I am not in the country and make a withdraw with out extra fees?
1451	I used foreign currency to buy something and I think the rate applied is incorrect.
1452	I tried pulling out money at the ATM and it gave me an incorrect amount back.
1453	Why is this fee being charged to me after using my card?
1454	Is there a reason why my card was declined when I attempted to withdraw money?
1455	In the exchange and holding, what fiat is allowed?
1456	With one disposable card how many transactions can i do?
1457	Why has my top-up been returned to my account?
1458	Why am i being double charged for something?
1459	Is there a charge for using an European bank card for top up?
1460	I tried to top-up but it got denied.
1461	Why hasn't my transaction completed?
1462	can i top up with check?
1463	Why do we need to verify top-ups?
1464	Can you send me a new card and block my current one. I'm in Spain and my wallet was stolen.
1465	Physical cards are what I need more of
1466	The transfer keeps rejected, I tried to transfer some money to friends but it keeps getting rejected for some reason, Would you please check the issue?
1467	I believe that a card payment I made was cancelled.
1468	Can you tell me what the problem with my card is? It was declined at a restaurant today.
1469	Why did my transfer to a beneficiary fail?
1470	I think my card payment has been reverted
1471	Is it possible to refund an item?
1472	Hello, I have tried using crypto top up but it is not working. I had some money in my account but I'm not sure what happened
1473	can I have multiple currencies?
1474	Where do I access the auto top-up function?
1475	How can I make my card show up in the app?
1476	can i order cards on the app
1477	Why do the top-ups need to be verified?
1478	I would like help to revert a transaction I did this morning
1479	Earlier today I took money out the ATM. After checking the app the amount is so much higher than the amount I received.
1480	I took out some cash from the ATM but it is still showing the transaction is pending.
1481	I want to top up by using a credit card, which ones do you support?
1482	How do I protect my phone from someone using it after I lost it.
1483	I am having issues using contactless payments, could my card be damaged?
1484	What form of identification is accepted?
1485	You shorted me money when I tried to make a withdrawal.
1486	I couldn't pay with card in a shop
1487	why can't my beneficiary make transactions?
1488	Is the EUR accepted for exchanges?
1489	I wanted to know why my transaction didn't go through.
1490	I need help right now. I realize I sent my payment to the wrong account number after making a typo. Please cancel the transfer now since I can't do it from the app.
1491	I should have a refund in my statement but I can't see it
1492	Can I use your services without access to the app?
1493	MY transfer has still not appeared.
1494	Can I use American Express?
1495	Is there a fee for adding funds with a credit card?
1496	I bought something in another currency, but the exchange rate was incorrect.
1497	My account says a withdrawal is pending - why can't I take cash out of the ATM?
1498	How come I can't get money at the ATM
1499	i didnt do this charge
1500	The app reverted my top up
1501	How will I know my pin number?
1502	What do I have to do to get my PIN unblocked?
1503	Please delete this account.
1504	I need to figure out what these charges are on my account. They've been coming out for a couple of days. Can i get all of this money back? Also, I need to freeze my card.
1505	Can you tell me how to change my PIN?
1506	Please help me with the activation of the new card.
1507	Why do you need to check my identity?
1508	Hello, I tried to top up with my card, but it didn't work. I just got it a couple days before and it works fine. What's the deal? Can you check into this?
1509	I've tried to send money to my friends and I keep getting rejected. Can you please tell me why, I don't understand.
1510	My card has been found. Is there any way for me to put it back into the app?
1511	Do you charge for making a withdrawal? I took some money out of my account earlier and I was charged for this.
1512	How can I make my card ready to use?
1513	Why did the ATM take my card and keep it?
1514	Why hasn't my transaction arrived to my friend yet?
1515	Will be Apple Watch be able to let me top up?
1516	There is a potentially fraudulent direct debit on my account.
1517	I can't upload my identification.
1518	I want to set up an auto top-up
1519	Can I have a tangible form of my virtual card.
1520	What is the maximum for auto top-up?
1521	My card is stuck in the ATM?
1522	Is there a top-up limit that I have to stay under during a given period of time?
1523	I need money put into this account from another one.
1524	What cards and currencies can I use to top up my account?
1525	If I make a mistake can I cancel the transaction?
1526	If US cards have a top up charge, what is it?
1527	Why isn't the transfer to my account showing up?
1528	Is there somewhere I can send a check to add to my account?
1529	when will my transfer clear
1530	I need assistance addressing a direct debit that I did not do myself.
1531	How do I find my PIN number?
1532	When I topped up the app reverted it.
1533	Is there a disposable virtual card?
1534	what is the age limit for opening a new account
1535	What do I do if my card is stolen?
1536	Please cancel the transfer I just made. I put in the wrong account number and can't seem to stop it on the app.
1537	Why have I been charged an extra pound?
1538	Can I get a card that works in other countries like Africa and Indonesia?
1539	I have been double charged for a couple of things this week, and would appreciate a refund for the duplicate charges.
1540	How do I use bank transfer to top up my account?
1541	How can I tell if someone else is using my card?
1542	Is there a Mastercard ATM nearby?
1543	Last Saturday, I was charged extra for the exchange rate on my payment. Is something wrong?
1544	I want to get a Visa and Mastercard, is it possible to get both from you?
1545	How can I go about getting a disposable virtual card?
1546	Verifying top-up cards necessary?
1547	I am still currently waiting for the cash that has been deposited into the account this morning.
1548	Tell me why my card payment has been declined.
1549	Problem verifying my account
1550	Why did you cancel my card payment?
1551	I need this item refunded
1552	How do the foreign exchange rates work?
1553	Is it possible for me to top up with a cheque?
1554	What is your check-cashing policy?
1555	Why was my top-up declined?
1556	If I get a transfer from Europe, how long until it is in my account?
1557	Can I change my name? I am not married.
1558	I just realised I made the wrong payment yesterday. Can you please change it to the right account? It's my rent payment and really really needs to be in the right account by tomorrow
1559	I have a card payment that has been pending for some time and would like to know when it is going to go through.
1560	I can't find my card! What should I do?
1561	I have an issue. I bought something within the past one to two weeks and have received one of the products; however, today the total was returned to my account. What's going on here?
1562	The app shows Direct Debit payments that I didn't make
1563	Why did I get charged one pound seemingly randomly?
1564	Help! In the app there is a payment that I don't remember.
1565	What documents are required for proof of identity?
1566	I don't think I was supposed to be charged so much.
1567	I received my new card. Where is it in the app?
1568	I made a payment that is not yet complete.
1569	Why haven't I received my new card yet?
1570	If I need to transfer something quick from China, how long does that take?
1571	Where do you export the cards to?
1572	My package is taking too long to arrive and I don't want it anymore. Can I get a refund?
1573	I can't be sure, but I think that someone may be using my card.
1574	How do I transfer money from one bank account to another?
1575	Im not sure if a seller is giving me my money back! I asked them to refund my money for the item but It's been a week now and still nothing has been given back to me. Can you resolve this for me?
1576	What caused my top up to be reverted?
1577	This company is bad, delete my account now.
1578	Hello. I checked my transactions and saw I was double charged for a restaurant visit. Can I get my money back?
1579	i need to expedite my card
1580	I must change my PIN as soon as possible.
1581	I don't understand why I was charged an additional fee for this service. Can you clarify?
1582	Why can't I see my funds after I topped up?
1583	Why was there an extra charge because I used my card to pay?
1584	Will there be any extra fees if I exchange currencies?
1585	What countries can I use the card in?
1586	help, lost my card
1587	Can you please tell me how long it takes for the transfer to be available.
1588	How can I find the source for my available funds and money?
1589	Why hasn't my money transfer showed up yet?
1590	What currencies can I use to top up my account?
1591	What can I expect if I use bank transfer to top up my account?
1592	I think something is wrong with your top up. I've been waiting a little over an hour for this to go through, can you send it through for me?
1593	What are the benefits of a disposable card?
1594	Please tell my why I was charged a fee for using my card?
1595	Yesterday I topped up my card. Why didn't it complete as it still pending?
1596	I deposited a cheque but I don't see the funds in my account.
1597	Why won't you accept my payment? I keep trying with this card and it's not working.
1598	I need to verify my identity. How do I do that?
1599	How do i transfer something faster than normal?
1600	Why verify the top-ups?
1601	Is it possible to delete the account?
1602	How many disposable virtual cards can you have?
1603	I have to transfer money over to my mother, and I have tried numerous times and all that keeps happening is error messages.
1604	I am having trouble with the app recognizing me.
1605	Hey i need help urgently. I just realised I sent my payment to the wrong account number, there is a typo! Please cancel it immediately, I can't do it anymore from the app
1606	There is a payment in the app that I did not approve
1607	My pin needs unblocking, unblock it please?
1608	I was wondering, Can I get my pay in another currency?
1609	Please help me cancel a transaction.
1610	If I have a physical card can I link it?
1611	What do I do if I see a transaction on my card that I don't recall making?
1612	There is a direct debit payment that I did not make.
1613	A payment I made is for a wrong amount can you help me correct the mistake.
1614	I got double charged from something, what can I do?
1615	My top-up didn't go through; it still says pending. What's up with that?
1616	I don't understand why you want so much of my personal info.
1617	How can I add money to my account from another account I have?
1618	My transfer was rejected
1619	A Bank ATM did not give my card back. What do I do now?
1620	Explain pending transactions.
1621	Does this program take SWIFT transfers?
1622	My card hasn't arrived yet. What do I do?
1623	Am I able to top up with this cheque I received?
1624	Will I be sent a new card before mine expires?
1625	Please tell me, do you use Visa or Mastercard?
1626	let me know how many disposable cards I can have?
1627	I used my card to make a payment a while ago and its still pending, Why is it taking so long?
1628	I can't recall my password.
1629	What should I do if I want to get another card for someone in my family?
1630	My payment did not go through because the app reverted it
1631	I got charged a service fee on my account. Can it be waived since I didn't know about it before?
1632	Fees for currency exchange
1633	The rate applied to my purchase in a foreign currency was wrong.
1634	I tried to do a transfer but it didn't go through.
1635	Do I have a $1 extra fee on the statement?
1636	How can I go about transferring money to my account?
1637	how much is it to exchange currency
1638	Hae, I already completed my 3D secure authentication when I tried the crypto top up but it's still not working for me. I also don't understand what happened to the money in my account
1639	There is a strange card payment I don't recognise.
1640	How do I verify my new card?
1641	What exchange rate is it?
1642	Why is the exchange rate so high? This should have been a much higher amount of cash for that to apply.
1643	How can I fix my contactless?
1644	What's up with the fee for getting cash?
1645	Why can't I make a transfer?
1646	Can you explain why the ATM is giving me less money than what I asked for?
1647	The exchange rate was different when I got cash
1648	how long until a cash withdrawal will show on my account
1649	Can I exchange my money for EUR?
1650	Why has my transfer not arrived yet?
1651	Are there any specific cash machines that I have to go to in order to change my PIN?
1652	Please send my refund now.
1653	A direct debit payment I didn't do shows in my app
1654	If I want to get an account for my daughter, can I do that?
1655	Do I get Visa or Mastercard?
1656	I would like to change to a different currency.
1657	What should I do if the atm eats my card?
1658	How can my boss pay me directly to the card?
1659	why is there a fee for a payment on my card?
1660	How long does it take to verify a person's identity?
1661	is there a limit on top ups
1662	A few weeks ago, a strange transaction was made on my account by a seller I don't know. I am quite sure I didn't do it and will like for you to check it for me.
1663	When can I expect delivery?
1664	Is there a way to find an ATM around me?
1665	When will I receive the card?
1666	is there a way to do top up with apple pay
1667	Can I change my pin at an atm?
1668	Help me close my account.
1669	Hi, I'm trying to purchase a flat and I'm needing the first payment for the mortgage to go through on the flat I'm trying to buy. For some reason I keep getting an error.can you assist in making this transfer? What is going on?
1670	Will there be a charge for sending out more cards?
1671	I was charged an additional amount of money for making a purchase with my card
1672	Will I get a Visa card or Mastercard?
1673	I have a second credit card from the US. Will you take it?
1674	I'm checking my statements and I saw a purchase from a couple weeks ago that I don't recall at all. Not only that, but I don't even know the business that charged it. I'm not sure if I did it or not, but can we check it and see if we can trace it back to make certain?
1675	What options do I have when topping up a US card?
1676	Do you accept any card and currency?
1677	What do I do to unblock my PIN?
1678	What is the process for setting up and account for my child?
1679	The ATM wouldn't let me withdraw cash.
1680	I really need some help to understand why my transfer keeps failing. I'm trying to send money to a friend. Please help.
1681	I haven't been sent my new pin!
1682	Why am I unable to withdraw my money through this card?
1683	Looks like my card payment was duplicated after all. I went to pay at the store earlier, got declined once,second time it works. App still stays pending for one of the payments. Can you remove one of them as it's wrong and clearly was declined?
1684	Can I exchange currencies usign this app?
1685	When will my transfer move out of pending stage?
1686	What is the top-up limit?
1687	I paid with a card and there is an extra charge. Why?
1688	I have a strange transaction for £1 on my statement, what is that?
1689	I wanted to know why a top-up I made has been reverted.
1690	I transferred money but the recipient does not see the funds in their account?
1691	How do I top up on my card?
1692	Can I have money in more than one currency in my account?
1693	Where did the €1 fee in my statement come from
1694	I was supposed to get a refund but it is not showing up on my card
1695	Someone has stolen my phone, what should I do?
1696	Am I charged a fee to transfer funds?
1697	I have the funds, why can I not use my top-up?
1698	The transfer keeps failing , I tried to transfer some money to friends this morning but it keeps getting rejected for some reason, Would you please check the issue?
1699	I need help- I got mugged yesterday and they took everything so I can't use the app.
1700	What do I need to do to get my salary through this?
1701	The app failed to verify me.
1702	What is needed for my daughter to open an account?
1703	Whats the maximum disposable virtual cards?
1704	I'm in the EU. Can I get one of your cards?
1705	What are the currency types that I can keep money in.
1706	What ATM machines allow this card?
1707	How can I move money from an account at another bank to this one?
1708	I usually don't get charged for transfers, why was I this month?
1709	My pin isn't here yet
1710	I need to know what flat currencies you support for holding and exchange.
1711	In which countries can I get a card?
1712	Why is this beneficiary being rejected?
1713	I travel a lot, can I get a bulk currency exchange discount?
1714	Where do my available funds come from?
1715	I noticed a different charge while I was taking my money out.
1716	Why have I been charged a fee for cash withdrawal?
1717	Which card would I get, Visa or Mastercard?
1718	I have a direct debit that I did not set up
1719	What cash machines will let me change my PIN?
1720	I'm having money transferred from Europe, how long will this take?
1721	How old do I need to be?
1722	I want to cancel the transaction I made earlier
1723	I was only given $20 when I tried to get $100
1724	I made a payment but it was returned.
1725	I went tot the ATM earlier today and didn't realize this till now but I did not get all the money I requested. I believe my account was charged for 100 but I only got 80. Is there any way we can solve this problem?
1726	Why was I charged $1 in a transaction?
1727	I need information explaining why my top-up failed to go through
1728	I don't know why my credit card was declined while I was trying to top-up. Was it something on my end or was there something wrong with the top-up function?
1729	Transfer has failed.
1730	How long will the transfer take?
1731	want to know where funds come from
1732	How did you arrive at the rate of exchange? I thought that I would get more cash.
1733	My recipient hasn't received the money
1734	I don't see the transaction I made to a friend on my account.
1735	What is the reason when I tried to pay contactless at the bus, it didnt work?
1736	I am unsuccessfully trying to make a transfer can you help?
1737	How can I verify the top-up card?
1738	How many different currencies can I have my money in?
1739	Why isn't my id verifying?
1740	My card stopped working after multiple transactions. Why?
1741	How do I find the top-up verification code?
1742	I received my card. How do I link it to the app?
1743	What currencies do you accept for adding money?
1744	Please explain why my transfer attempt was declined. Thank you.
1745	Card payment didn't go through.
1746	Please help, the atm swallowed my card, what do I do?
1747	What are the countries that you operate in?
1748	What proof of identification is needed?
1749	What value can I get for my currency?
1750	When will a transfer from the US post?
1751	Can I check to see where the funds came from?
1752	How can I top up my account by bank transfer?
1753	I would like to know how to transfer money into my account.
1754	I've tried using my contactless in several locations today and it's not working anywhere. It seemed fine before. How do I get it to work again?
1755	I no longer want to transfer funds, can we cancel that transaction?
1756	How much extra will I be charged for exchanging foreign currency?
1757	Is the identity check part of bank policy?
1758	I checked the app and my balance has not been updated for the cash or cheque deposit.
1759	I am planning activating my card was it possible?
1760	Hello - I'm on the app and trying to purchase crypto. It's not going through. What am I doing wrong?
1761	I see a reverted payment on my account. Why has this happened?
1762	I have done a transfer within the country the day before yesterday, but it's still not there yet. Can you please check what's going on with that, the account number is the right one, I've checked that several times already.
1763	How can I tell if an AMT will take this card?
1764	Please let me know how to change my PIN?
1765	My friend wants to send me money, can she?
1766	A transfer could not be completed.
1767	How do I change my name after marriage
1768	There is a payment showing on my app that I didn't do. Will you please cancel this payment and refund my money ?
1769	I tried to buy something online yesterday but it kept saying declined. Tried another time today but same thing happened. What's Broken?
1770	I need a card reactivation, I had reported my card lost but I ran across it in my jacket.
1771	What is the charge for exchanging currency?
1772	Will my card work at all merchant locations?
1773	I didn't know I was going to get charged to use my card.
1774	Why am I not allowed to verify my id?
1775	Contactless payments need to be enabled for my card.
1776	i didnt make these transactions, i think my card details might be stolen
1777	Can you tell me the names of the fiat currencies that I can use at your institution?
1778	What ATMs can I use my card?
1779	I cannot get my card out of the ATM.
1780	Is there a fee for sending additional cards?
1781	The ATM keeps declining my Transaction . I tried two different ATMs already can you please check if everything is okay with my account?
1782	Is there a top-up fee if you add money in USD?
1783	There is a pending payment on my account that is very strange. I don't remember making this and it won't go away. Can you help me figure this out?
1784	Is it possible for a person who lives in the US to get a card?
1785	My card payment has not been withdrawn from my account
1786	I was charged a fee for the transfer, but can you tell me why?
1787	Is there a way to set up an auto top-up?
1788	I accidentally chose to exchange GBP, but I need to pick AUD. How can I change it?
1789	Why can't I get cash from the ATM?
1790	Can I get spare cards?
1791	Why has my money been returned back to my card.
1792	Is there restrictions on where I can use my card?
1793	Where to check top ups pending?
1794	There is a cash withdrawal on my statement that I don't recognize
1795	My card payment had the wrong exchange rate
1796	Did my transfer fail?
1797	How much is it to receive money?
1798	Do I have to go into the bank to change my PIN?
1799	Why have I not gotten my new card?
1800	Please tell me the limit to topping-up.
1801	I want to cancel my card. I think someone else is using it.
1802	I'm trying to make a bank transfer but It's not going through. Could there not be enough funds to transfer or something? Have I done it too many times?
1803	Where can I find my PIN? I haven't gotten it yet.
1804	How do I find my new pin?
1805	I contacted the seller and he won't respond. Please just refund me my money.
1806	My card didn't go through. It doesn't make sense. You told me that everything was ok.
1807	I was out today looking forward to paying with my new card, but the payment just kept getting declined. This is really sad, what's going on?
1808	Which establishments will accept my card?
1809	How many days does it take for a transfer to go through?
1810	Am I able to track a card that has already been sent?
1811	I need assistance to activate the card on my account.
1812	What should I do if I think my card was stolen?
1813	My card was stolen and used to make several purchases. Please freeze my card so no one can use it.
1814	I don't appreciate the extra fees being siphoned from my account. I was helping some friends move to Japan and we were buying home decorations at the local stores. The receipts differed greatly from what showed up in my bank account and my statement. When can I expect the extra fees to be back in my account?
1815	What does a pending cash withdrawal mean?
1816	How long will my ATM withdrawal be pending?
1817	How do I report my card as lost or stolen?
1818	Why can't I transfer money to a beneficiary
1819	please help me with this transfer, for some reason i can't transfer to a cryptocurency account
1820	Somebody made a withdrawal from my account for 500. I have my card so how can this be? Does somebody have a duplicate card or something? Help please.
1821	How long should I wait for top up go go through ?
1822	Can i receive transfers from my employer to this account?
1823	So I've been using my account frequently to manage payments for my vacation house in a different country, and now I'm getting hit with ridiculously high fees! What's with that? Ought not I be rewarded as a frequent user?
1824	As my kids get older are they able to get set up with their own accounts?
1825	I'm trying to activate the auto-top up function. Where is it?
1826	I have an emergency and lost my phone. I need help accessing my account.
1827	What can I do to verify my card?
1828	A transfer has been made in my account that I need to cancel. This was a mistake on my part and I hope we can get this resolved quickly.
1829	Where do your cards get delivered to?
1830	Do I get a real card?
1831	My card is expiring, how do I get a new one?
1832	I am still waiting for verification. Can I use my account before I am verified?
1833	How long will this transfer from europe take?
1834	Why aren't my payment funds available to me?
1835	What could possibly be the cause of my failed transfer?
1836	Where do I find how to top off with a check?
1837	How much does currency exchange cost?
1838	What's my pin number?
1839	Why is a transaction still pending?
1840	Can my children get an account?
1841	Where is a Mastercard ATM?
1842	Account topping up bank transfers to my account assistance please?
1843	Activate my card
1844	Tell me why I need top-up to be verified?
1845	How can I the person see my money transaction?
1846	My card was charged more than expected.
1847	How do you determine the exchange rate?
1848	I have tried 5 times at this point to complete a transfer that's simply standard. What appears to be the problem? Is your system messed up?
1849	How do i set up auto top-up?
1850	What has to be done to verify my identity?
1851	What can I use to verify my identity?
1852	I have an unauthorized direct debit on my account
1853	Will I be charged for topping up by transfer?
1854	I need to exchange between different currencies, like GBP and USD. Can I do that with your app?
1855	Is there a fee for sending out more cards?
1856	Will you charge me for topping up with a European card?
1857	Will a beneficiary not accept a transfer?
1858	I need a refund on a direct debit that shows in the app because I did not make it.
1859	Who do I call to cancel a transfer?
1860	How soon do cards arrive after I order them?
1861	I think a fee was applied for paying with a card.
1862	My top-up appears to be pending.
1863	My card was not accepted in a shop
1864	When should I expect to receive my card?
1865	I was under the impression that transfers were going to be free and here I was charged for something I bought overseas! I don't think this fee is right
1866	Is there a possibility to open an account for my sons and daughters?
1867	When the time is right will this automatically replenish my balance?
1868	this verifying the top up is annoying
1869	I used to know my password, but not anymore.
1870	Where can I withdraw money from?
1871	I don't know the code for the app.
1872	What do I do when a charge has been made that I did not make?
1873	Where do I order a card?
1874	What steps do I take to unblock my PIN?
1875	why couldn't I use my card at a store?
1876	Will I be able to get both a visa and a mastercard?
1877	Where can I withdraw money from?
1878	I think my card is broke it's not working anymore
1879	where exactly does money come from
1880	I did a transaction to a wrong account!
1881	Help me cancel a transaction.
1882	What steps do I need to get another card?
1883	I have to quickly transfer something to China. How long will it take to arrive there?
1884	$20 came out instead of $100
1885	Please help me. I am still waiting on a refund.
1886	Suddenly, my card won't work.
1887	Hi, I am interested buying crypto currency but unable to purchase it through the application. I do want to do the exchange, Could you please let me know what is the problem?
1888	I was just needing to know why my card got declined
1889	How long will it take for my money to be deposited?
1890	My top up card needs verification and I don't know how to do it
1891	Why on earth do you need so much personal id info from me?
1892	i cannot seem to activate card
1893	Can I activate a card in the app?
1894	i tried to transfer cryptocurrency into my account but was denied
1895	What's wrong with my card? The clerk at the grocery store said it was declined.
1896	Why would my card payment be reverted?
1897	What am i missing to verify my id?
1898	I made a deposit and the balance hasn't been updated.
1899	How do I replace my card before it expires?
1900	I hope you can help me. Someone has stolen my wallet and now I have noticed that they have been taking money from my account.
1901	Why did using an ATM cause me to have an extra fee charged?
1902	What do I do if my top-up has not gone through?
1903	I did a card payment but its status is still coming as pending. Please check and inform when it would complete.
1904	Are there any disposable virtual cards?
1905	I tried activation my card and it didn't employment
1906	Why do I have a strange payment on my statement?
1907	I haven't gotten my credit card in the mail.
1908	This transaction needs both a Visa and a Mastercard.
1909	I have a transfer waiting.
1910	How do I get selected for a visa card?
1911	I lost the code and can not get into the app. Help!
1912	Was I charged extra for using my card?
1913	I cannot view the refunded amount in my account.
1914	I have duplicate charges for the same transaction
1915	Where do I order a disposable virtual card?
1916	Why was the exchange wrong for the item I purchased?
1917	I was out today looking forward to paying with my new card, turns out the payment kept getting declined. This is really sad, what's going on?
1918	How much is it to use my US debit or credit card to top up?
1919	why have i not got my new card?
1920	How do I report fraud on my card?
1921	How old does one need to be?
1922	How do I change my account details?
1923	I am paid by my employer in GBP; do I need to do anything in the app to indicate this?
1924	What can I do if my card details where stolen from my car? I think they used my card to buy gas.
1925	I have arranged a transfer, but no longer need to send it. How do I stop the transfer?
1926	Is there a way to top up using my Apple Watch?
1927	Why did my top up get reverted?
1928	I have another card from the U.S. Will you be able to accept that one?
1929	I put some money in my account the other day but now its gone? Why is this?
1930	Can I top up using cash?
1931	Why is my identity not being verified?
1932	Please help me! My physical card isn't working right.
1933	How long does it take for the card to come?
1934	I have a canceled top-up and wanted to know about it.
1935	I want to hold and exchange fiat currencies, what can I use to do so?
1936	what currencies do you accept?
1937	In which countries does your app work
1938	My app is showing a payment that I know I did not do. Can you please cancel that transaction and credit my account please?
1939	Hae there, I have a transaction that is in progress despite the fact that the ATM was not working, what do I do to avoid being charged?
1940	My top-up failed to go through.
1941	Does it cost anyting to get my own card?
1942	can i use check to top up
1943	How do I dispute a direct debit transaction?
1944	Is it possible to do auto top up?
1945	At what places accept my card?
1946	How do I link an existing card?
1947	How do I get this damn virtual card to work?
1948	Hi, I am unable to use my card in ATM. I had tried my card in two ATMs but both ATMs declined it. Could you please check my account?
1949	I topped off my card is that something you will charge me for?
1950	I had a problem with my card payment, can you help?
1951	Where does the exchange rate stand right now?
1952	I deposited cash this morning, but it is not yet available.
1953	My friend says he hasn't received my transaction
1954	How many disposable cards can I have at one time?
1955	How long do transfers from a UK bank account usually take for you? I just made a transfer and I'm not seeing anything, wondering if it worked
1956	How would I be able to make changes to my personal details?
1957	Can you please reactivate my card?
1958	What's the foreign exchange rate I will receive?
1959	There is a missing transfer on my account
1960	How can I transfer money to a beneficiary?
1961	I have a direct debit I didn't make
1962	I added money to the card but the transaction didn't go through
1963	why hasn't my cash arrived yet from my cheque?!
1964	What's the earliest time to receive my card?
1965	I tried to buy something online but my funds were transferred back to my account. What is happening?
1966	How long will it take for the money to reach my account?
1967	I'm being charged for using my card!
1968	Help! I forgot my password.
1969	Editing my personal details
1970	I have a transaction showing up multiple times.
1971	Does it cost to top up my card?
1972	Why was there an additional fee on the payment I just made? I don't usually have additional fees applied to my payments.
1973	Why haven't I gotten my payment yet?
1974	I made a payment and it was reverted and wanted to know why?
1975	I am not able to purchase anything online! I have been using my card on multiple sites over a period of two weeks and none of the payments have gone through. Why is this happening?
1976	I've been waiting for a refund to show up and I don't see it on my statement yet.
1977	Can you tell me what I need for identity validation?
1978	Can you explain to me why a cash withdrawal shows up as pending?
1979	My app shows a payment I didn't make
1980	Am I able to use Apple Pay?
1981	Am I charged more for using the ATM?
1982	Can you tell me if a credit/refund is coming from a seller? I asked for refund directly from them and am still waiting. It's been a week now and i still havn't seen my refund yet.
1983	how do i setup my apple pay
1984	My card has been stolen. I reported it with the police, but I need to report it with you as well.
1985	I already made a transfer and want to cancel it, how do I do that?
1986	there is money in my account that i didnt put there
1987	Can I track the card that was just sent to me?
1988	Is there a fee for topping up a card?
1989	What top up charges are there for US cards?
1990	How do you decide what your exchange rates are?
1991	Can a credit card be used to transfer money?
1992	How do i secure a top-up card?
1993	The exchange rate I was charged for a purchase was not right.
1994	Where is the top-up verification code located?
1995	Do you support fiat currencies?
1996	How long will it take to urgently transfer something to China?
1997	What should I do if I see a withdrawal is pending?
1998	I made a cash deposit a few days ago and it's still not reflected in my account. Do you know what might have happened?
1999	I want to transfer a sum of money from another bank account I have into this one
2000	The balance does not appear to have updated.
2001	What kind of cards are supported? What currency?
2002	How is my money transferred to the account
2003	I would like to cancel a transfer...is this possible?
2004	I checked my statement and saw a charge of one pound, where is this charge coming from?
2005	Can I get a Visa from you?
2006	So my top-up failed, could you tell me why?
2007	What is your age limit?
2008	There is something wrong with my card. Tried to use it a few times today in different places and it just didn't work. The transactions I tried to make were really small so not sure what's going on
2009	Which cards and currencies are supported?
2010	My ATM withdrawal is taking forever
2011	I'm not certain my top-up went through yet.
2012	I was told to verify my identity, how do I do that?
2013	Hello, I didn't receive the right amount on my ATM transaction, the app shows the correct amount how can we fix this
2014	My card is missing! Help!
2015	help me link my card
2016	My top-up has not posted.
2017	Can I get both a Visa and a Mastercard from you?
2018	Cash I did not get showed up in my account
2019	Why won't my transfer to another account work?
2020	Can currencies be exchanged on this app?
2021	Is my child too young to sign up?
2022	I don't recognize this payment at all! Help!
2023	Someone stole my phone, what is my next step?
2024	how do the cards work?
2025	The atm didn't give me all my cash
2026	What's the closest place to withdraw money?
2027	My money I had was gone and I could not get gas!
2028	Why do you keep declining my transfers? it's always been working really well so far but when I tried to buy something just now the card got declined . I tried couple of times already but same thing is happening .
2029	I have done a transfer within the country the day before yesterday, but it's still not there yet. Can you please check what's going on with that, the account number definitely is the right one, I've checked that several times already.
2030	My top up says it is still pending
2031	The exchange rate looks wrong on a holiday purchase
2032	I want to find out what happened to my new card?
2033	I will need a new card because mine is almost expired. How fast do I get a replacement and what is the cost?
2034	The recipient doesn't see the money transaction I made
2035	Do I need to set a limit on auto top-up?
2036	I don't live in the UK. Can I still get a card?
2037	The balance has not been updated.
2038	Why isn't my refund showing in my statement?
2039	Hi, Yesterdays i was unable to do online shopping as it was getting declined. Today I am facing the same issue. Please help me in this respect.
2040	I want to transfer money into my account, what do I do?
2041	Could you please tell me how to activate my new card?
2042	I can't transfer any money from my account to my friend's account, it keeps rejecting it. Can you tell me why? I have enough funds in my account to transfer.
2043	How do i authenticate a top-up card?
2044	I have kids and I'm curious at what age could they start to use your service.
2045	My cash deposit hasn't posted to my account.
2046	The card can be used at which ATMs?
2047	Why has my top up failed?
2048	It's declining my transfers. Normally this works, but my card is being declined now and I've tried more than once.
2049	I have been overcharged. I just changed over Russian Ruble to UK pounds and it was too much. It seems something was wrong with my exchange.
2050	what is the correct exchange rate for getting cash
2051	I'd like to know what you guys look at to decide an exchange rate
2052	Do you accept cash?
2053	What are these disposable cards meant for?
2054	Why would a cash withdrawal still be pending?
2055	Where can I check to see if there will be a fee added to my payment? Are there specific instances that will result in a fee added?
2056	Can Google Pay be used for top up, please help?
2057	I topped up my account but the app failed to process it.
2058	Where is my last money transaction
2059	I have yet to receive my virtual card
2060	what happened to the money after i put in the wrong info and it got declined
2061	This transfer incurred a fee that I don't think is right.
2062	Please explain why the funds I added were returned to my account.
2063	How can I information on my limit for top-ups?
2064	Why was my card declined in a shop?
2065	How much will it cost me for a SEPA transfer?
2066	What do I do if I lost my phone?
2067	Do I have to use a bank approved ATM to withdraw money?
2068	I need to be made aware when I am being charged an extra amount for payments please. I looked over the app earlier and noticed an additional feel related to one of the payments. I was not warned about this before.
2069	Is it possible to hold money in different currencies?
2070	Are there steps I need to take before my card expires?
2071	When I purchased a product in another country the currency exchange was incorrect.
2072	Why was my top up reverted?
2073	Someone has a copy of my card !! I definitely still have it here but someone just made a 500£ cash withdrawal, HELP!
2074	My top-up is taking a while to process!
2075	When do I see my recent refund in my statement
2076	I tried to make a withdrawal from the ATM, but it was cancelled.
2077	I sent money for my rent to my landlord but she is claiming it hasn't arrived in her account Can you trace the transfer I made to make sure it arrived so I can provide proof I sent it and that it has been deposited?
2078	I need urgent help. I realize I sent my payment to the wrong account number. I made a typo. Please cancel the transfer immediately. I cannot do anything from the app.
2079	HELP! I tried to get cash and it gave me some, but not the right amount!
2080	Can you make exchanges with the EUR?
2081	I just got my new card and tried using it and it was declined?
2082	I couldn't transfer to an account.
2083	What are the steps to change my PIN to something else?
2084	How long does an international transfer take? I made the transfer from France 2 days ago, but it is not showing up in my bank yet.
2085	How about disposable virtual cards?
2086	What are the top up charges for all US cards?
2087	Can I put my found card back into the app on my phone?
2088	I need to change my last name on my account because I just got married.
2089	Do I need to use a limit on top-ups?
2090	I tried to top up, but it didn't finish.
2091	I believe I got a wrong exchange rate when I got cash.
2092	How can my friend send money to me?
2093	Why did I have to pay an additional amount when using my card to pay?
2094	Is there a fee to top up by bank transfers?
2095	How long does it take to get my money
2096	What are the additional charges for a SWIFT transfer?
2097	The exchange rate applied is wrong for my international purchase.
2098	My physical card is not working
2099	I tried using my credit card with top up but it didn't work! I thought it was supposed to?
2100	I've deposited a check but the cash isn't showing that it's there yet.
2101	I just moved. How do I give you my new address?
2102	Is there a charge for topping up by card?
2103	Can you help me track my card?
2104	Hi, My money has not been credited to my account for which i have sent you cheque few days before. I am worried about the money please let me know the status.
2105	When my card expires what is the cost of a replacement and how fast?
2106	I bought an item then noticed the exchange rate was wrong.
2107	I think you reverted my top up.
2108	I want to add funds to my account. What payment methods are accepted?
2109	How long do EU transfers actually take? I bought something online a couple days ago, sent the money immediately online but the seller says it's still not there yet.
2110	I can't find any option to top up with a cheque?
2111	Can we skip verifying?
2112	I want to link my new card. Can you help?
2113	How do I know how much money I will have when I travel abroad?
2114	what is my monthly spending limit because i was refused my money at an atm
2115	I think I was charged a different exchange rate than what was posted at the time.
2116	Does google play offer the service to Top up?
2117	My card activation is failing.
2118	I don't have a way to prove my identity.
2119	How do I order a new card? The current one is about to expire.
2120	Transfers are supposed to be free. I just got a fee tacked on to something I bought abroad. Not cool. Figure out how to remove it.
2121	Transferring money using credit card
2122	i tried to withdraw money but was told i didn't have funds
2123	What do you need my identity details for?
2124	is there a way to do automatic top up
2125	Card activation steps
2126	I can't see my refund on my account
2127	Are there any extras for exchanging currency?
2128	How can I tell what foreign exchange rate I will get?
2129	Will there be a charge for exchanging foreign currency?
2130	Delete all of my account information and my account right now.
2131	My statement shows a strange direct debit.
2132	People are using my debit card - help!
2133	i accidentally entered in my retailers information, what should i do next
2134	How can I tell if my card payment is reverted?
2135	The payment for the card did not go through
2136	What caused my cash withdrawal to be declined?
2137	Can I go ahead and use my account even though my identify hasn't been verified yet?
2138	Im trying to top up my card but it's still pending and it's been an hour. Is there any way to make it go through faster? Do I not have enough?
2139	Do you know what your exchange rates are?
2140	I have multiple of the same transaction
2141	Could you please explain why I received a message that my transfer is not possible? I've never had any problems making a transfer in the past.
2142	Hi something is going on with the app. I see some payments I didn't make?
2143	Can I pay more to get it deliver quicker?
2144	Why is the pending status on my cash withdrawal taking so long?
2145	How can I transfer money using my credit card?
2146	I am not receiving the correct exchange rate on my card.
2147	I would like to know how my friend would be able to send me money
2148	Can I mail in a check to top up?
2149	I'm not sure what to do about the PIN, because I don't have one yet.
2150	How do I see my card in the app?
2151	Why would you cancel my transfer?
2152	Will I be charged for exchanging foreign currencies?
2153	Why didn;t my payment work
2154	Can you unblock my account? I entered the PIN wrong.
2155	Why has my card payment been reversed?
2156	Hi, I am currently in the process of buying a flat and I am waiting for the mortgage to go through but it keeps showing up as an error. Do you know what could be causing this and can you help me get the money over.
2157	How long will it take to transfer something from China?
2158	I think I have an extra transfer charge.
2159	What fees do you charge for the standard card?
2160	Does my top up and apple pay work together?
2161	Do I need to go to a physical bank to change my PIN?
2162	I cannot try my PIN anymore.
2163	Is a physical charge extra
2164	Is my PIN the same thing as my passcode?
2165	How will I know when I can use the auto top-up feature?
2166	It won't let me verify my identity.
2167	I purchased this item and would like a refund
2168	I need to cancel a transaction immediately.
2169	I went for a meal in Seattle and paid the bill but I think they charged me twice, the first time they swiped the card I got a notification to say the money had gone out the account but then I added a tip and I think they swiped it all again. Can you refund one of the charges?
2170	Can you tell me where my readily available cash has come from?
2171	Where do I order additional cards?
2172	I topped-up my account, but I don't think it went through.
2173	How can I fund another account with my American Express?
2174	I want a refund on the things i bought
2175	I can get my identification verified.
2176	I got this stupid fee after taking cash out, why?
2177	My PIN is locked, how do I unlock it?
2178	I want to request a physical card
2179	I think someone is using my card without my permission!
2180	I saw a fee on my receipt from withdrawing money while shopping earlier. Is there supposed to be a fee for this type of transaction?
2181	What will my exchange rate be?
2182	I would like to re-activate my card, it was previously reported lost but I found it this morning.
2183	Can I deposit a check?
2184	When I made a cash transfer abroad the wrong exchange rate was applied
2185	My new landlord is a lier and is trying to rip me off by saying I've not paid my rent when I have paid my rent. What is going on? They say the money hasn't got to them but I see it going out of my account. Can you check that the money went to the right place?
2186	Why will my transfer not go through?! Keep getting an error message.
2187	Can I change my PIN at any ATM?
2188	I don't understand why there is an extra €1 fee in my statement.
2189	Why was my cash withdrawal cancelled at the ATM?
2190	Why isn't my balance reflecting a transfer I did?
2191	I believe there is a mistake because a payment I didn't make shows in my app.
2192	How can many disposable cards can I have per day?
2193	I guess exchange rate for my payment was not correct, as i charged extra on the last saturday.
2194	My card appears to have never arrived?
2195	Why is my cash withdrawal still pending?
2196	I have not received the completed transaction.
2197	I need to find the top up verification code
2198	Which merchants accept this card?
2199	why have I got a pending transfer? I'm confused!!
2200	How do I edit the personal details on my account?
2201	What's going on? I was just recently charged for an ATM withdrawal. I've never seen this charge before and before it's always been free.
2202	What is the purpose for verifying my identity?
2203	How do I order my card?
2204	My card payment has been cancelled
2205	Where can I find my fund information?
2206	I don't have my card after 1 week. What are my next steps?
2207	Is topping up with cash allowed?
2208	Transfers may show up as pending for up to one business day while they are processed, and then they'll depart for the beneficiary accounts. Please confirm that you have correctly entered your account details. SEPA transfers typically take up to two working days, while SWIFT transfers can take up to five working days.
2209	I made a transfer and they haven't received the money I sent them.
2210	Is it possible to cancel a transaction?
2211	Are there restrictions on new cards in China?
2212	How to cancel a transaction
2213	There's a payment with my card that I definitely didn't create. I don't know anyone by that name.
2214	Why am I being charged fees on some transactions but not on others? What am I missing here? I cannot find where to see the fee structure on my account. Help!
2215	How much time do transfers take? I sent money to a friend who needs it fast. It's been hours, and the money has not gone through.
2216	Is there any way for you to find my card?
2217	How many active cards can I have?
2218	I have foreign currency i would like to change how much will it cost me?
2219	Why is my transfer taking so long. I thought it was supposed to only take 1 day if I made a transfer to someone. Can you wee what went wrong?
2220	I need assistance with understanding which fiat currencies that you support.
2221	Where is the transfer to my account that I made?
2222	Why does it matter that I prove my identity?
2223	How to verify my identity
2224	Where do I go for a refund?
2225	I noticed on my online statement that an ATM withdrawal I made early is still pending. Is this accurate?
2226	Why can't I top up by cheque?
2227	Although I am not located in the UK area, may i still receive a card?
2228	What are then rules on beneficiaries?
2229	I recently deposited some money into my account, but it still isn't showing up. What's going on?
2230	I am on vacation in Spain and need to change my pin.
2231	There is a payment I don't recognize
2232	I changed my mind on something I purchased through you and I need the transaction canceled and a refund as soon as possible. Can you help me please?
2233	How are exchange rates determined?
2234	I would like to transfer money into my account.
2235	is it possible to top-up with google pay.
2236	is apple pay a top up service?
2237	I deposited cash into my account a week ago and it is still not available, please tell me why? I need the cash back now.
2238	I'm not sure if my pop-up went through.
2239	At which locations can I order a card?
2240	Recipient has not received the money
2241	My card payment has the wrong exchange rate
2242	My card has been lost / stolen
2243	I do not know what this cash withdrawal is
2244	My card info was stolen, what do I do?
2245	I need to find out where the card is that I ordered.
2246	Card payment was declined, do you know why?
2247	Why is it important to verify my identity?
2248	Disaster, I've totally forgotten my passcode, can you help me?
2249	Am I able to do a SWIFT transfer with you?
2250	Can I get a card in the EU?
2251	I don't know where the top-up verification code is.
2252	I made a payment that's pending. Will it go through?
2253	I requested a refund for a large order the other day and don't think I received the funds. Can you tell me if you see them or not?
2254	Cancel Transaction
2255	What are the top up fees for using an European bank card?
2256	The ATM wouldn't let me have my money.
2257	Can my daughter also have a card issued in her name, but linked to my account?
2258	What are the top-up fees for my card?
2259	I goofed up and used the wrong account. Please help.
2260	There is an extra 1£ charge on my app. Why did it charge me extra?
2261	Can I purchase with cash or cheque?
2262	What do I need to do to transfer money with my credit card?
2263	Could you tell me why my top up isn't showing in my wallet?
2264	Hi, My card is getting declined continuously when i am trying to top-up. Request you to look into this issue or tell me any other alternatives.
2265	I couldn't get money from the ATM
2266	How long do I need to wait to see an update after I make a bank transfer?
2267	I was trying to use my card and it was declined, when I tried to find out what happened I found cash withdraw for $500 that I didn't do. Can you please help figure this out?
2268	Please help me unblock my pin which I put the wrong one too many times.
2269	My balance is not right. It has not been updated for the cash or cheque deposit.
2270	I don't recognise a Direct Debit payment
2271	I could not access my money at the ATM
2272	I did a money transaction and dont have a receipt
2273	What happened to the transfer I did?
2274	Why hasn't my son received the transfer I sent to him earlier?
2275	I need my refund
2276	Is there a limit on disposable cards?
2277	At what age can my children use your service?
2278	I've been charged an extra £1 and I don't know why
2279	Are their fee's for top ups?
2280	When will the money from a transfer be made available on my account?
2281	I made a transfer and the receiver said an amount was received, but less than the right amount. I now have to transfer more to get the remainder to the receiver. Can you tell me about this. What's been going on?
2282	How can I track my card's delivery?
2283	Why am I being charged for transferring money?
2284	There is a duplicate charge on my account.
2285	For the identity verification, what do you need?
2286	I seem to have a problem here, I bought something about a 2 weeks ago and just now received the payment back into my account and I've already received the item. Can you tell me what is going on here?
2287	Can I add money to my card automatically during a trip?
2288	Where do I need to go to change my PIN?
2289	Even though I made a cash deposit, I am not seeing it in my account.
2290	I believe my top up was reverted.
2291	Please help me, there is a transaction in the incorrect account.
2292	How can I change my name because I just got married?
2293	How can I get my Google pay top up to work?
2294	I really was trying to complete this exhange. I was trying to purchase some crypto but the app won't allow me to do it. Can you tell me what's going on here?
2295	How long will this take to get to me?
2296	Please tell me how to get a refund for something I bought.
2297	My card got trapped inside an ATM, what should I do?
2298	What is the process to activate a card
2299	My card hasn't arrived.
2300	I was blocked by using the wrong pin too many times, can you help me?
2301	Where do you get those exchange rates?
2302	I need a refund. This is not what i wanted.
2303	I tried to get cash at some ATM in the city centre earlier but the machine declined my card. I've seen it still shows up as pending in my account. Please cancel it immediately as I definitely have not received that money!
2304	I keep trying to make a payment, but it doesn't work.
2305	I want to revert this mornings transaction.
2306	is there a fee for swift transfer
2307	Why is the transaction to my friend still pending?
2308	I can't get any money from my account.
2309	I made a payment that seems to be stuck. It's been a couple of days already. Can you tell me how long it will take?
2310	I need to transfer funds from China and quick expedition is crucial. Approximately how long does it take for a transfer from China to go through?
2311	I cannot see a refund in my account
2312	My payment was cancelled
2313	I am adding money, what currencies do you accept to do this?
2314	please delete account
2315	My top up was rejected. Why?
2316	I need my card soon.
2317	A payment is showing twice. Why is that?
2318	Payment I did not make.
2319	I sent money to someone but they haven't gotten it yet
2320	When going to the ATM to take out some cash today my withdrawal was declined. I need to fix this problem as soon as possible. whats going on?
2321	How's the exchange rate looking right now?
2322	How many disposable cards am I allowed to have?
2323	I was just shopping online for some tickets and the payment was declined by you. Why has this happened? I am certain I have the right amount of funds in my account.
2324	I used an ATM and wanted to know why I was charged an extra fee.
2325	How do I transfer funds if I am paid in GBP?
2326	I can't find my refund. Please help.
2327	Can I only top-up digitally? Or could I use cash?
2328	What is the reason my payment was not accepted?
2329	I paid with my card and got charged an extra fee, what's up with that?
2330	help my money isnt showing up
2331	I lost my card. Can you help me?
2332	I am seeing inside the App a some cash withdrawal that is not mine
2333	Where in the European Union can I get a card?
2334	Why do you need me to do an identity check?
2335	Are there directions to get a new passcode if I forgot mine?
2336	What is the verification process for a top up card?
2337	What is the max I can top up?
2338	I would like to top up via credit card, which credit cards do you support?
2339	What can I do with a disposable virtual card?
2340	The $1.00 has still not been reverted as indicated in the previous email.
2341	Recently, a few weeks ago there was a transaction made on my account by some seller that I don't recognize. I am very certain that didn't happen and will like for you to trace back to make sure.
2342	When can I expect my card? I live in the US.
2343	I made a card payment but it didn't work. Why not?
2344	My card will not work
2345	What am I supposed to do if the funds haven't show up from a transfer completed this morning?
2346	If my card payment isn't working what do I do?
2347	I have cash deposit to my account but it is experiencing a problem
2348	There was money taken out of my account, and I'm pretty sure I didn't do it.
2349	What can you use the disposable cards for?
2350	What is the identity verification process?
2351	I just got my card. It's not linked yet--how do I do that?
2352	My credit card seems to have been declined for top up. Why is it not going through? Can you tell me what's going on?
2353	Is there a charge for getting cash?
2354	I have been waiting for my top-up to complete and it still hasn't gone through.
2355	How long will it take to deliver to the US?
2356	Will a cheque suffice?
2357	I couldnt get cash in an ATM
2358	I need to transfer money into my account, HOW?
2359	Why are all my transfers failing? I have the details right and they won't complete. I've been trying all day and they still won't go through, this is URGENT, please help.
2360	I would like to change my name after marriage.
2361	Why wasn't my card payment accepted?
2362	My disposable virtual card was rejected.
2363	The ATM machine ate my card.
2364	This is not right, I was told I could take out cash at the ATM for free?
2365	How long do transfers from Europe take?
2366	How do I get a disposable virtual card as well?
2367	I exchanged Russian rubles for British pounds today and got less than I expected. Was exchange rate correct?
2368	How do I order a replacement for stolen card?
2369	Can you explain why my payment is still pending?
2370	What fee will be charged for exchanges?
2371	I have been charged a fee, I didn't know about this fee before! When do you charge extra for card payments?
2372	How many transactions can I make on my disposable card?
2373	I was charge a fee that I wasn't told about
2374	I need to change a transfer.
2375	I tried to access money earlier but the machine seems not to be working. After looking, the transaction actually shows to still being process. Can you find out what is going on here? I don't want to be charged for some money I never got.
2376	How does the exchange rate work?
2377	Why won't my card work anymore?
2378	What is the max amount of disposable cards I'm allowed.
2379	Why was I charged a fee for my card payment?
2380	Did you revert my top up?
2381	How long does a transfer from the United Kingdom take? I haven't seen it show up yet in my bank account and want to make sure I get the transfer.
2382	After putting in the wrong PIN too many times, I was blocked. Can you assist me in changing it?
2383	Is it ok for a friend to send me money?
2384	How do I go about verifying the top-up card?
2385	Can someone assist me with updating my account details with changing my last name?
2386	How did you guys get your exchange rate?
2387	What is the identity check for?
2388	What should I do if my card is stolen?
2389	Since when were there charges for taking out cash from my account? It's always been free for me to do this before. How much are the charges going to be?
2390	The card I thought I lost was in my jacket pocket this morning, so can I reactivate that?
2391	I would like to get a Visa card
2392	How do I know when my card will expire?
2393	Hi, status of one of my card payment is still pending from a while. Please let e know how much time it will take to complete.
2394	The refund isn't appearing in my account
2395	There are charges on my card from the past few day I am pretty sure I didnt make, can you please freeze it for me? How do I get my money returned since it wasnt me?
2396	I can't use the app because I got mugged yesterday and they took everything. Please help.
2397	I could not use my card in a store.
2398	I paid with my card and was charged extra
2399	How can i make my card active?
2400	I checked the app and there is a payment that I don't recognize.
2401	I tried to deposit a cheque into my account and it is not letting me.
2402	There's a €1 fee on my statement, why?
2403	My money I added isn't on my card.
2404	When will my virtual card arrive?
2405	What do I do if a transaction shows up twice?
2406	What steps do I have to go through in order to activate my new card?
2407	How do I receive money from someone?
2408	Is there a fee for exchanging currency?
2409	My virtual card is just not going through.
2410	What's the top-up limit?
2411	I could only take the amount of money that was available to me which was less then I expected.
2412	How do I set my physical card PIN?
2413	Hi, I am new to this. Are there any additional fees or charges that I should be aware of? I was looking through the app and I thought I saw something in regards to fee-free allowances.
2414	I already got my item but just got my money back
2415	I have a duplicate payment on my account
2416	Is there anyway to bypass identity verification?
2417	I need multiple cards per day, and they all have to be disposable.
2418	Why wasn't my payment accepted by the app
2419	I need to order a new virtual card, how do I do that?
2420	What should I do if my physical card isn't working?
2421	Can you tell me about these disposable virtual cards?
2422	What method do you use for the exchange rate?
2423	I see money go out that I didn't withdraw.
2424	My transfer is pending, why?
2425	Hi, I am experiencing problems while trying to top-up with my card. I have never experienced any problems doing this before. Could you please help me?
2426	How come I got charged extra for withdrawing cash?
2427	How does on apply fora refund on an item he ordered? I ordere an item and have not received it yet so i want to cancel it and get a refund
2428	Is there a fee associated with using foreign exchange ATMs?
2429	Can I use my card no matter where I go?
2430	I have duplicated transactions on my statement
2431	why isn't my top-up going through?
2432	Do you send duplicate cards?
2433	Hi, I am trying to buy something online, but i think there is some issue in my card. As payment is reverted. Please help me in this as i am facing the same issue from last two weeks.
2434	When will my transfer from the US get here?
2435	I am afraid to give you all my identify details.
2436	My salary is deposited in GBP. Do I need to choose the currency?
2437	I don't know my password
2438	I would like to order a virtual card, where can I get one?
2439	Why has my top-up not worked?
2440	When will the money reach my account?
2441	Do the disposable cards have any restrictions on them?
2442	Hi, I'm trying to transfer money from one country to another, but it's taking a long time! All the account information is right, so why is it taking so long?
2443	I sent money and the recipient has not received their money after two weeks.
2444	Do I need to order a new card before it expires?
2445	My credit card transaction was declined for a loan payment. Can you tell me why?
2446	Why did you charge a fee when I withdrew from an ATM?
2447	How do I receive a refund for my item?
2448	what are weekend rates for getting cash
2449	How do I troubleshoot when contactless doesn't work?
2450	What areas are cards delivered to?
2451	Hello, I have recently made a purchase and have decided to cancel my purchase. Is there any way that you can cancel that transaction for me so I can get the money back? It's very important.
2452	Why can't I complete the transfer?
2453	Is it possible to change from USD to GBP with your App?
2454	How do I find out my source of funds?
2455	top up with credit card
2456	I had to pay a pound more than I anticipated!
2457	What countries do your services support?
2458	I need to order a new card as my old one will expire soon. Can you tell me how to order a new one?
2459	If I were to transfer, what would the cost be?
2460	I tried using a check to update my balance, but it isn't work? Is something wrong?
2461	Please help! I need a refund on a transaction on something I bought and I need the refund right away!
2462	How long until the transfer is reflected on my account balance?
2463	How come I can't seem to verify my id?
2464	Why hasn't the transaction I did to my friend arrived yet?
2465	Can you check about unauthorized use of my card, I think someone is using mine without my knowledge?
2466	The ATM didn't give me what I asked for but my balance says it did
2467	I topped up and went to buy something, but it says that my funds are pending. Is there a way to quicken this process?
2468	I made a transfer and was charged extra. Why?
2469	I went to top up my card and it was cancelled.
2470	Can you help me find the virtual card?
2471	How to receive the actual card
2472	I need to get a disposable virtual card?
2473	How do I troubleshoot my contactless?
2474	Why is the cash transaction still showing as not completed?
2475	Hi! A seller that I requested a refund from a long time ago has yet to send the money into my account, even though I keep checking it. Can the seller be contacted by you guys to see what's going on?
2476	How come I have pending transfers?
2477	Why cant I send money to a beneficiary?
2478	How much is a physical card?
2479	I am looking for my top-up verification code and cannot find it.
2480	Hi i received an error message informing me about the transaction failure. I have done the money transfer before and it never failed. Please let me know what is the issue this time.
2481	There is a withdrawal waiting.
2482	I've tried several times to make a payment and every time my card is declined? Could my card be locked? I don't know what to do.
2483	What could the reason be that my payment card was declined?
2484	How much will I be charged for a cross-currency exchange?
2485	My transfer was not approved
2486	Why did I not get the amount I specified at the ATM?
2487	Why am I being asked to verify my identity?
2488	Can you activate my card pls
2489	that fee should not be there, you charged my cash for an unnecessary thing.
2490	What is the expected delivery date for my card?
2491	Do you accept credit cards from the US
2492	What is the fee charged for using my card?
2493	need my details changed
2494	Why was my cash withdrawal declined by the ATM?
2495	There is a 1£ charge that appears as pending on my statement. What is that? I haven't purchased anything for a pound there.
2496	Do you need to know my first and last name?
2497	I wanted to know why i got an additional fee when i use my card.
2498	the exchange rate on my payment was wrong
2499	When I use my card, it says decline?
2500	I got less cash at the ATM than I asked for. Why?
2501	Is there a charge for getting my money?
2502	Out of the blue, my card stopped working.
2503	Can you please tell me why I cant get money from the ATM?
2504	If my identy verifacation hasn't gone through can I use my account?
2505	Can I transfer money using the SWIFT service?
2506	Why is allowance not being given to my beneficiary?
2507	The cast deposit from a week ago still is not in my account. Why?
2508	Can I see where my funds come from?
2509	How do I delete an account?
2510	Why can't I use a disposable card?
2511	I might have been charged on my debit statement by fraud.
2512	Where can I order a card?
2513	What different currencies can I get?
2514	Why is a transfer I did recently still processing?
2515	Is there a fee to make a transfer?
2516	Why is there an extra fee on a transfer?
2517	I was unable to transfer to another account.
2518	Why am I unable to withdrawal cash?
2519	I made a transfer and the person I transferred the money to didn't receive the right amount? Why did this happen and how do I get the rest of the money to them?
2520	My card doesn't work. I can't get cash out at an ATM
2521	Is it possible to get one the your cards in the EU?
2522	I received a "declined" message when doing a transfer
2523	What fiat currencies are used for holdings?
2524	What does it cost to receive a SEPA transfer?
2525	I have enough money in my account, so why is my card being declined?
2526	I tried withdrawing money in another country and the exchange rate was wrong.
2527	I have lost my card! What is my next step?
2528	Please delete the duplicate payment that was made to my account. One payment is still pending and I do not want to pay twice.
2529	There is not a refund in my statement.
2530	How can I configure what currency my salary is in if it's in GBP?
2531	I believe you charged me too much to exchange my money
2532	I think somebody made an unauthorized copy of my card. My account has a cash withdrawal for 500£ that I did not make. Please help.
2533	Can I change my PIN at a nearby ATM when in Spain? I think someone saw my PIN and I need to change it but am on vacation.
2534	Can you make exchanges using the EUR?
2535	There are a couple payments with my card displayed in the app which I didn't make. What is happening? Maybe someone has access to my card.
2536	What are the steps for depositing cash into my account?
2537	Why was my account assessed a fee?
2538	How to access my virtual card
2539	Will I be charged for a cash withdrawal?
2540	Is it normal to get charged extra when i use my card?
2541	Do you support other currencies?
2542	What happens when a payment is reverted?
2543	I refilled my account balance but got an error message.
2544	top up is still pending
2545	What are the countries you support.
2546	How do I re-order a damaged card?
2547	What's the reason for needing to verify my identity?
2548	I tried to withdraw cash and got declined, why is that?
2549	How long does a transfer from a UK account take? I just made one and it doesn't seem to be working, wondering if everything is okay
2550	I made a cash withdrawal and was charged a fee incorrectly can you help with this?
2551	atm refused to give me money
2552	I got mugged yesterday and they took everything. I can't use the app, so I need some help.
2553	If I top up by card, what options do I have re: currency and card type?
2554	Do I have a limit to the number of top-ups per day?
2555	I noticed the exchange rate for cash withdrawal isn't right.
2556	Can I get another card?
2557	I want to delete my account. How do I do this?
2558	What do I do if my Google pay top up isn't working?
2559	How can I transfer money into my account?
2560	Why isn't the transfer I made to a friend showing?
2561	You operate in which countries?
2562	I seem to be having trouble with my Google Pay Top. Can you please help?
2563	Why do i have to verify my top-up card?
2564	Will I be fined for topping up by transfer?
2565	I am seeing and extra 1$ charged to my account and wanted to know about it.
2566	What foreign exchange rate will I get?
2567	My cash received does not match what has been requested
2568	How come there is an extra fee on my statement?
2569	How does a bank transfer for topping my account work?
2570	I transferred some funds but I don't see it
2571	My card isn't working at all, I need assistance. It's really frustrating.
2572	Where is the card PIN located?
2573	When can I use money sent to my account?
2574	Does the PIN come under separate cover?
2575	I need quickly transfer something from China. About how long will it take?
2576	Why is a transfer to a beneficiary not possible?
2577	I noticed a fee, while banking abroad, that seems different than any I have been charged before. What does this fee mean?
2578	I have a transfer that was approved that I'm urgently waiting for. How long am I supposed to wait for it?
2579	I recently made a transfer that I would like to cancel
2580	Changed details is essential, what steps do I take to do so?
2581	I'm pretty frustrated about a pound charge that keeps showing up in my account statement. It's listed in the app as "pending", it never changes, and now I'm thinking someone's hacked my account!
2582	Do currency exchanges cost extra?
2583	I had everything lined up to make a transfer, and then it rejected it.
2584	I think someone stole money from my card
2585	Tell me why my balance did not change when I tranferred cash.
2586	I entered the wrong pin too many times and now I think it's blocked. What do I do?
2587	I would like to make sure it is delivered on a certain date.
2588	I want to get some cash from the ATM using my card but I dont want to be charged any fees. Ive taken some money out before with no fees, but recently Ive been getting charged. Why?
2589	Should I keep waiting for my card to be delivered?
2590	Can I use the apple watch to make a top-up?
2591	How do I start auto top up?
2592	Am I able to top up with Apple Pay?
2593	Please help me with my card. As i have tried to use my card in two different ATMs but repeatedly it was declining by ATM.
2594	Where can I find your exchange rates?
2595	What is taking so long on my transfer from the US?
2596	i need help. I updated my balance with a check yesterday and Im not seeing it. Can you look at my account to see what went wrong?
2597	Am I able to cancel a transfer I just made
2598	My transaction is on the wrong account.
2599	I topped up my account but the money isn't there now.
2600	I just topped up, and the app denied it.
2601	After reviewing my charges, I see I was charged a fee for a transfer I did, why?
2602	Where is the option to top up with a cheque?
2603	Why can't I use this beneficiary?
2604	Hi, I have been transferring money to my friends since morning, but all my transactions were getting failed. Can you please look into this issue.
2605	I have been charged an extra pound!
2606	Can I do a SWIFT transfer?
2607	What is the longest that a payment will show pending? There is one showing that has been sitting there a few days.
2608	What does it mean when it says I have a payment pending?
2609	How simple is it to transfer money into my account?
2610	How can I top up my card with another card?
2611	I'd like to transfer funds using my credit card.
2612	I might be paranoid, but someone may be using my card.
2613	I thought transfers were free. Why was I charged to transfer?
2614	I tried transferring money to a beneficiary, however, I was unsuccessful.
2615	There has been an unusual withdrawal from my account, can you help?
2616	Please let me know how to place an order for a virtual card
2617	I have noticed that my account was double charged for a couple of items this week. Please review and refund the double charged items back.
2618	Why has my payment not transferred?
2619	My card got charged twice for the same thing!
2620	I recently transferred some cash, but the balance has not changed.
2621	I withdrew money from an ATM today, and now my account is showing a different amount than what I withdrew. I checked the amount the ATM gave me, and it looks like it gave me the wrong amount of money. What is the best thin for me to do to get this fixed?
2622	how do i add money from my amex card to top up
2623	There is a charge for an additional pound.
2624	Where are cards available to order?
2625	No transactions are being accepted, what's wrong with my card?
2626	Why is this payment on my app
2627	Can you tell me why I can't make any transactions?
2628	I have a card that expires in the coming month, do I have to specifically ask for the updated card?
2629	Why would a merchant revert my payment?
2630	How to order a virtual card
2631	Can I have money transferred into my account at different intervals along my trip?
2632	What are the cards and currencies that you support?
2633	Are there any restrictions for the disposable cards that I need to be aware of?
2634	I haven't received my card and am worried it is lost.
2635	Help! There is a cash withdrawl on the account that I didn't make!
2636	Which cards are accepted for topping up?
2637	Why is there an extra fee charged?
2638	It is urgency. Please freeze my card now. As someone in some odd remote town has withdrawn some money by using my card. As i did not withdraw any money.
2639	WHAT IS THE MAIN REASON OF THIS PROBLEM
2640	I need to transfer something ASAP from China, how long will it take to post to my account?
2641	are there any country restrictions?
2642	I tried to get money out of the Notting Hill ATM earlier, but I wasn't able to get anything out. Is there a problem with my card? It's the first time I tried using it.
2643	How do I add my card to the app once I get it?
2644	I am still waiting for a transfer I did
2645	I made a card payment, but it has been declined?
2646	My top-up was just cancelled.
2647	I'm going on a trip soon and I needed to convert my Russian ruble to UK pounds, but when I did, your company charged me above the exchange rate. Did you mess up my transaction?
2648	I want to reactivate my card, I thought I had lost it but found it again this morning.
2649	Why is my transfer still pending?
2650	i need to add express delivery if that's an option
2651	Can friends I have top-up my account?
2652	what is the price of a transfer?
2653	phone is gone, what should i do
2654	There is a record of payment I never submitted on the app.
2655	Do you have support for flat currencies?
2656	Is there an age limit to open an account
2657	I did not make a cash withdrawal that is on my statement
2658	I need to find the card I received in the app.
2659	The cash deposit I made this morning has not been credited to my account
2660	How long will it take for my transfer to arrive?
2661	I have been travelling overseas and I need to change my PIN. Can you tell me how this is done?
2662	I got a fee when paying with my card
2663	I deposited cash but it isn't showing up in my account
2664	How long do I have to wait until the transferred money shows up?
2665	Explain to me why a transfer would be declined.
2666	How can I go about getting a refund?
2667	In my statement, there was an extra €1 fee
2668	I ordered my card and it isn't here yet. I need it ASAP. When can I expect to get it?
2669	I need another card
2670	I need to make multiple disposable cards in a day.
2671	There's a cash withdrawal that didn't make that is showing up.
2672	There is a payment with my card which i definitely did not make by me .Never seen that it before.
2673	I would like to get a physical card, but I don't know how. Can you help me?
2674	When is a payment I made with my card going to clear>
2675	I bought something online a couple days ago, sent the money immediately online but the seller says it's still not there yet. How long do EU transfers actually take?
2676	The machine gave me the wrong amount of cash.
2677	Will my GPB update my salary
2678	how come my withdrawal rate is wrong for my cash withdrawal
2679	Are you going to charge me to top up my card?
2680	why has a transaction to a friend been delayed?
2681	Can I use my salary for this?
2682	I'm really concerned because I only made one transaction, but it's appearing multiple times.
2683	I just realized I made the wrong transaction yesterday. Would you please make it correct?I need it by tomorrow Please.
2684	What is the process to get a new card when your old one expires?
2685	Can I use this app for any currency?
2686	What do I do if the machine rejects my card?
2687	Is there a reason my new card hasn't arrived?
2688	Why isn't my refund on my statement?
2689	It appears I have a fee in my statement.
2690	There is a cash withdrawl I don't remember.
2691	Hi - I have made a transaction to my new landlord but unfortunately it shows on my end but not on the landlord's end. The numbers are correct. Can you confirm when that will go through?
2692	Can you tell me why my card payment was cancelled?
2693	Are there any charges for topping up a US-issued card?
2694	Any charges applicable for new card?
2695	Why was the exchange rate so wrong when I bought something!
2696	I have been waiting for my transfer, shouldn't it be here already?
2697	Can you tell me how transferring money into my account works?
2698	i want to get my salary deposited as pesos?
2699	How can I find out about an extra fee on my statement?
2700	I only have one more US credit card, is it accepted?
2701	Will my pin number be sent with my card?
2702	Transaction showing up many times.
2703	I've made a transfer, how long until the money reaches my account?
2704	Can you please explain how to transfer money using the bank transfer process?
2705	I can't do any business with this virtual card.
2706	I have an unfamiliar direct debit in my statement.
2707	can my husband open an account and transfer money
2708	Is it free to exchange currency?
2709	Where in the app do I go to verify my identity?
2710	It's been a couple days how much longer do I have to wait for my transfer?
2711	This place has been too much work so I'd just like to close out my account & be done.
2712	There's a problem - I bought something about a week or two ago but just today the payment somehow came back into my account! I already received the item though, what's going on here?
2713	Can I use my American Express card with Apple Pay?
2714	Please help me! A payment I made had an error on the account number and I can't cancel on my side. Can you cancel it?
2715	How limited is a virtual card?
2716	Is there a way for you to find out why my account was deducted from a seller when I didn't approve of it?
2717	How can I tell if there will be a fee added to my payment or not?
2718	What cash stations take this card?
2719	My order needs to be canceled.
2720	How long do transfers take, mine just says pending?
2721	I think I was charged twice, please help!
2722	How do I go about changing my PIN?
2723	I lost my passcode.
2724	Where do I go to activate my card?
2725	I need a Visa card
2726	How long does the "pending" period of a transfer take?
2727	Money that I have transferred hasn't arrived yet
2728	Why have I received a rebate for my payment after a week?
2729	I wanted to top up my account and it doesn't look like it worked
2730	My statement has not shown my refund.
2731	Help me figure out why my transfer was declined
2732	I am having a huge problem with my card being declined and it's really important that I top-up today. Would you please look into this further and let me know how I can get this fixed?
2733	I need to close my account as soon as possible.
2734	How do I find my PIN?
2735	How can I change my Rowlock ?
2736	I need to cancel a payment. Something i purchased a while ago still has not arrived and i'm not going to pay them if they won't send me what I purchased.
2737	I stupidly initiated a rent payment from the wrong account yesterday. It can't be paid from that account, but it really needs to get paid on time. Am I able to move the payment to the right account?
2738	I'm not sure what I need to verify my identity.
2739	Can I change my address?
2740	Do you charge for sending out more cards?
2741	I make payments for my place abroad using this account and since i use it so frequently I was wondering why did the fees increase suddenly rather than decreasing? I would think customers like me should receive incentives for using your service
2742	where do you find your exchange rates?
2743	I live in the US and I would like to get a card. How do I go about getting one?
2744	I got charged a fee for transferring money.
2745	How do I add the card I just received to show up in the app?
2746	How do I know where the funds come from?
2747	My virtual car is not working.
2748	Can i choose a specific delivery date?
2749	Hi there, I came across a problem with my top up and my money is missing, was there a system error?
2750	There is a payment on my card that I do not recognize.
2751	How do you Top Up on the apple watch?
2752	Is there a fee when I add money to my international card?
2753	Which countries are you available in?
2754	Can I use top-up with Apple pay?
2755	Where's the money from my transfer from Europe?
2756	Do you know the rate of exchange?
2757	Why is there a charge when I took out money?
2758	How do your exchange rates factor in?
2759	I've got a weird problem: I purchased something a week or maybe it was two weeks ago, and the funds have come back into my account! Can you explain this?
2760	My phone was stolen, what can I do?
2761	Who should I talk to or go to resolve a duplicate charge on my statement?
2762	A pending charge of 1L appears on my statement. Please explain as I have not made a purchase for that amount
2763	Is the closest ATM to me within 2 miles?
2764	How do I get a refund for an item I bought?
2765	Help me please, I need to top up cash.
2766	Are there fees for adding money with an International card?
2767	Help! I'm missing money, I deposited a cheque but its not showing on my balance.
2768	What is the highest amount of top ups I'm allowed?
2769	Why hasn't my cheque processed?
2770	I'd like to provide my daughter with a card - could I get an additional card from my account to give her?
2771	My money's disappeared from my account! I topped up the other day and it was there, but now it's not. Help?
2772	I think the rate that was applied to my purchase using foreign currency is wrong. Help!
2773	How can I see the progress of delivery of the card that was sent?
2774	Is there an additional cost to exchange currencies?
2775	I have my card now how do I activate it?
2776	My currencies needed to be exchanged often and I was wondering if there were any discounts available for this?
2777	Looks like my top up failed.
2778	Why can't I buy cryptocurrency on the app?
2779	Is topping up free?
2780	I transferred some cash and it has not arrived yet.
2781	Can I get a Visa or does it have to be something else.
2782	Do you have the option for a disposable virtual card?
2783	Will I be charged for topping up?
2784	How can I get my card out of the ATM?
2785	I submitted a transaction but it was for the incorrect account.
2786	I would like open a second card for my daughter, how can you assist me?
2787	I tried entering my pin several times incorrectly. Why isn't my pin working?
2788	My bag got stolen with all my cards. Can you please cancel my card and send a new one?
2789	My identity hasn't been verified. Can I use my account?
2790	Dude I put money in the ATM last week but it ain't there! I need the money now figure this out!
2791	Help! I just realised someone has apparently withdrawn money using my card! It's from some odd remote town where I definitely haven't been. Please freeze it immediately!
2792	Do you support countries other than mine?
2793	Why has my card payment not yet been applied to my account?
2794	How do I get a new card sent to China?
2795	Why did the ATM cancel my transaction
2796	need to know places i can withdraw money
2797	What can you tell me about the card PIN?
2798	I can't get money out of the ATM. Is my card actually working? It's the first time I tried using it
2799	What is the top-up limit on my cards?
2800	I am confused about your fee structure and was disappointed to see a fee for my transfer.
2801	What should I do if my card doesn't work?
2802	I can't use top up on Google Pay.
2803	I just found out from the seller that my money didn't go through. I checked my account and it was deducted at first but now it's back in my account. Can you please fix this for me quickly?
2804	I've been checking my statement to see if I've received a refund I requested from a seller a while ago has arrived. But it has not. This should have come back to me already. Can you help me figure out why it's not here and get my money back?
2805	I withdrew money and got a fee, please explain
2806	I keep checking my statements but nothing shows up.I requested a refund a long time ago but seems like it's not submitting my account for some reason. Can you please help me get the money back from the seller for me
2807	If I exchange foreign currency, are there any other charges?
2808	What are the limitations on the disposable cards?
2809	I made a mistake and need to cancel a transfer.
2810	Can you explain your exchange rates basis?
2811	Why won't my virtual card work?
2812	My card couldn't complete a transfer, why?
2813	Are extra cards free?
2814	Is the exchange rate current?
2815	My money transfer has not yet occurred
2816	How long do top-ups take to go through
2817	I was charged two times for the same thing.
2818	The cash I deposited using the ATM is still pending
2819	Tell me what ATMs take this card.
2820	There is a mysterious debit transaction on my statement
2821	Please give me both a visa and a mastercard.
2822	I don't know my PIN, how can I find that out?
2823	I wanted $100 but only got $20
2824	I havn't received my PIN yet.
2825	I want to get a refund.
2826	What exactly is the exchange fee?
2827	Why am I not able to get cash from the ATM?
2828	There was a transaction this morning that I'd like to reverse.
2829	I need to change my card PIN.
2830	I believe i was charged for making a withdrawal after i went grocery shopping. Are you guys charging for this now?
2831	How do I go about cancelling a transaction?
2832	I need to know how much it costs to transfer funds.
2833	I need a hand here, I need to top up cash.
2834	I wish to use my American Express to put funds into my account.
2835	I can't find my card, it is lost.
2836	explain the interbank exchange rate
2837	Where is my cash deposit in my balance?
2838	How do i activate my card
2839	Is it simple to transfer money using my credit card?
2840	Can I get some help to get me card activated?
2841	Instruct me how to reset the passcode.
2842	I no longer want to keep this account.
2843	Why is the fee for taking money out so high? I feel I was overcharged and I would have never used this ATM if I would have known ahead of time.
2844	Why was I charged a fee for transferring money
2845	i need a refund from you because the merchant is refusing, can you do that?
2846	I used my card to top-up but the money is gone!
2847	Is there any age limit?
2848	What should I do if my passcode won't work?
2849	Please explain why my top-up hasn't been processed yet?
2850	Where can I find the verification code for the top up card?
2851	How long does it take for a transfer to be in my account?
2852	There is a transaction showing up several times.
2853	After inputting the wrong pin too many times, can you now help me unblock my pin?
2854	WHAT IS THE REASON FOR THAT
2855	Why isn't the recipient seeing the transaction? I just sent the money.
2856	How do i request more physical cards?
2857	How long does it take for a refund to appear?
2858	There is a weird payment in my statement.
2859	My Google pay top up isn't working.
2860	Do you ship your cards anywhere?
2861	Can I use it outside of Europe?
2862	I was trying to purchase some crypto and the app won't allow me to do it. What's the deal with this? I really wanted to complete the exchange.
2863	There's a card payment I didn't make
2864	Can you provide information for freezing my card immediately?
2865	I am not able to see the card PIN anywhere?
2866	Why do I need to have my identity verified?
2867	Are top-ups unlimited?
2868	How long should a transfer normally take to process completely? I have a friend that needs it right away, but it's already been 2 hours and she hasn't received it.
2869	If I found an error in my account for a transaction I didn't make, how long to I have to dispute it?
2870	What do I do if my phone is stolen?
2871	Is it normal to be charged an extra fee when paying with my card?
2872	I'm having trouble proving my identity
2873	Why is identity verification required?
2874	I tried to top up but the app rejected it.
2875	I received my card, how do I get it to show in the app?
2876	Why have I been charged a fee for transferring money?
2877	Can I use my account before my Identity verification has passed?
2878	There is an extra charge on my account I didn't authorise, it's just £1, what is it?
2879	Am I going to be charged for receiving money?
2880	I am under the impression that my top up is still pending
2881	I'm interested in getting a card. How does one go about doing that?
2882	I was so embarrassed. Why didn't my payment clear?
2883	Tell me what I need to do to activate my card.
2884	Why would the app deny my top-up?
2885	I haven't received the cash from the check I deposited.
2886	I want to get a Visa card
2887	Can I track the card you sent to me?
2888	I have used this account overseas recently. Has there been an increase in fees that I am unaware of?
2889	What should I do? My card has been stolen!
2890	What are the charges if I exchange foreign currency?
2891	Its been 3 days, How long will my transfer take to get to my wallet?
2892	How much does it cost to top up by transfer?
2893	How long do I need to wait til my top up isn't pending?
2894	I have a question regarding the PIN of the card?
2895	How do you exchange currencies
2896	How do I get extra physical cards?
2897	I did a transfer and was charged a fee that should not have been charged!
2898	I was issued a card about a week ago. why hasn't it come in yet?
2899	I am waiting on the refund
2900	Do I have to pick a creditcard brand?
2901	Why can't I withdraw cash from this ATM?
2902	Google play top up help?
2903	I tried to get money out of an ATM in Notting Hill earlier, but it didn't work. Is my card actually working? It's the first time I tried using it
2904	I just had my card get declined at the ATM! I need to get money out but I am unable to. Why has this happened?
2905	Is it possible to get a refund?
2906	How long does it take to prove my identity?
2907	Where is my refund? it appears to be missing.
2908	How come my cash withdrawal came with an unnecessary fee?!
2909	I decided I no long want something that I ordered, and want a refund. How do I go about doing that?
2910	A while ago i requested a refund from a seller. I keep checking my statement but I have not been refunded yet. I'm confused why i haven't gotten my money back yet but I need your help getting it please.
2911	How much is the charge for a foreign currency exchange?
2912	I am interested in a Visa or Mastercard. Do you offer them?
2913	I thought crypto top up with something you offered and it does not appear that it's working even though the money has disappeared out of my account. Can you tell me what's going on?
2914	I put the wrong pin too many times and now it is blocked. Can you help me unblock it?
2915	The bank machine didn't give my card back how do I get a new one fast?
2916	Please check the exchange rate for my payment last Saturday. I believe I have been overcharged.
2917	How can I activate the new card i got?
2918	I have cancelled payments to this card.
2919	I thought you offer crypto top up but it doesn't seem to be right ? Money just disappeared from my account, How it would work ?
2920	Can I specify a day for my card to be delivered?
2921	My transfer failed
2922	Where do I go to unblock my PIN?
2923	I need to order a new card, can you please direct me to the virtual cards?
2924	I don't like the services, please close my account
2925	The amount of exchange was not correct for the item i bought.
2926	I think the top up failed
2927	The app says I got cash from an ATM but I didn't
2928	when will the balance on my account change form a transfer
2929	I need my refund as soon as possible. What else do I have to do?
2930	My identity has been stolen. I still have my physical card but there are charges I didn't make on my account. How do I cancel this card or dispute the charges?
2931	I transferred some money to my mom 2 days ago and she has not received it. I double checked the information and it looks right. Can you help me?
2932	I initiated a payment a while ago and it is still showing as "pending", how long will it take to clear?
2933	I'm still expecting the transaction to be finished
2934	Someone mugged my and stole everything. I can't use the app. What should I do?
2935	What is the procedure for activating this card?
2936	Need help with a stolen card.
2937	Why was my withdrawal declined
2938	I would prefer a Mastercard.
2939	What is the function of the disposable cards?
2940	How do I go forth with bank transfers for top up accounts?
2941	Why are you keeping my money from me by declining my card? What is going on?
2942	I received duplicate charges.
2943	Why is there a fee on a card payment?
2944	Is there a way to change my PIN without having to go to the bank?
2945	How much is it to send out additional cards?
2946	Someone stole my wallet a couple of hours ago now and they have taken money from my account. Is there any way that you can help so I won't lose any more of my money.
2947	how should i add money to my card
2948	Seems like the exchange rate for my payment last Saturday was wrong. I was charged extra.
2949	I deposited a cheque, but the balance hasn't changed yet.
2950	What is the cost for physical cards?
2951	I did a transfer but it is still pending.
2952	The top-up did not go through.
2953	What steps do I have to take to activate my card?
2954	What do I need for the identity check?
2955	Why was I charged a fee to transfer money?
2956	How can I report that my card was stolen? I made a police report first.
2957	How do I go about transferring money using my credit card?
2958	There's a cash withdrawal I didn't make
2959	What do I do if I forgot my PIN?
2960	I didn't make these transactions. Is someone else using my card?
2961	I cannot get my virtual card to function.
2962	How do I go through the identity checks?
2963	There are a couple of payments with my card shown in the app that in reality I didn't make. Maybe someone has access to my card?Can you check whats the issue ?
2964	Is there a top up fee?
2965	I think I was charged extra on my payment on last Saturday. Maybe the exchange rate was wrong? I'd like a refund.
2966	Does this app exchange currencies?
2967	I exchange my currency quite a bit. Do I get an exchange price break?
2968	I have never been charged for making an ATM cash withdrawal before, but I am now being charged a fee to withdraw cash. What happened?
2969	When will I receive the cash payment from the check I deposited?
2970	Can you tell me what this fee is on my statement?
2971	An extra pound was charged!
2972	i made a payment with my card and was charged a fee, why would you do that
2973	Where can I get your exchange rates from?
2974	I am not comfortable verifying my indentity.
2975	The exchange rate that was applied for an international purchase was wrong.
2976	How does identity check work?
2977	My credit card has been declined.
2978	What stopped my transfer, from being accepted?
2979	The company is no good, please terminate my account.
2980	What is the reason my top-up is still pending?
2981	my cash out is still pending
2982	I got a new address and need to change my old one.
2983	How do I go about unlocking a pin?
2984	I am having problems with my contactless.
2985	I have a new card. How do I activate it?
2986	Is there an issue with my account? I don't see a cheque deposit that I made yesterday. Please assist.
2987	The ATM did not give me as much cash as I requested.
2988	I tried to buy something over the Internet yesterday and got a declined error. I tried again today and got the same message. What is the issue?
2989	My PIN has been blocked, what should I do?
2990	I think my top up is still pending?
2991	Tell me what ATMs use this card.
2992	How do I receive a virtual card?
2993	When will I get a virtual card? I haven't gotten one yet
2994	I recently bought an item using my card and I was charged an extra fee why is this?
2995	What do I do if the ATM swallowed my card?
2996	How does a US resident go about acquiring a new card?
2997	It is common for an international transfer to take 2 days or longer? I made a transfer from France 2 days ago and I have not seen it yet.
2998	My top-up was rejected
2999	Why was my cash withdrawal given the wrong exchange rate?
3000	What type of fiat currencies do you support?
3001	My phone has been stolen. How can I make sure no one uses my account from it?
3002	Do I have to pay for a second card?
3003	I was charged a fee for a transfer.
3004	What are your exchange rates calculated from?
3005	The exchange rate is incorrect for my cash withdrawal transaction.
3006	I made a cash withdrawl and there is a charge. What is this?
3007	Can I change my PIN remotely?
3008	Tell me how to verify a top up.
3009	How much am I allowed to top-up?
3010	Help, the ATM didn't give me all the money I requested
3011	Is it possible for me to track the card is was mailed to me?
3012	What happened to the money that I deposited?
3013	Please explain your exchange rate policy.
3014	Would you be so kind as to activate my card? Thanks
3015	I don't remember my login code
3016	I want a new PIN please.
3017	Money is not in recipients account.
3018	Can i cancel this purchase?
3019	I would like a Visa card.
3020	When will my transfer come through?
3021	Where can virtual cards be ordered?
3022	If my phone was stolen, do I need to do anything?
3023	I accidentally left my phone at the hotel so now I'm not able to use the app.
3024	Is there a reason my payments are pending?
3025	Why was I unable to finish this transfer?
3026	Can someone please tell me how much I can top-up?
3027	Is topping up with Apple Pay possible?
3028	Can I use my card at an ATM?
3029	Is exchanging currencies one of your app services?
3030	I would like to know where the funds are at.
3031	How long does it take for a transfer to reach my account?
3032	Can you tell me what the cash withdrawal is in my statement?
3033	Why is my identity verification process not working?
3034	I must verify the source of my funds
3035	Why can't I use my card?
3036	Which currencies do you accept for adding money?
3037	Hi, is everything in good standing with my card? I am receiving multiple "decline" messages.
3038	There seems to be an additional charge of £1 on my statement, what is the reason for this?
3039	What is the point of verifying a top up?
3040	Why was my withdrawal requested cancelled by the ATM?
3041	Where do you mail physical cards?
3042	Where can I see where funds came from?
3043	My money transfer has not happened yet
3044	Help! What should I do? My phone was stolen yesterday.
3045	I have a friend who needs money as soon as possibly. If I were to transfer it how long will it take to get to her?
3046	What do I do if I do not recognise a cash withdrawal?
3047	Why didn't my transfer get to the recipient?
3048	Why did my money disappear when I topped up??
3049	Does it cost much or take long to get a new card? Mine is about to expire.
3050	I got my American Express in Apple Pay, why is top up not working on my device?
3051	How long does it take to activate the card, as it does not look like its working?
3052	Is there any fees for top ups?
3053	I need to freeze my card. There are charges on there that i did not authorize. They've been coming out for a couple of days. Can i get this money back?
3054	I'm not recognizing the card payment.
3055	How much does it cost to make transfers?
3056	When will my top-up go through?
3057	Someone is using my card to purchase flights to New York it's not me because I'm not going to New York, please can you cancel the card and refund the money?
3058	I need my card delivered as soon as possible.
3059	Can i add a new currency to my account?
3060	Is there a problem with the top up system? My transaction hasn't gone through properly
3061	Can you send me the actual card?
3062	Can I apply for one of your cards if I live in the EU?
3063	phone is at a hotel, can i still use app
3064	can i use both visa and mastercard
3065	I can't find my code
3066	I'm not happy with service and would like to delete this account.
3067	Is there a limit to how much I can top up?
3068	What forms of payment do you accept?
3069	I see a strange payment in my account.
3070	Can you show me how to top up with Google play?
3071	if im not using my account should i close it or just let it sit
3072	I ordered online weeks ago and I never received my package in the mail and I don't want to wait any more. So if I could get my money back now that would be great.
3073	I was under the impression that you offer crypto top up; however, it doesn't appear to be working. The money has now disappeared from my account so I need to know what the deal is?
3074	I an not sure but it looks as if a card payment I made was cancelled.
3075	Can I use my card wherever I want?
3076	Do you have charges now when you pay with a card?
3077	What is the first step I need to make for being able to access my account?
3078	I would like to verify my source of funds.
3079	I think my top-up has failed.
3080	Why am I being charged to make cash withdrawals? I thought they were supposed to be free!
3081	I hate this ATM, it charged me an extra fee, Why did it charge?
3082	How do I get my card back quickly from a bank machine that it?
3083	I deposited a check yesterday to up my account balance, but that deposit hasn't shown up yet. It's been a day already!
3084	I need to update my address.
3085	Why haven't I gotten a virtual card yet?
3086	How do I find the code needed in order to verify my top-up card?
3087	If I don't have all my documents can they still verify my identity?
3088	I wanted to buy something online yesterday, but I could not because the card got declined on the day of and the following day. What is wrong with the card?
3089	I tried to withdraw cash, but got declined!
3090	Can I convert money into different currencies?
3091	What is your refund policy for products I have purchased?
3092	I have a trasnger that is pending and wondered about it.
3093	Somebody used my card without my knowledge!
3094	I don't want this account anymore, how do I delete it?
3095	I bought a product a week ago, but may need to return it.
3096	I think someone stole my card because I can't find it.
3097	My money has gone missing. I had recently added money in, and saw it was there and went through. Now it's missing. What is happening?
3098	What is the wait time until money reaches my account?
3099	What is the dollar that I have pending on my statement there?
3100	what amount of time does it take for a transfer to reflect and be available
3101	I notice a transaction a couple of weeks ago in my account, from a seller that I don't recognize. Is there a way we can trace back the information to make sure it was truly something I did?
3102	Will you send me a new card in China?
3103	If my card was lost or stolen can I re-link it?
3104	I'm trying to use a cheque to top up
3105	My card doesn't seem to work.
3106	why do i have to verify top up?
3107	Why can I not take out cash?
3108	Is there a charge for SEPA transfers?
3109	Please help me. My card is missing.
3110	I exchanged cash when traveling and the rate was incorrect.
3111	My phone was stolen, what should I do?
3112	Will this card work at any ATM?
3113	The atm didn'y give me all the cash
3114	There are a couple payments with my card shown that I'm not responsible for. What is going on? Maybe someone has access to my account.
3115	Why was my atm withdrawl declined
3116	do you have a fee for receiving a SEPA transfer?
3117	my check or cash deposit has not shown up
3118	Do you have an age limit?
3119	I noticed that there is a withdrawal in the app that is not mine.
3120	What do I do if I can't prove my identity?
3121	Can you tell me why the transfer isn't showing up on my account?
3122	They used the wrong rate when I made a purchase with foreign currency.
3123	I'm really upset because I made a typo during a transfer and now I've sent money to the wrong account. I can't fix this with the app. Please help me immediately!
3124	How can I cancel a transfer I made
3125	My card payment is being declined and I've tried several times.
3126	How do I know what the exchange rate will be when I make an exchange.
3127	I am trying to transfer money and something is going wrong.
3128	As far as courtries go which ones are supported?
3129	Can you send me more cards for my account?
3130	Why is it taking so long for my money to appear in my account? I have been waiting a week!
3131	Hi, I'm buying my son Bertie a starter home in London. I'm just trying to send the 5% deposit over to the agent. It's only £200,000 but seems to be throwing an error. What is going on? If I wait any longer the house prices might rise, can you look in to it please?
3132	Why does the same transaction appear multiple times?
3133	Why can I not choose the card i want?
3134	The top up failed
3135	I got a declining message during a transfer? please tell me why
3136	A debit came through that I need to dispute.
3137	Why isn't my google top-up pay working?
3138	why was a extra fee added to my account for transfer ?
3139	Why do you keep declining my payment?I tried several times with this card and it is just not working.
3140	Why is my transfer still pending after all this time?
3141	What do I do if I completed a money transfer but the recipient hasn't received it?
3142	My refund isn't showing up on my statement.
3143	The ATM only gave me 10 pounds when I withdrew 30. What do I do?
3144	Why am I being charged again?
3145	The app is saying I made a withdrawl but I didn't.
3146	What's go on, where is my new card?
3147	Can someone assist me with explaining how I can unblock my pin?
3148	What happens when I am charged twice?
3149	Does Apple Watch support the topping-off of my account?
3150	Why is my cash request and the amount I received different?
3151	Is there a strict timeline regarding disputing transactions made on my account? I just noticed a fraudulent charge on a statement from a couple months ago.
3152	I've forgotten my app passcode completely.
3153	Should my top up still be pending?
3154	I have a US credit card, will you accept it?
3155	I was denied cash at an ATM
3156	Hi, I tried to top up my card today and it did not work. I have tried it in the past and it worked just fine but it won't do it anymore. Can you help me out?
3157	Can I pay for my gas using my Apple watch?
3158	I have been trying unsuccessfully to top-up my card. Is the system down or not working properly?
3159	For you, how long do transfers normally take from a UK account? I completed one just now but nothing appears. I just need to be sure everything is okay.
3160	While abroad I got cash, and a wrong exchange rate was applied.
3161	Can I receive money in a different countries money?
3162	WHY IS THERE AN EXTRA FEE FOR USING THE ATM??!!!
3163	What is the procedure for topping up with a cheque?
3164	Is there a limit on auto top-up?
3165	Which countries can I change my PIN in?
3166	I don't see the verification code for my card transfer.
3167	Can you explain why my Google Pay Top isn't working?
3168	You can use it anywhere that accepts Mastercard.
3169	I received a fee for obtaining cash, is this correct?
3170	I need to delete my account.
3171	What are the steps to finishing up with this account?
3172	I need a single use card for shopping online
3173	What is the fee to top-up my account
3174	Hi, i was checking my old statements and found a discrepancy with a large amount transaction. I am sure it was not done by me. Please let me know if i could raise a dispute as its very late.
3175	The card payment is declined. Please inform me why.
3176	I was wondering how long does it take for a payment to go thru? It seems my last payment is stuck and hasn't moved.
3177	Where can I check to see where the money in my account came from?
3178	I got $20 when I should've gotten $100
3179	I don't understand why my payment was declined. I thought everything was ok.
3180	What source do my fund come from?
3181	I entered a typo when I was transferring money and now I've sent it to an incorrect account. This is so bad! I need it cancelled now.
3182	Why was I charged a random fee for a transfer I made?
3183	What locations can I get money from?
3184	My beneficiary is not allowed? Why?
3185	Top-up is loaded into the card and no update.
3186	Could you help my figure out the exchange fee?
3187	Can you look into why my most recent top-up is showing as pending? I thought it was supposed to be instantaneous.
3188	Tell me why there is an extra charge when I used an ATM?
3189	I saw I was charged extra for money I withdrew?
3190	What country's money can I hold currency in?
3191	I can't get my card out of the ATM
3192	looking back on my transactions from a couple of months ago I have noticed a charge that is fairly large that I'm certain was not completed by me. I know it has been a while but can I please dispute this charge?
3193	Where do I find the auto top- up?
3194	Is there something that I can do since my phone was stolen yesterday?
3195	how much does a card cost and why do you charge me
3196	I tried to top up, but the funds show up as pending. I thought it was instant?
3197	What do I do if I still have not received my new card?
3198	Close down my account. I don't like your service.
3199	What do the disposable cards do?
3200	I want to use auto top-up. Is there a limit?
3201	What are the steps for identity checks?
3202	How long does it take for pending to go through
3203	Tell me what I should do after my card expires.
3204	why hasn't my virtual card arrived?
3205	Do you issue cards for someone living in the US?
3206	How do I transfer cash my into my account?
3207	Is there something wrong with my top up I did an hour ago? it's still pending. I need that money, i cant afford to wait or have it come back to me.
3208	€1 was in my statement as an extra fee.
3209	Is there a reason there's an extra fee on my statement?
3210	Why was there a fee for paying by card?
3211	I transferred some money to a friend of mine who urgently needs some money right now. How long will it take to get to her?
3212	The cash I got at the ATM is still in my account.
3213	Can you tell me more info about virtual disposable cards?
3214	Are there any fees if I want to add money using an international card?
3215	My card did not work at store.
3216	Can I transfer money using a different currency?
3217	I made a transaction to the wrong account!
3218	Why is my disposable card not working?
3219	My card has an issue, the payment has been deferred.
3220	My account isn't showing the refund
3221	Why do you need verification for my identity?
3222	Could not complete transfer, states 'declined'
3223	Is there a auto top-up option?
3224	Has my top-up gone through?
3225	What documents do I need for the identity check?
3226	What are the requirements to verify my identity?
3227	How do I know if my top-up went through?
3228	Why hasn't the app verified my identity?
3229	Why was my exchange rate a different amount than usual?
3230	My card wants to be topped what do you guys support?
3231	I did not do this payment
3232	I think there has been a mistake with my transfer
3233	Can anyone else top-up for me?
3234	why cant you just refund me instead of a merchant
3235	At what cash machines can I change my PIN?
3236	Why was my top-up rejected?
3237	I can't remember my app code, can you reset it?
3238	I need help verifying my identity.
3239	I have a transfer that is pending.
3240	How can I change to another currency?
3241	I can't find how to top up my account with a check. Where is that?
3242	why was i chargged
3243	I believe a wrong exchange rate was applied towards a cash transaction I made abroad.
3244	Do you take SWIFT transfers?
3245	I got some cash but it wasn't the right amount.
3246	Can you tell me where I can withdraw money?
3247	I have my residency in the US, but I would love to get a card.
3248	If I were to use a European bank card for a top up, will I incur a charge?
3249	I need to know why a money transfer is available.
3250	Please cancel my last transaction.
3251	Why is my withdrawl to cash still pending?
3252	My phone is missing.
3253	I would like to change currency
3254	how long does it take for a transfer to arrive
3255	What is your opinion on the exchange rate?
3256	I need to add a serious amount of cash to my card, how do I do that?
3257	What should I do after I've moved and need to update my personal details?
3258	I think my card payment was cancelled. What happened?
3259	What if I don't want to disclose all of my identity details?
3260	I completed I transfer the day before yesterday in this country. The transfer still is not complete. I've checked on the account number multiple times to make sure that it is the right one. Can you check to see what's going on with this?
3261	I believe that the rate of exchange for my cash withdrawl is incorrect.
3262	Can I put my old card back in the app?
3263	I have not received my pin yet
3264	How long does it take for money to transfer?
3265	How long will the $1 charge show as pending?
3266	Do I need to do anything? My phone was stolen yesterday.
3267	Can I change my PIN online?
3268	I am being charged a pound out of nowhere. What is this?
3269	The app is showing a cash withdrawal that I didn't make.
3270	A couple weeks ago there was a debit taken from my account from a transaction I don't recall. Is it possible to trace this transaction to make sure I'm not being scammed?
3271	Why was one of my transfers declined?
3272	Why do I need to verify a top-up?
3273	Where can I update my pin number?
3274	For some reason I am unable to preform a transfer to a beneficiary.
3275	I just went through a old statement and noticed that a very large payment went through and i did not make it. It was from a few months ago, can I still dispute the payment?
3276	I've been trying to make a transfer and it doesn't seem to be working. (5 times) What is wrong with your system?
3277	What are the exchange rates?
3278	Can you tell me what cards and currencies you support?
3279	What fees to you have for top ups?
3280	Help me create several temp cards every day.
3281	Something is wrong, my top-up is gone and I don't know what happened to my money.
3282	I noticed additional charges when transferring?
3283	Are there any discounts for frequent currency exchanges?
3284	Do you have a return policy?
3285	My phone got stolen, how can I use the app?
3286	My top-up funds aren't available yet.
3287	When I got cash, the exchange rate applied was wrong.
3288	How long does it take for a transfer to post
3289	My daughter needs an acount.
3290	How long will delivery to the US take?
3291	What is the reason that my top-up is still pending?
3292	I think someone else is using my card.
3293	I put the wrong pin too many times and now it is blocked. Can you help me unblock it?
3294	HELP. My account has been deducted already and the Seller says they haven't received the money yet? When can they expect it?
3295	I want to shut down my account as soon as possible.
3296	I just have one additional card from the USA. Do you support that?
3297	I would like to return my purchases
3298	Is there a fee for physical cards?
3299	Why do I see an extra €1 charge on my statement?
3300	I would like my card activated.
3301	Why did my payment not go through why did it cancel?
3302	There's a cash withdrawal on my account that I didn't make
3303	Why am I being declined?
3304	I didn't get the all the cash i wanted from the atm
3305	Can you track my card for me?
3306	How long will it take for the cash I deposited this morning to show up?
3307	Is auto top up a provided service?
3308	I didn't want to make a transaction, I want to revert it
3309	When I tried to transfer funds to my friend today I was unable to do so, why?
3310	I topped up but the app denied it
3311	Why am I being charged for the same thing twice?
3312	You accepts my card?
3313	My top-up was declined
3314	What's the process for terminating an account?
3315	What's the limit to how much I can top up?
3316	I was declined when I tried to withdraw cash!
3317	Can I see where my money came from?
3318	Why is the payment from my card still pending?
3319	I want to cancel a transaction from this morning.
3320	The ATM didn't give me the amount I asked for
3321	I think the exchange rate on my card payment is incorrect.
3322	I transferred money and it didn't get there.
3323	I can't access my account.
3324	I'm not seeing my cash deposit showing up in my account.
3325	This stupid system is not letting me prove my identity.
3326	How do I add money to my card?
3327	Can you tell me why the card payment came back?
3328	I am not sure where my phone is.
3329	I need clarity on why my card is not working.
3330	the transfer went through but now it has been pending for quite a while. i need this to go through already
3331	Can I start an account for my kids?
3332	Can I auto top-up as much as I want?
3333	So, I am in the middle of purchasing a flat. I need the money for the first mortgage payment and it is not going through. I keep receiving an error. Can you find out what's going on and help me complete this transfer?
3334	When I topped up the app has seemed to reverted it.
3335	I want to give a second card for this account to my daughter, would this be possible?
3336	I've just got married and want to change my name.
3337	Please could you give me a refund
3338	My transaction history is looking a little off. I have been charged twice for multiple different purchases, and would like to have those duplicate charges refunded.
3339	Is there a charge for using transfers for top ups?
3340	I've been waiting for something that i've ordered for months now and it still hasn't arrived. I genuinely don't know what this company is doing, but put plainly, i've had enough. Please issue a refund immediately, i would not like to waste anymore of my time on these people.
3341	What currencies do you support?
3342	Am I able to return an item for a refund?
3343	I tried updating my balance by cheque yesterday but it doesn't seem to be working. Shouldn't that be faster? Please check my account something has gone wrong there.
3344	Do you have any fees if I want to add money using an international card.
3345	I was making a purchase and it was declined and I wanted to know why.
3346	On what do you base your exchange rates?
3347	Where can I find out where my funds came from?
3348	Why didn't my top up work?
3349	When are you going to activate my card?
3350	Are you able to make exchanges to EUR?
3351	Hoe do i use my credit card to transfer money?
3352	My card hasn't shown up yet.
3353	Why was my ATM withdrawal cancelled?
3354	Does your app allow currency exchange from USD to GBP?
3355	What do I do to Top up my card?
3356	why isnt my cash withdrawal showing
3357	card is being used by someone else
3358	Hi, there is a suspicious payment from my card. I definitely do not know who this is or who could have made this payment.
3359	Where is the tracking number for the card?
3360	Are there any ATM's near me that accept this card?
3361	Why has my card been declined? whats the deal?
3362	When will my money be in my account?
3363	Why did I get charged for a transfer?
3364	Why was I declined when I tried to get my money?
3365	is my pin the same as my passcode
3366	How can I top up with a cheque?
3367	The app says I made a cash withdrawal that I didn't make
3368	The app can't verify my information for identity proofing purposes.
3369	Do you charge extra for exchanging currencies?
3370	Give me back my money, I'm not paying the sellers. It has been a long time ago that I made an order and it just isn't coming.
3371	Can I stop a transaction?
3372	Am I allowed to transfer money to a beneficiary?
3373	How do I change the PIN?
3374	A direct debit appears in the app but I didn't authorize it.
3375	I don't think the charges made when I had currency exchanged are right.
3376	I tried the wrong PIN too many times.
3377	Why am I being charged extra when I withdrew money?
3378	How many times can I auto top-up?
3379	Can the card be mailed to Europe?
3380	Please give me both Visa and MasterCard, is it possible?
3381	I made a transfer and according to the receiver "they haven't received the right amount" Its lesser than it should be.Now I have to transfer more money to make up for the missing amount . Can you please help me about this,what should be done
3382	What is the refund procedure?
3383	What is limit of disposable cards I can make per day?
3384	I see a direct debit transaction in my history that I did not set up.
3385	I only made one transaction at this place, but it's appearing multiple times.
3386	Is there a specific source that the exchange rate for the transfer I'm planning on making is pulled from?
3387	My refund is still pending
3388	There are a couple payments with my card in the app I see that I didn't create. What is happening? Maybe someone gained access to my account.
3389	My card is showing multiple charges for the same items on my recent statement. I was wondering what actions of needed to take to fix this issue
3390	My statement shows and extra 1$ that was charged to it and I would like to know why.
3391	What do I need to do to exchange my money?
3392	How long does it take for transfers to process? I sent funds to a friend, and she says that she has not yet received anything.
3393	My card is needed soon
3394	Can you tell me when the transfer will be completed?
3395	My card was declined at a restaurant today and I am not sure why.
3396	Someone might be using my card. What should I do?
3397	Do you have a problem with EUR exchanges?
3398	I've been charged an extra £1 and I don't know what it's for
3399	Can I use any card and currency?
3400	I need to get my card quickly
3401	I think youre system may be broken because I have tried transfer money 5x and it isnt working! I'm not doing anything complicated it is what I usually do.
3402	Does it matter which card I use
3403	Could you please recommend what I should do if my card keeps getting declined? I planned to top-up today but I am unable to get it to work. I need a fast solution to this problem.
3404	A 500 pound cash withdrawal was just made from my account, but I didn't make it. I am pretty sure my card has been compromised - can you help me?
3405	What should I expect to be charged on a SEPA transfer?
3406	Why is my contactless not working?
3407	This debit is not my transcation. How do I get my money out back?
3408	I don't know where this debit transaction on my statement came from.
3409	My card has an expiration date, will you send a new one automatically?
3410	Would I be able to open an account for my daughter?
3411	I'm not sure why the card payment didn't work.
3412	I want to cancel a transaction.
3413	How long is the delivery to the US?
3414	What age do you have to be?
3415	My top-up is still pending
3416	Do I have to verify the top-up?
3417	Are the funds I requested from a merchant a few days ago in my account? I do not see them.
3418	Where are you present globally?
3419	I can't access my money. Is it because somethings wrong with the top-up? I set it up correctly.
3420	Why was my virtual card rejected?
3421	I received a fee I should not have.
3422	Someone else made a Direct Debit transaction on my account
3423	can I use it in any country?
3424	Why did I get less from the ATM?
3425	I am suppose to be getting a refund from something I purchased but it hasn't showed up in my account.
3426	Yesterday I had my phone stolen. Please advise what I should do.
3427	Is there a way to order a virtual card on the website?
3428	I have a service fee that I've never seen before. It showed up after I bought something from an international seller online.
3429	How can I activate my new card?
3430	Would I be able to get an account for my child?
3431	Why was a payment cancelled on my account?
3432	Which currencies will you exchange?
3433	Which credit card top-ups do you accept?
3434	There was an unexpected fee for my cash withdrawal!
3435	Please list what fiat currencies are supported for both holding and exchanging.
3436	When will my transfer be in my account?
3437	I would like to change my personal details.
3438	What is the maximum transactions for one disposable card?
3439	I didn't receive my money earlier and it says the transaction is still in progress. Can you fix it?
3440	Can I exchange currencies with the app?
3441	I need help fixing my contactless. It's not working anywhere I go today.
3442	How can my friends top up my account?
3443	How can I receive money?
3444	I was not able to receive the correct amount of cash.
3445	How was I charged extra when I used my card to pay?
3446	Is there a function where I can top-up automatically?
3447	Please, tell me why I can't have the funds I deposited a week ago? I need the money now.
3448	The app reverted after I topped-up
3449	There is a single payment on my card which shows as pending.
3450	Tell me why there is a fee for a card payment.
3451	What should I do if my card payment was cancelled?
3452	I think there was an error in your exchange rate.
3453	There is a direct debit transaction that I did not authorize
3454	I would like to move money from one account to another to top off my account. Can you explain how I can do that?
3455	I would like to activate my card.
3456	Can you tell me why a cheque deposit isn't showing in my balance?
3457	I didn't withdraw the amount of cash that is showing up in the app.
3458	I am from X but am traveling to Y - how do I get currency for Y?
3459	I get a "decline" message when doing a transfer
3460	How do I locate my PIN now that I have my card?
3461	Is it possible to exchange USD and GBP on the app?
3462	Can cards be delivered? Where?
3463	After purchasing an item I noticed the exchange rate was incorrect.
3464	What do I do if I can't get my card out of the ATM?
3465	Is it possible to have a second card?
3466	I deposited a cheque with some money, but the balance hasn't changed.
3467	According to the app, I got cash from an ATM but I haven't made any transactions.
3468	I received the wrong exchange rate for an item i bought.
3469	Money transfer help? How long?
3470	There is the same transaction showing more than once.
3471	My statement shows different transaction times.
3472	My card payment is just showing up as pending and it has been a while , what's going on with that, it should be going through at some point?
3473	Currently my card is broken.
3474	How can I setup automatic top-up?
3475	phone is gone, dont want others to access account information
3476	Do you charge extra for topping up with a debit or credit card?
3477	How can I verify my source of funds?
3478	Do you know when the withdrawal will show?
3479	How to edit personal details?
3480	What is the limit on disposable cards?
3481	I live in the UK. Can I get a card?
3482	I can't make purchases with my virtual card.
3483	Please tell me what the exchange fee is.
3484	What transfer methods do you accept?
3485	Hi, I just looked at my card transactions and saw that I've been charged twice for a restaurant I went to this week. Can you remove the double charge, please?
3486	How much would I be charged for a transfer?
3487	Why do you ask for top-up verification?
3488	The app doesn't think that I am myself
3489	I am having some difficulty verifying my id.
3490	I was suppose to be getting a refund for something I purchased a while ago, but It still hasnt been applied to my account. When will I get my money back?
3491	How do I unlock my account after typing in the wrong PIN too many times?
3492	I do not see the card PIN anywhere?
3493	I tried to used my card in a shop and the transaction was declined.
3494	Why hasn't my friend received the money i sent them yet?
3495	Can I use Apple Pay to top-up?
3496	I tried to use my card to withdrawal money from the ATM in Notting Hill but it didn't work. This is the first time I've tried using it. Is my card working?
3497	I need to delete my account, please.
3498	When I travel, can it automatically add money in certain intervals?
3499	do i need to add money before i order a card
3500	I had transferred some money but the balance hasn't changed.
3501	Please help me, its urgent. Someone has withdrawn money from my account as few hours before my wallet has been. Now i want to stop withdrawal of more money.
3502	I am unable to access my app due to forgetting my passcode.
3503	It says that my payment is pending, what does that mean?
3504	Could I chose the date to have it delivered?
3505	I think I am having an issue with withdraws on my card. It was declined on the way to work this morning. This hasn't happened in the past.
3506	There was some money taken from my account that I don't remember paying for. Am I able to look up this transaction which was a few weeks ago to see who took out the money? Im not sure I need a refund just want to check to make sure it's legit.
3507	app malfunctioning, does not know its me
3508	How do I use a cheque to top up?
3509	extra fees on a cash withdrawal, not cool.
3510	I desperately need to top-up my card, so why is it being declined? Can you solve this for me? I need to use my card immediately!
3511	I think my top up may have been reverted, what do I do?
3512	Who is giving me my money?
3513	My card is showing the same transaction over and over again.
3514	How do I order a new card if my current one is about to expire?
3515	Why is my beneficiary not working?
3516	What's the time frame normally for a UK account transfer? I just made one and it's not showing up anywhere. I want to be sure that everything is good.
3517	How long does it take for money to transfer? I sent some to a friend and it hasn't gone through yet.
3518	Could you assist me in finding my lost card?
3519	I need to know where this charge is coming from?
3520	Why did my credit card get declined for top up?
3521	It seems my card payment was completed twice. I paid at the store previously and the first one did not seem to go through. After a second attempt, it did go through. I now see within the app that I have been charged twice with one of them pending. Can you please remove the pending amount because it is clearly something that was declined?
3522	I was charged extra when I made a cash withdraw, why?
3523	why do I have an unknown payment?
3524	What are the steps for the identity checks?
3525	Why did the bank reject my transfer?
3526	After I got my cash, I found out my exchange rate was wrong.
3527	Google pay top up not working.
3528	what can I do if I got my American Express in Apple Bay but top up is not working?
3529	Can you tell me why my card keeps getting declined every time I try to use it?
3530	Why was I charged an extra fee when using the card?
3531	I want to close my account & I will never do business with you again.
3532	Do I need to do anything special for my friend to send money to my account?
3533	Can I have a mastercard?
3534	I wish to remove my account.
3535	I need to urgently transfer something from China. How long will it approximately take?
3536	how do I link an old card?
3537	Apple pay is not accepting my American Express card, can you assist me with this problem?
3538	My withdrawal is pending, why?
3539	Explain to me how to verify the top-up card.
3540	my money, where is it coming from?
3541	How long does it take for the money to show up in my account?
3542	I was charged multiple times for one transaction.
3543	Why is it saying I have a pending payment?
3544	Tell me why my transfer is declined.
3545	where can I see who sent me funds
3546	I need my payment in another currency
3547	I'm on vacation in Europe but I desperately need to change my PIN. Can I do this from abroad?
3548	Why did I get charged a fee for my transfer?
3549	I thought I lost my card so I cancelled it, but recently I found it in my jacket and I would like to re-establish the card.
3550	I was charged several times for something
3551	There is a €1 fee on my account I didn't authorize
3552	Which merchants accept my card?
3553	what are the exchange rates for getting cash
3554	Some cash has been withdrawn but I didn't do it.
3555	How many top-ups can I use?
3556	Why did the transfer fail when I attempted to do it earlier?
3557	How much will I be charged for exchanging foreign currency
3558	I haven't received my card yet, how long does it normally take?
3559	Help me to set up contactless payments.
3560	Why has my payment been reversed?
3561	Can you tell me the restrictions for the disposable cards?
3562	I didn't know there was a charge for tranferring. What is the charge?
3563	Can you tell me when my money transfer will go through
3564	What's the process to receive a second card?
3565	Can I reset my PIN?
3566	Why am I having trouble withdrawing cash?
3567	Is there any way to cancel a recent transfer? I did not mean to make it and need to make sure it does not go through.
3568	Is it possible to get a card outside the UK?
3569	My statement shows a 1£ purchase pending. I do not remember making this purchase, please let me know what this is about.
3570	can I use my card before identity verification?
3571	How can I get my money that I didn't get from the ATM?
3572	I don't know what a pending payment is.
3573	My purchases from this morning still have pending payments.
3574	Are money transfers free?
3575	Is there something wrong with my card payment? It's been pending a really, really long time.
3576	Tell me how to top up my account using bank transfer.
3577	Where do I go to fill out the identity form?
3578	Why do I see extra charges for withdrawing my money?
3579	How can I fill up my gas tank using a check?
3580	Why is there a payment I didn't do in my app?
3581	I just tried to top-up and now I'm getting an additional verification message, why?
3582	How can I exchange USD and GBP in the app?
3583	Are you okay with exchanges to EUR?
3584	i can not see my top up
3585	Is there any limits I should know about if I'm going to use a disposable virtual card?
3586	There is an urgent transfer I need to make from China. How long will it take to get it processed?
3587	The other bank confirmed a transfer I made, but this account is not reflecting it yet.
3588	how can i transfer money from american express card
3589	I have a fee listed for a transfer.
3590	I am here to change my adress.
3591	A card payment on my account is shown as pending.
3592	How long does it take for transfers to be approved? I sent funds to my girlfriend, and she says that she has not seen any approved funds in her account.
3593	How can I create a disposable virtual card?
3594	I did not make a direct debit payment as listed on my app
3595	How long until I see a cash withdrawal?
3596	I see a direct debit transaction in the app that is not mine
3597	What is the verification code for my top up card?
3598	How long do transfers take to go though
3599	What is the rate for exchange fees?
3600	My daughter need a card from this account. Is that possible?
3601	I got charged twice
3602	Are cards issued to people living in the US?
3603	I would like to top up my account with a bank transfer, is that allowed?
3604	Yesterday my phone was stolen from me :( What do i need to do about it?
3605	Someone has taken my phone from my hotel room!
3606	My top-up didn't work.
3607	How would I use a disposable card?
3608	What is the best way to get my virtual card?
3609	Can I track my card while it is in the process of delivery?
3610	I tried topping off my account with a card, but the money is not in my account despite the charge going through
3611	I want to block my card or deactivate it or something, it's been stolen and I don't want it misused. I want this handled right away.
3612	is it possible to cancel transactions?
3613	Will money be added automatically when necessary?
3614	How can I set a new pin.
3615	How do i top up my google pay?
3616	Cancel a transaction
3617	Why did you charge me extra for withdrawing money?
3618	I would like a physical card
3619	My card payment didn't go through.
3620	How do I auto top-up?
3621	What does pending payment mean?
3622	Are there any limits to were my card is accepted?
3623	I got a message that my transfer is not possible. What is happening? I need this to go through please.
3624	How much would it cost me if I transfer?
3625	i asked for 100 only got 80
3626	is there a way i can see source of money?
3627	Where do I activate my card?
3628	I would like to know where my source of funds came from.
3629	how to get virtual card
3630	There's a payment in my history I don't recognize
3631	I want a refund for an item
3632	Has my account been frozen? I tried to use my card but the ATM would not dispense cash.
3633	Are there any charges for using a bank card to top up
3634	I want to transfer money using my credit card.
3635	Where do I find PIN for my card?
3636	Can someone else use my account if they have my phone? I lost mine.
3637	went somewhere else, need to change details
3638	Explain the card PIN to me.
3639	Hi, I was looking over my card receipts for the past week and I realize I had a charge put through two times for the same single restaurant visit. Can one of the charges be removed so that I can get the money back that was mistakenly taken from my account?
3640	I am angry that I got charged for using my card.
3641	There is an odd 1£ charge that appears as pending on my statement. What's the reason for that? I haven't purchased anything for a pound.
3642	When I look at my statement there is an extra fee, that is for what?
3643	I placed a cash deposit in my account but I can't see it yet.
3644	I checked on google and the exchange rate you are using is really bad. Can you update it?
3645	How long do transfers take? I sent money to a friend who needs it urgently. It's been hours and has not gone through.
3646	what are limits to top up
3647	I moved so I need to change my address. How do I do that?
3648	Why has my card been declined?
3649	I don't see my refund money yet in my account. I asked the merchant a while ago for a refund, so I don't know what's taking so long. Can you look into it and see if the money is there, just not in my account yet?
3650	How do I access the option to top up?
3651	Please help! I was looking at my account and saw a transaction with a seller I don't remember. Is it possible for you to track the sale, because I really don't think I made a payment to them.
3652	What documentation is needed for the identity check?
3653	I messed up a transfer and need to reverse it.
3654	I checked my statement and am being charged one pound. Where did this charge come from?
3655	My order hasn't shown up yet, what can I do?
3656	Why did I not get my refund yet?
3657	Hi, Could you please help me as someone has stolen my wallet few hours ago. And a withdrawal is made, please help immediately. As i don't want to suffer more.
3658	Hey, I ordered a thing but changed my mind and want a refund on it. Since I haven't received the thing, would you just go ahead and cancel the payment for me?
3659	Help me change my PIN.
3660	What do I do about a debit on my account that I didn't make?
3661	How far is the closest ATM from me?
3662	Why am I charged an extra fee on my card?
3663	What do I have to do to get a Visa card?
3664	Hello, Please look into this matter urgently. As i have lost my wallet and i can see one withdrawal, now i do not want to loose more money.
3665	why wasn't a transfer to account approved
3666	Can you walk me through how I can edit some of my personal information?
3667	Does auto top-up have a limit?
3668	What kind of fiat currencies are supported for holding and exchange?
3669	I'm concerned because my cash withdrawal is pending.
3670	How long do bank transfers usually take?
3671	I want this fee reversed from my account.
3672	Where can I find the top up verification code?
3673	If someone sends me money, will I be charged?
3674	There was a strange transaction made on my account a couple weeks ago by a seller I don't recognize. May you please check on this transaction for me.
3675	How do I deactivate my account?
3676	Where can I pay with my card?
3677	The app reverted my recent payment
3678	I was charged an extra dollar on my account and would like to know the reason.
3679	What do you need for the identity verification
3680	I bought something in another country but the exchange rate is wrong
3681	What countries can I use your services?
3682	My account says there are pending funds right now from withdrawing from an ATM, but my card was declined and I never took out any money. When will that money be deposited back into my account?
3683	Are cards delivered to my location?
3684	My card was eaten by the cash machine what do I do?
3685	Where can I locate my card PIN?
3686	Why hasn't my friend received the transaction?
3687	Everything I have was stolen yesterday making it so I don't have access to the app, what should I do?
3688	After I deposited my cash, I still don't see it in my account.
3689	why hasnt my card come in yet?
3690	Help! In the app there is a direct debit that I don't remember.
3691	Is American Express supported for adding money into my account?
3692	I got a new card, how do I link it?
3693	My salary is in GBP, is this something I need to configure?
3694	I need to know where I can withdraw money.
3695	i need a virtual card
3696	My beneficiary is unable to transact
3697	I just saw some charges on my card from the past days that I dont recognize, I need to freeze the card asap! Will I be able to get my money back?
3698	I'm not sure how to provide my identity.
3699	How do I know what my account is set to, I am paid in GBP?
3700	Have have a small charge on my account from someone I purchased with but I'm not sure what it relates to.
3701	There is a payment I don't recognise!
3702	I went to the store and tried to make a purchase. The first time, it was declined, but the second one went through. But my App shows me that I've already been charged once and the second charge is still pending. Can you make sure that I'm not charged twice?
3703	My card was stolen. What do I need to do?
3704	I'm looking in the App and can't find my PIN, where should I look?
3705	How do I reset my password?
3706	Someone else used my card to withdraw cash from an ATM
3707	The service here is horrible, I want to delete my account.
3708	lost my phone, what is account security?
3709	What businesses accept this card?
3710	I tried to do a transfer and it's saying it declined.
3711	Hello, I'm having trouble with my card, I don't understand what's happening, I tried using the ATM machine earlier but it wasn't working but seems like the transactions is still in progress, can you cancel it for me?
3712	what is the fee for a transfer into my account
3713	I didnt get the correct exchange rate for getting cash
3714	Am I getting charged for making a payment?
3715	I made the incorrect payment for my rent yesterday and this needs to be fixed by no later than tomorrow. How can you help?
3716	What do you do to transfer money to my account?
3717	can you tell me why my card was declined?
3718	Hello there, I tried using crypto top up today but it's not working for me, might it be due to the kind of bank I'm using or the country that I'm from?Money is also missing from my account
3719	My transfer was declined, why is that?
3720	How do I perform identity checks?
3721	What ATMs take this card?
3722	How do I get a virtual card on my device?
3723	How long will my cash withdrawal take
3724	I don't recognize what this payment on my statement would be for.
3725	Hey I want to get a refund on something I bought, but not sure how to go about it. Can you please just cancel the payment, I have not received the item yet.
3726	I want to activate the card.
3727	There was a charge applied when I used my card.
3728	Do I have to pay more for exchanges?
3729	How can I pay for top-ups?
3730	An item I bought had the wrong exchange rate applied.
3731	when will I get my refund?
3732	Please help! There was an extra fee when I got cash.
3733	What is the current exchange fee?
3734	Can I change my PIN at my local bank?
3735	I tried to transfer money to a receiver and they didn't get the right amount. What is going on and who do I contact to help me?
3736	Hi, I had an issue with my card payment and It shows on my account that my payment went through. Then I got contacted from the seller saying "they did not receive my payment" then the payment was returned to my account. so I would like to see why it did that please.
3737	I want to do a bank transfer to this bank, from an account at another bank.
3738	For a week now, I have tried to use my card and it is still not working.
3739	How do I exchange currencies using this app?
3740	I have lost my phone, what steps can I take to prevent someone using my account?
3741	How many disposable cards can I make in a day?
3742	Do i need to verify my top up?
3743	What are the steps to verify identity?
3744	Help me unblock my PIN.
3745	I tried to buy something online yesterday and was told declined. I got the same error today after trying again. What is the problem?
3746	What do I need to do to cancel a transaction?
3747	Something is wrong with my top up and I can't see it. How do I find it?
3748	How do I verify my source of funds?
3749	I bought an item and now I want a refund.
3750	my friend has not got the money I sent last week.
3751	I entered my pin wrong too many times.
3752	I can still see money in my account after making a payment
3753	How do I use the app to exchange currencies?
3754	Can I open an account for my offspring?
3755	Is there a maximum for top-ups?
3756	what is the matter?
3757	The balance hasn't changed yet after depositing a cheque with some money.
3758	What's the process for topping up by card?
3759	I would like to use top-up with my Apple Pay.
3760	I would like to invalidate my account. I am very disappointed with your services.
3761	I wanna revert a transaction i did this morning.
3762	I could not get money from an ATM
3763	What's the phone number to freeze a card?
3764	How much does a transfer cost?
3765	How would I go about getting a physical card to use in stores?
3766	the money i transferred didnt arrive
3767	I need an actual card that I can hold in my hand, how do I do that?
3768	Can I pick a new PIN?
3769	Why was a payment I made reverted?
3770	Do you charge for cash withdrawals? I want to get my hands on my own money and you appear to be charging me for the pleasure! Why is this, you'd never get this with my high street bank!
3771	I need to cancel a transfer
3772	What proof do you need for my identification?
3773	what is the average wait for transfers
3774	On my statement, there is a strange 1£ charge that appears as pending. What's causing that? I haven't purchased anything that's just a pound.
3775	Where can I get a card in the EU?
3776	I got less than what i asked for in the ATM, why?
3777	Why did my transfer not work, it says it was declined?
3778	How can I top up with Google play?
3779	Please explain the fee on a transfer I made.
3780	If I lost my phone, how can I stop someone from accessing my account through the app?
3781	What is the average pending time for a transaction?
3782	Why is there a payment I didn't do?
3783	what is going on, i have entered my passcode and its not working
3784	Do I have to change my PIN at a bank?
3785	I want a reason as to why my beneficiary is not allowed?
3786	I need to activate my card.
3787	What is this extra fee on my statement.
3788	I've got to have one of those virtual cards.
3789	How do I link a new card to an existing one?
3790	Are my contactless settings correct? I tried to use it today but it wasn't working.
3791	I made a cash withdrawal at an ATM but it still says pending in my account.
3792	I keep checking my statements but no progress.I requested a refund but seems it's not reaching my account for some reason. Can you please help me get the money back from the seller for me
3793	Would I be able to get a second card?
3794	How long does it typically take to make a transfer from a UK bank? I just made one and it hasn't shown up in my account yet.
3795	Can you tell me where to find top up by cash deposit?
3796	How do I open an account for my children?
3797	I need Australian dollars instead of UK currency.
3798	Hello, I am buying a flat and need the inital payment for the mortgage to go through. It keeps showing up as error, what is going on? Can you please help me make this transfer?
3799	Questionable transactions on my account.
3800	Why can I not make a transfer?
3801	Why is my top up for my new account not instant
3802	I need to cancel my recent transfer quickly since I made a mistake. Please help before it goes through.
3803	I asked for more cash than what was received
3804	Does the exchange rate change?
3805	I was charged a fee with my cash withdrawal that I shouldn't have been charged.
3806	I got a new address and need to change my information.
3807	Where is my credit card that was to be mailed?
3808	I need my card topped up,
3809	Currency exchanges have any extra fees?
3810	Why can't I take money from my account?
3811	At what age can a person open an account?
3812	I just made a transfer from a UK account. How long does that typically take to show up? I just want to make sure it worked alright.
3813	Hey I thought transfers were free. Why are you charging me?
3814	I topped up and now my money is not there anymore! What happened to it?
3815	What is the daily limit on my card?
3816	How many active transactions can I make with a disposable card?
3817	I noticed that there was an extra charge fee on my account. Could You explain to me why?
3818	Hi , I just came to know I made the wrong transaction yesterday. Would you please make it correct?I need it by tomorrow.
3819	For what reason did my top-up get cancelled?
3820	How can i get a refund for something i just bought?
3821	I can not find my phone or it has been stolen.
3822	The attempted transfer failed.
3823	If I don't have much money in the account can I auto top-up?
3824	My top up hasn't gone through yet, why?
3825	Why is my ATM withdrawal still pending?
3826	I still haven't gotten my new card. When will it get here?
3827	The ATM didn't give me the full requested amount
3828	It seems I need to get information on limits for top-ups.
3829	What locations allow me to withdraw money?
3830	How do I link my new card?
3831	Am I charged for receiving money?
3832	What is the most efficient way to activate my new card?
3833	How do I make a currency exchange?
3834	How do I go about verifying my identity?
3835	Are there any restrictions on the disposable cards?
3836	how long should I expect to wait for my card to arrive?
3837	Hello, I tried to take some cash out of the ATM but I looked at my statement and it still shows that it's pending. Is the machine broken? Will I receive my money back or will I be charged for this?
3838	Is there a reason why there is an extra £1 charge on my account?
3839	What are the time frames for the money to be available in my account?
3840	please help my transfer go through
3841	Can I choose the day it's delivered?
3842	I have an unknown direct debit payment on my account
3843	I got double charged!
3844	There is a direct debit set up that I didn't create.
3845	So, I was under the impression that you have an offer for crypto top up. This doesn't seem to be working. Now, the money has just disappeared from my account. What is the deal?
3846	How long does it typically take a transfer to go through? I sent some money to a friend earlier today, and she really needs it. It still is a pending transfer, even though I sent it a few hours ago.
3847	Can I have a duplicate second card?
3848	I need a Visa and a Mastercard from you.
3849	I am having an issue with an in country transfer I did a few days ago. It has yet to appear in my account. I have checked to be sure that all account information is correct multiple times. What is taking the transfer so long?
3850	Can I use my Apple Watch to pay for gas?
3851	I need to change my address
3852	I don't recognize a purchase that was made with my card.
3853	A transaction to a friend still hasn't shown up.
3854	Do you only use Visa or do you have Mastercard too?
3855	Why has my beneficiary been denied?
3856	I received my card, how do I get it to work in the app?
3857	DO you know the reason for the identity check?
3858	It looks like my top-up was cancelled
3859	Why have I not received my PIN
3860	I am not recognizing a debit payment from my account.
3861	Balance hasn't been updated following a bank transfer
3862	How do I know when my new card is going to arrive?
3863	I checked my account and see that funds were deducted from a seller I didn't approve of. Can you help me understand?
3864	Whats the max I can top up
3865	Why did you revert my top-up?
3866	Is this card accepted by ATMs?
3867	An extra fee has been added to my card payment is this correct?
3868	What currencies do you offer?
3869	Why was I charged twice for the same transaction?
3870	Can I set automatic top ups?
3871	The exchange rate for me was wrong when I was abroad.
3872	I need to top up using a cheque
3873	I am travelling and I tried to withdraw cash but didn't get what I was supposed to get.
3874	I've forgotten my passcode. Can I reset?
3875	I purchased an item and the exchange rate was wrong
3876	show me how to top up
3877	I wasn't able to withdraw money at an ATM
3878	Why was I charged an extra fee from the ATM?
3879	Why am I being charged a fee on a card payment?
3880	withdrawal pending meaning?
3881	Can my friend send me money?
3882	What are the fees imposed when I make a transaction?
3883	I hate this company! Can you delete my account?
3884	In the App I see a payment that is not mine.
3885	How long will it take to get to the US?
3886	Why does a payment show up twice?
3887	I need to get a card, how do I do that?
3888	would a visa or mastercard be more suited to me?
3889	How do I transfer money into my account?
3890	How do I get a refund for an unauthorized direct debit payment?
3891	why are all my identity details required
3892	Can I change my card PIN?
3893	how can the money machine keep my card what do i need to do?
3894	I found my card in my jacket this morning, so can I reactivate it?
3895	I have a payment that has not gone through yet
3896	What is the maximum I can top up?
3897	Why can't I add any beneficiary I choose?
3898	How do I add my new card?
3899	The wrong exchange rate applied to my cash withdrawal.
3900	Do you offer SWIFT transfers?
3901	I can't seem to be able to use my card
3902	How can I reset my passcode?
3903	Do you allow currency exchanges?
3904	What's going on with my balance? Shouldn't it be a bit higher since I deposited a cheque a day ago?
3905	Can you please explain how bank transfers work?
3906	What types of fiduciary currencies are supported for tenure and exchange?
3907	Do you offer disposable virtual cards too?
3908	How much transactions do I get with a disposable card?
3909	I need a quick transfer from China. How long would that take?
3910	I may no longer need GBP, but instead I will need AUD, how can I go about making this change?
3911	I have a new card and I need to activate it.
3912	How can I find your exchange rates?
3913	My billing address changed and I need to update my information.
3914	Do the disposable cards have any restrictions?
3915	I just got an email in confirming my purchase with my card. I login to the mobile app on the card and found out there are several purchase were made without me aware of it. Evidently someone had stole my card information and made these fraudulent purchase. I need the transaction to be reverse and have my card suspended.
3916	Declined, transfer not completed.
3917	I wish to top up using a cheque.
3918	Is there a way I can check on the card on route to me?
3919	hey, I think someone stole my card numbers. There is a purchase showing up on my app from a store pretty far away from me.. I really need that money back to pay my rent.
3920	Am I able to modify my account details?
3921	I am having problems with a top-up.
3922	Will I see the transfer in my account within the week?
3923	Why did the cash deposit not show up in my account?
3924	Why did my top-up not work?
3925	How can I fix this? There is a double charge on my account.
3926	Can I hold more than one currency?
3927	Can you tell me the cost of a transfer?
3928	What's the best way to use a cheque to top up?
3929	I need a new card to replace an expired one. Will it cost anything, and how soon?
3930	Why do you need to verify my identity?
3931	Can I add money automatically to my account while traveling?
3932	Help me! When I was abroad, the exchange rate was wrong.
3933	Can you please advise if there is something wrong with my card? I have had multiple rejections and do not know the reason. Thanks!
3934	Why is there a fee for using my card?
3935	Please help me with my card. It won't activate.
3936	I would like more physical cards
3937	Can I select my card scheme or do you choose it for me?
3938	An extra fee of €1 was in my statement
3939	Please tell me which fiat currencies you support.
3940	My transfer failed when I tried.
3941	Why was I blocked from withdrawing from the ATM?
3942	I have been trying to make a transfer and it won't go through. I have checked all the receipts and its all correct but still won't let me do it.
3943	I used my card the other day to get cash from an ATM and was charged an extra fee. I don't understand why I am being charged a fee all of a sudden. I thought it was free to withdraw from an ATM?
3944	I would like to cancel my order.
3945	My top up keeps showing pending? How long will things be like this? Days, weeks, months? I need the money quite urgently for an important coffee purchase, can you please let me know when top up will work?
3946	While abroad, I got cash, and the exchange rate applied is wrong.
3947	I think my transfer failed. What do I do now?
3948	Hello. How do i go about getting a refund of an item i bought ? I want to cancel the payment since i have not received the item yet.
3949	My first choice would be Mastercard.
3950	Card payment has be declined.
3951	How do I activate my card, so that I can start using it?
3952	What are the currencies that are accepted to add money?
3953	What's going on? My card wont accept any transactions.
3954	I've lost my card. What can I do about that?
3955	Why was I charged for transferring money?
3956	Why isn't my refund shown on my statement?
3957	Will you guys do Visa or Mastercard?
3958	When I exchanged currencies the value of my money changed.
3959	There is an odd payment in my statement
3960	Why am I getting double charged for multiple transactions?
3961	why and how soon do I have to have proof of identity to you?
3962	I wanted to withdraw $100 from the ATM but I only got $20
3963	I have an unusual payment in my statement
3964	I look but I see no virtual card. Why is that?
3965	I thought I left my card at a restaurant, but they claim not to have it and now I don't have any idea where it is. I'm so worried that someone might be using it fraudulently. Is there any way to look into this?
3966	Is the PIN sent in another message?
3967	What is the closest ATM?
3968	Will you charge me more if I top up with an international card?
3969	Will I be charged a fee to top up using a debit or credit card?
3970	I think I was double charged
3971	I tried to top-up, why didn't it work?
3972	Do you know why my card payment has been declined?
3973	I still don't have a card. How do I get one?
3974	Instructions for activating card
3975	Why can I not do a transfer to a beneficiary?
3976	I don't know if I made this payment on my card.
3977	Can I tell what business will take this card?
3978	Does it cost anything to get a new card? Mine's about to expire and I'd also like to know how long it takes to get the new one.
3979	Is there a fee to add money to an international card?
3980	I would like to receive instructions showing the verification process for top up cards..
3981	How do I verify the top up?
3982	The app won't let me transfer money to a beneficiary
3983	What's the web address to unblock my pin?
3984	Are there fees for receiving a SEPA transfer?
3985	What is the status of my top up?
3986	Please explain the extra fee when I paid with the card.
3987	Where is my PIN located?
3988	Why can't I transfer to an account?
3989	My card shows a cash withdrawal I don't recognize.
3990	Could you tell me about the restrictions that are on the disposable cards?
3991	Can friends transfer money to each other?
3992	I have an outgoing transfer
3993	How long will it take to have my card mailed to me?
3994	Somebody stole my wallet and is using my card! Can you do something so they can't keep taking my money?
3995	Changing my PIN
3996	I just got a new card how do I get it to start working?
3997	what is this charge i didnt do it what can i do
3998	Is it possible to get one of your cards in the European Union?
3999	Can I exchange currency for different types?
4000	I'm having problems with ID verification
4001	How do I activate auto top-up when traveling?
4002	How can I update my details since I moved?
4003	Is there an age limit to get an account?
4004	How come there is a duplicate charge on my card?
4005	What is the process to change my PIN?
4006	Why isn't a refund showing on my statement?
4007	Can i get payed through this system?
4008	Can you tell me which cards and currencies are supported?
4009	I bought something while traveling, and the exchange rate was wrong.
4010	How do I use my card if I lost my phone?
4011	My transfer to a beneficiary was rejected.
4012	How to I switch my money for the money used in another country?
4013	I thought I lost my card but I found it today, so I would like to reactivate it.
4014	Can I use a credit card from the US to top up?
4015	What's the wait time for European transfers?
4016	I need to change my home address.
4017	What are the steps that I need to take to activate a new card?
4018	Why is there a fee added to my statement?
4019	How long is the transfer?
4020	Can my PIN be changed in any cash machine?
4021	I am waiting for the money to enter my account. How long does it take?
4022	Why am I being charged to withdrawal money?
4023	Explain the extra ATM fees.
4024	My wallet doesn't show my recent top up.
4025	I withdrew some cash, when is it going to show?
4026	My statement has a payment that I do not recall making
4027	Why hasn't my payment shown up yet?
4028	Can I set my own top-up limit?
4029	I took out cash from the ATM, but something must have went wrong, My account shows the correct amount of cash I took out, but the ATM didn't give me that amount. How do I get my money back?
4030	Why am I unable to verify my id?
4031	Is it possible to get a second card for my daughter?
4032	How can I change my account details?
4033	I made a transfer but my balance hasn't been updated
4034	I found my card, how can I use it again?
4035	I just transferred my friend money, but she hasn't received it yet, and it's been a few hours. Can you tell me when to expect it to go through?
4036	When I was in a restaurant today my card was declined and payment wouldn't go through and I need help. Can you fix this?
4037	Is there a way to reset my PIN?
4038	Do I have a Visa card as an option?
4039	My PIN has been blocked.
4040	I tried entering my passcode and it isn't working. Can you help?
4041	why hasn't a transaction to a friend cleared yet?
4042	A refund for a recent return has not arrived on my card.
4043	I tried to make a transfer, but it didn't work.
4044	Can I choose between Visa or MasterCard?
4045	Am I able to get this shipped to China?
4046	How much more do you charge for currency exchange?
4047	I don't know what pending transaction means.
4048	I have made several unsuccessful attempts to make a transfer. I'm getting frustrated at getting error messages and it not going through.
4049	How can I add money automatically?
4050	need to exchange currencies
4051	There's a payment showing in the app today even though I have not used my card at all. I want a refund.
4052	Why is there now a charge for making cash withdrawals? I wanted some cash after I went to the grocery store, and there's a new fee!
4053	What do I do? The ATM took my card!
4054	This morning I wanted to make a withdrawal before work, but my card was declined! Please double check it for me as this is the first time it was declined.
4055	Can I use a bank transfer to add money to my account?
4056	I want to deactivate my account.
4057	Is it possible to transfer money to my credit card?
4058	What are all of the different steps for identity checks?
4059	Where can money withdrawals be made?
4060	How do I go about getting hold of a virtual card?
4061	Where do i verify a top-up card?
4062	I can't figure out why I haven't gotten my cash, when I already put the check in the bank.
4063	Do you have any top-up limits?
4064	Why did the ATM give me less money than what I requested?
4065	I want a refund
4066	My new card came in. How do I activate?
4067	I still have not received an answer as to why I was charged $1.00 in a transaction?
4068	Hello, I recently ordered an item and I need help with cancelling and processing a refund as soon as possible. It's very important that I get my refund quickly.
4069	What do I need to do to get a card?
4070	I tried topping up my account but it failed, can you help me?
4071	I'm waiting for my transaction to complete.
4072	Can you help me reset my passcode? I forgot it.
4073	What do I do now that I can't use this card?
4074	I couldn't transfer money to a beneficiery
4075	Can I use your app to exchange between USD and GBP
4076	How long do I have to wait for a US transfer?
4077	It's been some time since refilled the top-up.
4078	I'd prefer Mastercard.
4079	I have a payment that shows twice
4080	My cash withdrawal shows as pending still.
4081	Please tell me how you can stop unauthorized payments from being made on my card since on this bill I see that this has happened. There are transactions that I never made from a place I've never been to.
4082	I want to have multiple currencies in my account if possible.
4083	Does my account have the option to hold multiple currencies?
4084	I've made a horrible mistake! I transferred money to the wrong account by accident! I entered one of the digits wrong. I need this cancelled immediately please.
4085	I do not recognise the card payment.
4086	My new card isn't in my app, how do I get it in there?
4087	I want to end my account
4088	how much will I be charged for making a transfer?
4089	I need mastercard as well as visa
4090	The top-up verification code is not visible.
4091	what is the limit for top-ups?
4092	I tried to transfer some money and it hasn't done it yet - what's going on?
4093	Is there a number to call to get my pin unblocked?
4094	I was double-charged for a transaction
4095	I won't be pleased unless I get a Mastercard.
4096	I'm still waiting for my top-up to go through
4097	I used this account a lot during the last month to manage my payments for my new place abroad. Seems that suddenly fees have increased? Shouldn't you instead reward your frequent customers instead of putting an additional fee suddenly?!
4098	Please tell me why I was charged additionally when I used the card.
4099	There are incorrect charges on my account, there was a WD that was made by someone else. I still have my card though.
4100	Not sure what my password is.
4101	My throwaway virtual card won't work
4102	I want a virtual card that is disposable
4103	How do you determine your exchange rates?
4104	When I got cash I was charged an extra fee! Explain!
4105	What is my identification used for?
4106	My card payment's cancelled
4107	Show me where to order my card.
4108	I believe my top up has failed
4109	why do you charge for transfers?
4110	I don't think the transaction has gone through, so can I cancel a transfer?
4111	I'm in China and need a new card. Please help.
4112	How do I get unblocked?
4113	i withdraw cash from the ATM and was charged a fee
4114	What is the verification process used for?
4115	Do I need any kind of proof for the identity check?
4116	How do I report possible fraudulent activity on my account?
4117	I would like to dispute a payment I didnt make
4118	Please help. There is a payment in the app that isn't mine.
4119	What's up with verifying top-ups?
4120	What is the process to create a disposable virtual card?
4121	Help me! I don't know what my password is.
4122	How do I dispute a direct debit on my account?
4123	I made a terrible mistake when typing in my account number. I accidently sent money to the wrong account. I noticed the app won't allow me to void the transaction. Can someone help me with this immediately?
4124	I use this card all the time so why did it get declined at the store today?
4125	Can you explain more about why should I verify my identity?
4126	There has been a charge pending on my account statement that I can't figue out it's for a dollar.
4127	Help me activate my card.
4128	Visa and Mastercard can both be received from you?
4129	Why am I seeing a transfer fee on my bank statement?
4130	Can I reactivate a card?
4131	When can I expect my card to arrive?
4132	My top up hasn't gone through
4133	When will the transaction go through?
4134	I would like some more physical cards, what is my limit?
4135	my card details could be stolen, as i didnt make these transactions
4136	Is American Express supported for adding funds?
4137	Does transferring money have a fee?
4138	I bought something online a week ago and i never got it in the mail.Can I just get my money back now I don't want to keep waiting on something that isn't going to show up.
4139	How long will it take to receive a virtual card?
4140	The day before yesterday, I performed a transfer within the country. It still has not completed. Can you check on that? The account number is definitely correct, as I've checked.
4141	I am still waiting for a transfer to show
4142	What went wrong with my transfer?
4143	There seems to be a couple of payments listed in the app I know weren't made by me. Is there a possibility someone has access to my card? Can you find out what's going on?
4144	The ATM keeps rejecting my Payment. I tried two different ATMs but did not work .Can you please check if everything is okay with my account?
4145	Why is my top-up showing as reverted?
4146	I need to deposit my virtual card, how do i do that.
4147	What are my limits on disposable cards?
4148	Is it possible to get a real card?
4149	What do I do to verify my source of funds?
4150	I didn't realize that there were any fees for withdrawing money from my account--this has never happened to me before. What exactly are the fees?
4151	My refund is not here yet
4152	I did not have the right exchange rate applied to my situation of pulling out cash
4153	My disposable virtual card isn't working.
4154	What are the reasons for my beneficiary not being allowed?
4155	Will I receive a new card when mine expires?
4156	I Submitted a cheque couple of days ago, nothing happened to my account yet.What could be the possible issue?
4157	There are automatic debits on my account that I did not make.
4158	What's the time frame on EU transfers? I purchased something a couple of days ago but the seller hasn't received my payment.
4159	My salary comes in GBP can I change my options somewhere?
4160	I was wondering about transferring money into my account and how it works. Can you tell me about that?
4161	How do you check my identity?
4162	Machines make mistakes too! The ATM gave me the wrong amount of money. Too much!
4163	I requested for a top-up but it has not reflected
4164	there were two of the same charge to my account
4165	Can I use my card to withdraw from my account?
4166	can i get a card if I live in the usa?
4167	I want to change my PIN - do I need to be in a bank?
4168	Do you offer a discount for those who perform frequent currency exchanges?
4169	There is a fee for a transfer, please explain that to me.
4170	My payment came back for something i'm trying to buy online? it's been doing it for two weeks. do you know what the issue is?
4171	I want to transfer money from another account into this one.
4172	I recently purchased something, and the exchange rate was wrong.
4173	I need to renew a card that's about to expire
4174	I put in a payment a while ago and it has still not cleared and is showing up as "pending", how long does it take to clear?
4175	I don't know my password anymore.
4176	Hi I am trying to transfer money to another country but it is showing pending and it has been a long time. I have checked numbers and they are correct. Could you please help?
4177	Please check to see if the band transfer I made a while ago from my UK account has safely arrived.
4178	Is my card lost? I am still waiting for it to be delivered.
4179	I think that the card is stolen. What are my next steps?
4180	Transfers can take up to one day to process before departing for the beneficiary accounts. Please confirm that you've entered your account details correctly. SEPA transfers can take up to two working days, while SWIFT transfers can take up to five working days.
4181	I would like to pay by cheque.
4182	How many digits identify the top-up verification code?
4183	How long will it be before the person I sent money to is able to see it?
4184	What I topped up was reverted by the app.
4185	I was given less cash then I wanted.
4186	A fee came along with me paying with card
4187	Why was a fee changed for my transfer?
4188	Can I activate my card?
4189	The ATM cancelled a transaction on me when I was trying to get some cash out.
4190	What ATMs will allow me to change my PIN?
4191	My cards were stolen
4192	Why hasn't my cash arrived from a deposited check?
4193	It's been a week since you issued me a card and I still didn't get it. Should I keep waiting?
4194	What is the refund process?
4195	The ATM charged me an extra fee, Why?
4196	What can I expect at card expiration?
4197	How can I obtain a virtual card?
4198	I have an outgoing transaction
4199	Please help my find out why there is an odd direct debit in my records.
4200	How do I get to the virtual cards?
4201	I purchased something while traveling, and the exchange rate applied was wrong.
4202	My money is gone. I had topped up recently and saw it was there and went through, but now it's disappeared, what's going on?
4203	My wallet was stolen and all my credit cards were in there. HELP?!!?
4204	Which currencies can I use to add money?
4205	How do I turn on my new card?
4206	Hello, I tried to take out some money out of the ATM, but it's still showing that it's pending? I really don't want to be charged for this.
4207	Why hasnt my top up gone through yet?? I thought it was suppose to be instant? Am I wrong? Why is it still pending?
4208	Can I add a card to back into the app?
4209	Can my account me accessed by a thief? I was mugged.
4210	Why do I have an unexpected fee on my bill?
4211	One of my card payments, I don't recognise the name of the merchant.
4212	Do I need to verify the top-up?
4213	I would really like a physical card.
4214	Are there specific ATM's I can use with this card?
4215	My card payment has been declined, why?
4216	I was overcharged a pound.
4217	There is a charge I don't recognize.
4218	A strange card payment, I do not recognize it.
4219	There is a payment with my card which i definitely did not do.
4220	What is this $1 charge on my account?
4221	What is the strange cash withdrawal on my statement?
4222	What flat currencies do you support for holding and exchange?
4223	I used the wrong account.
4224	Please explain the exchange rates.
4225	Can I use my virtual card to complete transactions for memberships?
4226	What's the tracking on the card you sent?
4227	What kind of money can I hold?
4228	After depositing a cheque my balance did not change.
4229	Can you tell me how to get AUD not GBP?
4230	Can you tell me how I go about activating a new card?
4231	Why hasn't my return cleared my account?
4232	I was charged the wrong exchange rate on a purchase
4233	My top up isn't in my wallet.
4234	Why is the exchange rate on my card payment different than I expected?
4235	The card payment I attempted to make failed.
4236	Can you explain to me why a top-up would still be pending?
4237	Please tell me the steps to verify my identity.
4238	I transferred money to a receiver within the EU and they received a lesser amount than expected. Now I will have to send additional money to the receiver in order to make up the difference. I'm not sure what went wrong, can you please advise?
4239	My payment was declined
4240	I just noticed that I supposedly made a payment to a seller a while back. The problem is, I don't recognize the seller. There must be a way to see who it is or track the payment. Can you do that, because I don't remember this transaction?
4241	My transfer to a beneficiary did not go through. Why?
4242	Can I order a new card with the app?
4243	For what reason did my top-up fail?
4244	I need a new card and I live in the United States.
4245	I got my card a few days ago but am unable to top up. I'm thinking about closing my account because of this. What is going on?
4246	What is the reason for the fee charge on my transfer?
4247	Hey there, I just went through my most recent credit card payments and I notice the same charge for a restaurant was processed twice. There was only one meal at this place, so I would like one of the charges to be reversed and my money to be put back in the account.
4248	Where do I find a virtual card?
4249	who do I talk to, to cancel a transfer?
4250	What amount can I top-up?
4251	Why are my transfers and purchases keep getting declined?
4252	Hello, I was contacted by a seller who let me know my money didn't come through on their side. It most certainly came out of my account so I need this looked at immediately because now it has been returned to me!
4253	Can I add funds directly from my Apple Watch?
4254	When will my transfer arrive from Europe?
4255	I received a returned payment that I made.
4256	Where would I order a virtual card?
4257	I'm not able to verify my identity.
4258	What kind of cards an currency do you support?
4259	How can I fix my bank transfer to show up on my bank account?
4260	When exchanging currencies, is there an extra fee?
4261	Can you explain to me why a top up would be reverted?
4262	Please inform me how to get a new card as mine is about to expire.
4263	What's the procedure for getting a card?
4264	Why are you charging fees on cash withdrawals? I went to withdraw some money earlier today after buying groceries. There's a fee that wasn't there before.
4265	When shipped to the US how long is delivery time?
4266	Why isn't my disposable virtual card working?
4267	Visa or Mastercard?
4268	I need you to stop the transfer I just started as soon as possible, I just realized it's not correct!
4269	I can't find my card! Can you help?
4270	Why am I being charge a fee when using an ATM?
4271	When exchanging, how much are the rates?
4272	What are the requirements to open an account for a minor?
4273	How long does it typically take for a pending ATM withdrawal to clear?
4274	Someone has a copy of my card. I have my card with me, but someone just made a 500£ cash withdrawal. Help me.
4275	Where do I find our how to get a physical card?
4276	Am I permitted to have a spare card?
4277	What types of foreign money can be used with this service.?
4278	I just got my card and cannot get it to work.
4279	Can I see the source of my available money?
4280	Will my card be here soon?
4281	unsupported transfer declined
4282	I need to make a transfer but it keeps getting declined I need Help!
4283	How can I put more money into my account?
4284	I believe my card has been compromised because of a strange withdrawal
4285	Seems like my top up has been cancelled
4286	What are the rules for using disposable virtual cards?
4287	Why does is payment not going through? Did my account get frozen or some other issue I don't know about. What can I do to fix this problem?
4288	Unable to complete transfer, states 'declined'
4289	I'm on holiday and I noticed a different amount for exchange rate. Can you explain?
4290	My card will expire next month, will I need to order a new one?
4291	Why did my payment go back to my account when I bought something?
4292	Are extra charges added for sending out additional cards?
4293	Do I have to go somewhere to activate my card?
4294	Can I change my pin number at a cash machine?
4295	How can I receive verification for the source of my funds?
4296	I am 16 and just started working at McDonalds can I deposit my checks at your bank?
4297	I want to cancel a purchase
4298	Help! I lost my card!
4299	My contactless stopped working today no matter where I try to use it. How do I get it to start working again?
4300	Why do we need to verify a top-up card?
4301	How do i receive a physical card?
4302	How can you assist me on topping up on bank transfers to my account?
4303	Why did withdrawing money cost me extra?
4304	Can I have a card even if I am not living in the UK?
4305	If I want to send out more cards, do you charge extra for that?
4306	How long am I to wait before the transfer gets to my account?
4307	I need some help linking my new card.
4308	Can you tell me about the exchange fee?
4309	I need to track the card sent to me.
4310	I've got a problem - I bought something with my card one or two weeks ago, but now exact same amount of the purchase is showing up in my account. I like more money in my account, but this is too good to be true. Can you tell me what's happening?
4311	My card was refused
4312	think someone is using my card with permission
4313	Transfer declined.
4314	How do I modify my details?
4315	I didn't initiate a direct debit that I see on my account
4316	I thought transfers were free of charge. I bought something abroad and got charged a ridiculous fee. How do I get this problem fixed.
4317	What are these fees i am paying?
4318	How long does a bank transfer take to show up in available funds?
4319	can i deposit a check here?
4320	What is this fee debit on my account?
4321	There is random cash in my account.
4322	I am noticing that a refund of a large purchase still has not been credited to my account. I contacted the merchant a few days ago and he assured me that he would submit it right away. Is there a status update?
4323	Whats the limit on my top up
4324	I had the wrong exchange rate applied to some cash I got abroad.
4325	Is it possible for me to top up with Google Pay?
4326	how many days processing new card?
4327	I'd like to open an account for my children. How can I do that?
4328	I made a transfer and the receiver said they haven't actually received the right amount, but it's a bit less. Now I have to transfer more money to make up for the missing bit. Can you please alert me about this, what has been going on?
4329	So earlier I went to an ATM and got cash. But when I checked the app, it states that the withdrawal is pending. How can that be when I have the cash on me?
4330	Why am I getting charged more for using my card?
4331	Can you tell me why a refund I'm owed is not showing on my statement?
4332	who can put money in my account?
4333	Some cash shows up on my app.
4334	Can you tell me where I can order a disposable virtual card?
4335	How can I use my credit card to transfer money?
4336	There's a direct debit payment that I don't recognize.
4337	I made a mistake and did a transaction to a wrong account, can I cancel?
4338	My card is lost! Please help me!
4339	Why did I get a fee for getting cash?
4340	I can't verify identity through the app.
4341	I know I'm getting a new card but would like know when I can expect to receive it.
4342	I don't have my passcode to access the app.
4343	I want to top up my account by a bank transfer, but will I be charged?
4344	A withdrawal is showing that I don't recognize
4345	If I have a credit card with you how I get set up to link to it?
4346	Can you explain why my transfer was unsuccessful?
4347	Can I receive a refund for an item I purchased?
4348	I think my card payment has been refunded
4349	How do I get a new expiration date?
4350	I am not sure but someone else might be using my card
4351	Google Pay won't let me top up.
4352	I must make several disposable cards per day.
4353	I blocked my card by mistake, how do I unblock it?
4354	My currency rate is inaccurate.
4355	I refuse to verify my identity.
4356	What was the $1 charge for on my statement?
4357	My account was charged a fee. When did you start charging extra for card payments?
4358	What is the time period for money to be transferred?
4359	I thought I was going to receive more currency?
4360	How do I take a block off my card?
4361	How can I set up Google Pay on my device?
4362	Hi. A couple hours ago I make a transfer from my UK bank account, but it hasn't shown up. Please, would you see what the delay is?
4363	I have a charge for something I didn't buy.
4364	Seems like my top-up has failed
4365	What are the steps to reset my passcode?
4366	Why isn't my card working anymore?
4367	I was getting some cash out of the ATM but it cancelled on me without warning.
4368	Is my fiat currency supported for both hold and exchange?
4369	I think my top up was reversed.
4370	Can I use google play as my primary app to Top up?
4371	where can i see money source?
4372	I had to pay money for paying with my card.
4373	What is the time frame that transfers normally take from a UK account? I just completed a transfer and nothing shows up. I need to know if everything is alright.
4374	I lost my phone. What do I need to do?
4375	Are there any top-up limits involved?
4376	Is there a limit to the number of disposable cards per day?
4377	Where is my virtual card located?
4378	I want to change the wrong exchange rate.
4379	What is the maximum for top-ups?
4380	Why can I not do a transfer
4381	my exchange rate looks wrong for my last payment
4382	Why do you need me to verify who I am?
4383	Can it automatically top up my account?
4384	This past holiday I made a withdraw at the ATM machine, and it seems I've been charged too much.
4385	I tried to pay with my card and it didn't work
4386	I'm locked out of my account as I can't remember my code, what do I do now?
4387	When I was traveling abroad, the exchange rate was applied wrong.
4388	I am seeing in the App a payment that its not mine
4389	Can I use app to unblock my card?
4390	Where can I see where my funds came from?
4391	Can I get my card fast tracked?
4392	I want to make an online purchase but I don't want to use my credit card. Can you tell me how a disposable virtual card works and where I can apply for one?
4393	How do I know what exchange rate I will get?
4394	What is the verification process for my card?
4395	Will it be possible to change from USD to GBP with this App?
4396	Can you tell me why I was charged to withdraw cash?
4397	Show me the amount of transactions I can do with a disposable card.
4398	What is the process for activating a new card.
4399	Can I pay with my card anywhere?
4400	how long should i wait ti activate my card
4401	When I add money to my international card do you charge a fee to do so?
4402	Please let me know what currency I can use to top up my account?
4403	My card was declined but it shows as multiple charges?
4404	When I made a transfer I was charged extra.
4405	I AM MISSING CASH FROM MY BANK ACCOUNT ACCORDING TO MY APP
4406	Where do I go to order my card?
4407	My top-up has been reverted and I would like to know why.
4408	I requested a refund but can't see it.
4409	I need you to delete my account right now.
4410	How do I deposit through bank transfer?
4411	What's the reason my new card hasn't come?
4412	I need to deposit money to my account
4413	I used an ATM and there was an extra charge.
4414	Is there a way to order a new card while in China?
4415	I wanted to know what discounts were offered for current exchanges as it is something that occurs frequently.
4416	Is the ATM broken? I can't get cash from it.
4417	Why is the exchange rate different than expected on my transaction?
4418	Do I get any sort of discount on volume for a lot fo currency exchanges?
4419	How to modify my details.
4420	I think the payment from my card was revereted
4421	My card won't physically work.
4422	Can I have it delivered on a specific date?
4423	Show me how to look at the source of my current funds?
4424	Why wasn't my bank balance updated?
4425	Why did the funds not transfer to another recipient?
4426	I have a transfer that is still pending.
4427	Hello, In my most recent ATM transaction, I didn't receive nearly as much cash as I thought I would - what is your exchange rate policy?
4428	My card stopped working. How do I check if there is a freeze on it?
4429	How do i go about linking a new card?
4430	My passcode was denied.
4431	Is there a fee to get an actual card?
4432	I tried to pay through my account but the payment is not going through. What's going on?
4433	I was charged for a cash withdrawal, why?
4434	The exchange rate is bad. Are you sure this is the exchange rate?
4435	Why couldn't I transfer to a beneficiairy?
4436	I cannot find my PIN.
4437	Why was there a transfer fee on my account?
4438	Will you assess me more fees if I top up with an international card?
4439	Why did you decline my transfer?
4440	My card payment doesn't work.
4441	I have a new phone number and need to edit my contact information.
4442	can i get a physical card online
4443	Is there any amount in which I would get cut off from topping up?
4444	I topped up recently and saw the money go through, but now it's just gone? What's going on
4445	How much does it cost to us US cards?
4446	There is a duplicate payment on my card. Why?
4447	Can I make an account for my daughter?
4448	Why isn't my purchase exchange rate correct?
4449	I transferred some money but it is not here yet
4450	Why is the transfer still pending? Can I do something?
4451	I am not able to verify my id. Why?
4452	I need more assistance with how to activate my card.
4453	Help my prove my identity.
4454	Can I withdraw from any ATM?
4455	I made a transaction at an atm and was charged extra for it.
4456	Why can't a beneficiary receive a money transfer from me?
4457	Will you charge me if I top up by card?
4458	What do I do if my card is not working?
4459	While on vacation in Spain I think someone saw my PIN and I now need to change it, can I do this at an ATM in Spain?
4460	There are a couple payments with my card shown in the app that i really didn't make myself. What's happenning with this, does someone has access to my card?!
4461	I have a new email.
4462	Why wasn't my top-up accepted and where did that money go? At first it said it was confirmed but now I can't find it.
4463	what currencies can i use to add money to my account
4464	How do I top up by cheque?
4465	My card payment might have been reverted.
4466	What do I do if the ATM took my card?
4467	why do I have a pending payment?
4468	What does it mean if it says my card payment has been cancelled?
4469	I need more physical cards.
4470	What should I do if someone else used my card?
4471	Help! When will the card arrive at my home?
4472	My phone was stolen, what should I do first?
4473	what are the locations i can withdraw money
4474	What type of card can I get?
4475	I am locked out from entering my pin.
4476	I heard you have virtual cards. How do I get one?
4477	How long will it take to refund me
4478	Will I be charged for transfers?
4479	I can't find the top-up card verification code.
4480	I really want a physical card. How do I get one?
4481	Why do transfers get declined?
4482	Can I exchange currency to Europe?
4483	I need more physical cards than I have right now!
4484	The app is showing a payment I never made.
4485	What does the bank charge for lost or stolen card replacements?
4486	How can I change my old pin to a new one?
4487	Given a choice, I'd rather have Mastercard.
4488	Are there discounts for frequent currency exchanges?
4489	There's a payment in the app that I didn't authorize.
4490	Google Pay Top up isn't working
4491	The transfer keeps failing - I tried to transfer some money to friends this morning but it keeps getting rejected for some reason, I have no idea why
4492	I need to know if you will accept my credit card.
4493	I can't see my cash deposit in my account.
4494	My card will expire soon, When do I need to order a new one?
4495	I urgently need to transfer something from China. How long can I expect it to take?
4496	I am waiting on this refund, hurry up.
4497	Please tell me how I can get a virtual card.
4498	What is the minimum age required to open an account with your service?
4499	Why can't I get cash out?
4500	Where do I go to terminate my account?
4501	Could I raise a dispute for a large payment that i found out was not done by me in my couple of last statements? I am aware its delayed now. Please help me out.
4502	My passcode is not being accepted
4503	I can't log in
4504	How long do I have to wait for the transfer to be finalized?
4505	where do you have locations at
4506	Can I change my details because I moved?
4507	I made a payment with my card that was cancelled?
4508	Do I get charged for withdrawals?
4509	I have been doing some online shopping, but when checking out, it keeps getting declined. I tried a few times and it wouldn't work. What could be wrong?
4510	I was charged extra or a hidden fee when I purchased something from you. What's the deal? I didn't authorize that charge.
4511	My payment's stuck on pending.
4512	I haven't gotten my new card.
4513	What's your refund policy if I bought an item from you?
4514	I am still waiting for a the cash I deposited this morning
4515	Hello, there seems to be a billing mistake associated with my account. My app was charged $1 more than it should have. Could you please explain why this may have happened?
4516	I found the card that I thought I lost, and I would like to reactivate it.
4517	The ATM shows a withdraw of the amount of money I requested but I didn't revieve that amount in cash.
4518	Can my salary be received and transferred to my current currency in my country?
4519	I deposited some cash but it hasn't shown up in my account yet, what's going on?
4520	How would my friend be able to send me money?
4521	I was charged twice for a restaurant, can you take the second charge off?
4522	I can't use my card because it is not working.
4523	What should I do to top up using my Apple Watch?
4524	I would love one of the virtual cards!
4525	The exchange rate is incorrect on an item I recently purchased in a foreign country.
4526	My phone was left behind. Can I still use my card?
4527	What do I do? My card is broken.
4528	I transferred some money but it hasn't arrived yet
4529	Will I be charged a fee for a SEPA transfer?
4530	How are cash withdrawals pending?
4531	Can you tell my why my funds transfer did not work properly?
4532	My contactless stopped working today for no good reason. It's not working no matter where I try to use it. Can you please help me fix it?
4533	Do I need to verify my top-up card?
4534	I think my top up has been reverted
4535	Tell me how to setup a new PIN.
4536	What is the maximum top up?
4537	What currencies can my account be in?
4538	What is the time frame that it usually takes for a transfer to come through? I have a friend needing it immediately but it has yet to come through.
4539	Is it possible to reactivate the card I thought I lost but found this morning in my jacket?
4540	Is there any way to get another card on the same account?
4541	where is card accepted
4542	I received incorrect amount of cash from an ATM today. It was more than I wanted. What do I do now?
4543	What is this fee for transferring money?
4544	Is there a limit to the top-ups someone can do?
4545	I just received my card and I'd like to activate it.
4546	if i found a lost card can i put it back in app
4547	What is the expected delivery date of my card?
4548	What countries do you operate in?
4549	I did a payment with my card but seem that didn't work, it's still listed as pending since a while ago. When does this actually go through?
4550	What do I do if my PIN was blocked?
4551	I do not see the money I transferred into this account
4552	should i contact customer support if i can't edit details
4553	What type of card can I use to top up?
4554	I have double-checked all of my recipient details but for some reason all of my transfers keep getting declined. I have no clue as to why.
4555	I was spending cash with my card and got a fee.
4556	Can I auto top if I'm low on funds?
4557	How do I add a new card?
4558	Can I choose between Mastercard and Visa?
4559	I needed some cash while abroad, and I'm pretty sure the wrong exchange rate was applied.
4560	I'm wanting to get a Visa card today.
4561	Is it possible to top-up automatically?
4562	Can you tell me how to tell where my funds come from?
4563	I keep checking my statements but nothing shows up! I requested a refund a long time ago but seems it's not reaching my account for some reason. Can you please help me get the money back from the seller for me
4564	why didnt a transfer to my account process
4565	Just received my replacement card, what steps do i need to take to activate it?
4566	What should I do if my smart phone is lost or stolen?
4567	Please verify my top-up card
4568	Why are you asking so many questions about who I am
4569	What countries have access to this service.
4570	Do you have any accounts for children ?
4571	How do I make my top up complete?
4572	Hi, Today i have tried to make payment by my new card, but payment got declined many times. I am very disappointed, please look into this.
4573	Why is there a direct debit set up in my name?
4574	I did not receive the correct amount for the exchange rate.
4575	Somebody is taking money out of my account without my approval in another town separate from me. Please place a freeze on my account until I can make it to the bank.
4576	And do you have virtual cards instead of physical ones?
4577	Are there limits to businesses that will accept this card?
4578	What is the disposable card for?
4579	Can I order a new card to China?
4580	what currencies can i exchange between on your app?
4581	What do you charge to top up US cards?
4582	Hello, I noticed the money for an item I purchased online and have already received has been returned to my checking account. Was there an issue with the merchant accepting my payment? Or, possibly, with the bank sending it?
4583	I have an account that is empty of funds. Can I transfer some from another bank?
4584	How do I request the PIN?
4585	there is a transfer pending.
4586	I was transferring some money to a friend, which I thought would be free, but I see there is a charge. What's up with that?
4587	How do I verify my identity?
4588	Will I be able to top up by cheque?
4589	my transfer isn't there
4590	Why was I charged an additional $1?
4591	The disposable cards - what are they for?
4592	My exchange seems to have something wrong with it. I changed over Russian Ruble to UK pounds and it appears I was charged way more than I was supposed to be.
4593	Which atms allow me to change my pin?
4594	Are there charges for using a bank card to top up
4595	I am having a problem proving who I am
4596	What information do I need to see my source of money?
4597	can I choose delivery times to suite me?
4598	My transfer was declined. Why did this happen?
4599	Where can I go to find out how to verify my identity?
4600	When will my payment go through?
4601	I've checked multiple times to make sure the account number listed is the right one after attempting to make a transfer within the country the day before yesterday. The transfer is still not available so can you please find out what is going on?
4602	In regards to the PIN of the card?
4603	where can I get the info for my funds
4604	Tell me what the steps for the identity checks are
4605	I think my phone was stolen. What can I do?
4606	Is there anything to do because my phone was stolen?
4607	I have tried a couple of times to make a purchase and my card keeps getting declined. Why do you keep denying my transfers? I have already tried a couple of times and it's not working.
4608	Why is my check still not showing up on my account? It's been a week already
4609	What will I need to configure if my salary is in GBP?
4610	I have forgotten my passcode
4611	Seems like my transfer was declined how come?
4612	I withdrew $100 but only received $20
4613	Can you check the exchange rate on a cash transaction I did overseas
4614	What do I do if I have exceeded all my PIN tries?
4615	Does it cost anything and how long would it take to get a card if I need a new one? My card is about to expire.
4616	Will you charge an extra fee for top ups?
4617	I bought something online and it says there was a fee to transfer money. Isn't that free?
4618	I got less cash because of the exchange rate.
4619	Is there a fee for topping off by transfer?
4620	When will the money from my bank transfer be available?
4621	The top-up is broken.
4622	Please check my Card. As Withdrawal was working fine so far, but this morning suddenly got declined. Can you please check the problem?
4623	How much is the charge to top up via credit card?
4624	am suspicious of my card's security
4625	Someone must have found my card details as I don't recognize these transactions.
4626	Which documents do I need for this identity check?
4627	Why do you need my name and ID
4628	Will I receive all the money sent to my account by SEPA transfer?
4629	I was charged more than once for a card payment I made.
4630	I put some cash into my account but it's not displaying that on my balance.
4631	The expiration date for my card is coming up, how do I get a new card?
4632	I did a bank transfer to top up, but the money is not available.
4633	Can you help me retrieve my card?
4634	I have a fee showing from last time I used my card.
4635	I'm getting an error when trying to make a payment. I want to purchase a flat but my mortgage payment needs to go through. Can you help me?
4636	I traded some of my money from my native country into an ATM to exchange for foreign currency, and the money I received was a different equating amount!
4637	Why doesn't it work when I use American Express to try to add money to my account?
4638	My cheque is slow to cash
4639	I am interested in changing my personal details.
4640	Tell me where I can find the auto top up feature and a little bit about it please.
4641	I can't get my Google Pay Top to work. Are there any issues on your end?
4642	How long will it take for a bank transfer to show up on my account? It's been a couple hours but I havnt seen anything yet. Also it's from a UK account if that makes any difference.
4643	Its been several days and my cash withdrawal is still pending. Why?
4644	I'm having issues with my card. You guys keep declining it for some reason. I haven't had any issues up until this point. What is going on? I've tried a handful of times with the same, unfortunate, result!
4645	What steps do I have to take to change my PIN?
4646	I was declined a transfer
4647	How can my friend give me money?
4648	I can't withdraw any money from my account. Ive tried a couple different ATM machines and both of them wouldn't give me my money. What's going on? Is my account frozen or something?
4649	Whats types of currency can I exchange?
4650	I found my lost card in my jacket pocket this morning so I'd like to reactivate it please.
4651	I was attempting to top up with my card but the money has vanished!
4652	Help my activate my card.
4653	Looks like my card payment was made twice by mistake. I went to pay at the store earlier which rejected once, second time it worked. App is on pending for one of the payments. Can you please remove one of them as it's wrong and clearly was declined?
4654	I was not distributed all of cash that I requested
4655	What is the procedure for me to get more cards on my account?
4656	What does it mean if it says that my payment is pending?
4657	I transferred money to my account but it is not showing.
4658	Would I be able to top up as much as I can?
4659	There is a direct debit charge on my account that I don't recognize.
4660	I would like to track the card you sent to me.
4661	Is there a way to tell where the money came from?
4662	I need to know where my funds come from.
4663	I need some money transferred ASAP, how long does the process take?
4664	I didn't enjoy my tutor session and want a refund back. How do I go about doing this?
4665	My phone was stolen, help!
4666	I can use this card at which ATMs?
4667	Do i have to verify who I am?
4668	There is a payment in the app I did not make
4669	Why have I all of a sudden been charged for my ATM withdrawal? I thought the withdrawals were free because this is the first time I've ever had this problem.
4670	The expiration date on my card is very soon, and I need to get a new one. What are the price and delivery options for my replacement card?
4671	Can I activate my card with the app?
4672	Using international ATMs messes up the exchange rate.
4673	do i have to wait for a physical card before i get my pin
4674	Is there any fees associated with receiving money with this account?
4675	Could you please freeze my card immediately?
4676	What foreign exchange rate will I get on weekdays and on the weekends?
4677	My new landlord says he hasn't received the rent payment that I transferred a couple days ago. I've already checked the account numbers and they are correct. Can you tell me what's going on with this transaction that the transfer isn't showing up on my landlord's end?
4678	I noticed my card payment was cancelled, can you tell me why?
4679	What to do if my physical card is not working?
4680	Why would you decline my card?
4681	One of my transactions needs to be canceled.
4682	I may need to exchange my USD for GBP, can your app do that?
4683	What is the charge for sending out more cards?
4684	disposable virtual card can be ordered where?
4685	Is the 1 pound charge I can see an error or an incorrect entry?
4686	Let me know when applying extra charges for payments. I just checked the app and saw a fee that I wasn't warned about.
4687	How are the exchange rates for transfers calculated?
4688	If my card becomes expired what can I do?
4689	I misplaced my card and I dont know where the last place is where I used the card last. Can you look at my account and tell me the last place I used the card?
4690	I want to deposit my check to top up my account
4691	how come my transfer declined
4692	I recently reported my card as missing/lost, and I just found it. Can I still use it?
4693	Where can i exchange between GBP and USD
4694	how much for topping up by card?
4695	How do I fix a broken card?
4696	I didn't cancel my top-up.
4697	I don't know how to verify my identity.
4698	My card hasn't been working for even small transactions today.
4699	When will I get my new card?
4700	Where can I find how to change my name?
4701	Can I pay online with my card?
4702	I was supposed to get a refund but I do not see it on my statement. When is it going to be updated?
4703	Why hasn't my payment gone through yet?
4704	I cannot remember my passcode, is there a way to retrieve it?
4705	The first payment I attempted for my card at the store earlier did not process so I had to make a second attempt. The second time it worked. It now appears I was charged twice. After looking at the app I see a pending charge. Please remove the pending amount because it is clearly not accurate and was declined.
4706	Can I add money in intervals to my account? I will be traveling.
4707	Why am I unable to transfer money when I was able to before?
4708	I found the exchange rate for my cash withdrawal is wrong
4709	The ATM at Metro bank on High St. Kensington didn't return my card, and the bank is now closed. How do I get back a card swallowed by an ATM?
4710	There's a payment with my card that I didn't perform. I don't know that name shown.
4711	I used my card to top up, but the money is not there!
4712	I was wondering why my card was declined
4713	Please send my card as quickly as possible.
4714	Why was I charged a fee? I thought shopping was free?
4715	Where is the top-up card verification code?
4716	Hi, In morning, i was trying to withdraw money from my card, but it got declined. So far it was working fine. Could you please check my card.
4717	Do you allow exchanges of EUR?
4718	I paid with card and I was charged a fee
4719	I asked for cash but I did not receive all the funds
4720	I shouldn't have been charged but I see a fee, why?
4721	Can you tell me how many currencies I can hold?
4722	The app does not believe that I am myself
4723	I haven't received the PIN yet.
4724	How can I create another card linked to this account?
4725	I am looking to get a Visa credit card, what must I do to achieve this?
4726	There is a direct debit charge that I don't recognize, what can I do?
4727	What kind of fees will I pay when I transfer?
4728	I only received $20, but I requested $100.
4729	Is my card ready for use or does it need activated and if so how?
4730	Can I automatically top-up when traveling?
4731	Why would a merchant revert a card payment?
4732	What currencies do you accept for adding money to my account?
4733	I have an odd payment in my statement
4734	How can I check if I have received a refund if it is not yet on my statement?
4735	What does it mean if my payment was reverted?
4736	i bought the wrong size and would like a refund
4737	If I lost my phone, what steps do I need to take to stop someone from using my account?
4738	What is the reason for the extra fee on my statement?
4739	Can someone assist me with activating my card?
4740	The amount of cash I requested to withdrawal did not match what I received when exchanged
4741	Where do you need to live to receive card
4742	Help me verify my identify?
4743	I found the card I thought I lost this morning. Can I reactivate this card?
4744	I entered in the wrong PIN. Please help me unlock my account.
4745	Why did my payment get declined?
4746	I'm interested in learning more about product refunds.
4747	How can I exchange currencies in the app?
4748	Why am I charged a fee for withdrawing cash?
4749	Can you help me activate my card
4750	I topped up my card but the app rejected it.
4751	So, I see a strange fee that I've never seen before after making an online purchase from abroad. I was under the impression transfers could be made for free. I don't think this seems fair.
4752	Do you process SWIFT transfers?
4753	Why did you give me so little currency?
4754	my cash balance less than what I thought
4755	How do I switch to a different currency?
4756	My account balance has not updated since I deposited a cheque recently.
4757	what to do about stolen phone
4758	My card is due to expire soon.
4759	Why was a fee charged to me for transferring money?
4760	Why has my payment been declined? I paid by card.
4761	There is a direct debit set up that was not authorized by me.
4762	I want to know your exchange rates.
4763	I have young kids. Can they use this service?
4764	I want a real card
4765	I noticed a duplicate charge on my statement.
4766	What are the disposable cards used for?
4767	I am missing a refund amount on my account.
4768	There is a strange payment on my card and I don't know what to do.
4769	I can't find the PIN.
4770	The app is showing a direct debit payment that I never made
4771	Why is it failing to top-up?
4772	Help me activate my new card.
4773	Do I need to add my salary?
4774	I want a card, but I'm not in the UK- can I get one still?
4775	I am overseas in China, can I get a replacement card?
4776	If I can't choose my card type will I be able to use it everywhere?
4777	I was just contacted by a seller that let me know they didn't get my money even though I'm very sure it was removed from my account. Now it's back in my account. Get this resolved quickly.
4778	Who do I make a check out to if I want to top off my account?
4779	When will my transfer finish pending?
4780	When will my card be delivered?
4781	It appears as though my card payment was duplicated. I paid at the store earlier today. The first time it was declined and the second time it worked. The app is still showing one of the payments to be pending. Please take one of these off because clearly the first was declined and is not correct.
4782	My transfer into my account isn't showing up.
4783	Can i have the item refunded?
4784	I'd rather not use my physical card, how can I get a virtual card?
4785	Is it possible to exchange currencies?
4786	My top up has been pending for an hour already, and I really need this to go through as soon as possible. Can you help?
4787	I'm pretty sure my top up is still pending.
4788	My account isn't showing a transfer I made.
4789	How do I know where my money comes from?
4790	I have a missing refund
4791	My top up is not showing up in my wallet!
4792	Is there a list of where I can use my card?
4793	How do I receive more physical cards
4794	It didn't give me my cash
4795	Please specify any limitations that come along with disposable cards.
4796	Hi I've been trying to top up my card for the past day but it gets declined, I need it topped up urgently! Can somebody get back to me to resolve this or explain any different ways I can top up my card?
4797	Why is the purchase I made this morning still pending?
4798	i need to proof my identity to you why and how?
4799	I want to get a virtual card!
4800	how do i get a new card
4801	I'm going to travel, can I have it add money automatically in certain intervals?
4802	I transferred money, but I think I've been charged a fee for it?
4803	I withdrew cash and was charged. Why?
4804	How do I link one of your card that I already have?
4805	Do you have a list of businesses that accept this card?
4806	What is my top-up limit?
4807	My transfer has been pending for a long time now. I already double checked my account info and it is correct. Why is it taking so long in 2018 to transfer money?
4808	What ATM locations are near me?
4809	I completed a payment with my card a while ago. It's still showing up as pending. What time frame does this normally take? It doesn't appear to have worked.
4810	My top-up seems to be pending for a long time?
4811	How do I get my refund back?
4812	Why did you charge me more for my purchase? It was a foreign currency and you didn't offer market rate
4813	Where do i go to receive a virtual card
4814	What currencies are accepted to add money?
4815	Why does my statement show various transaction times?
4816	What is this extra €1 fee about?
4817	Is there a top-up limit?
4818	What does the €1 fee mean?
4819	What is this random charge of one pound doing on my account?
4820	What steps do I need to take to exchange currencies?
4821	My card was declined
4822	While on vacation I used an ATM to get cash and was overcharged. These charges are ridiculous and had I known about them I would have never used it.
4823	I made a payment and it is showing up twice
4824	Can you tell me why my transfer is failing and help resolve?
4825	Will you accept my credit card?
4826	How long does it actually take for a card payment to go through? There's one stuck since a couple of days already that doesn't seem to move
4827	When will my transfer process?
4828	What does it mean to have a pending cash withdrawal?
4829	There is an unauthorized payment in my statement.
4830	When will my top-up happen?
4831	The rate of exchange for my cash withdrawal is wrong.
4832	Can I Transfer from SWIFT?
4833	Where's my virtual card
4834	How do I link the new card?
4835	I was checking my statement and my top-up has been reverted
4836	i havent got my card
4837	How many years old do I have to be?
4838	There is a payment that has not processed.
4839	My account transfer was not cleared.
4840	What is taking so long with my top up?
4841	I need some help figuring out what this strange payment is on my account. It's stays pending and won't go away.
4842	Why am I not allowed to add a certain beneficiary?
4843	Why is my deposit still pending?
4844	This is the first time I've tried to get my money out of an ATM and it didn't work. Please give me my money
4845	Is there a way you can have money from a purchase I made refunded to my account.
4846	I haven't used my card all day but there is a payment showing in the app. Please cancel it!
4847	How come I can see an extra charge for my transfer?
4848	Can I get a few more physical cards?
4849	How long are deliveries to the US?
4850	Where are you getting your exchange rates from?
4851	Is it right that I've been charged for transferring money?
4852	Is there a reason my transfer failed?
4853	Please help me figure out the reason for the odd withdrawal amount from my account?
4854	|I moved out of my old house two weeks ago and cancelled my direct debit to my old landlord, this direct debit was working fine. Now I've moved in to a new place and set up a transfer to a new landlord but it's not reached her yet, can you check it please?
4855	Can I add money to top up my account via a bank transfer?
4856	Why would my card payment be cancelled?
4857	Apparently, I went out today to use my new card and was informed my payment was decline. This is really embarrassing, what happen?
4858	For some reason my card payment didn't work
4859	Who can I speak with regarding a lost card?
4860	Can I get an actual card
4861	How do I know if I will get my card, or if it is lost?
4862	How long does it take for a bank transfer to show on my balance?
4863	How come I was charged an extra fee when paying with the card?
4864	How much do I need to pay for a transfer?
4865	My account transfer was blocked.
4866	Can I have more disposable cards?
4867	I was mugged. They took everything. I can't use the app. What do I do?
4868	How do I replace a stolen card?
4869	I bought something with my card and I was charged a fee
4870	I'm worried my card might be lost in the mail? How long does it usually take to arrive?
4871	If I need to make an exchange from USD to GBP, how can I do so in the app?
4872	Why hasn't my top-up gone through?
4873	I need to verify a payment to my new landlord. I transferred the first rent payment a few days ago. While it shows on my side, the landlord is saying he hasn't received it yet. Can you verify that it has processed?
4874	Would it be possible for me to get a second card?
4875	I noticed a new fee on my account. I didn't know there were fees for these payments. What is the policy?
4876	I do not recognize a direct debit payment that I see on my app
4877	Help! I made a transfer in error and need to cancel it before it's complete!
4878	what do i need to have with me to activate card
4879	I have heard about these disposable virtual cards but don't understand how they work.
4880	what currencies can I receive my salary in with this?
4881	I withdrew cash but it still shows as pending?
4882	ATM withdrawal not working.
4883	Please tell me how disposable virtual cards work?
4884	How can I open an account for my children?
4885	I have gone through my statements and noticed there is a large payment that I did not make. Can i still dispute the payment? its been a while
4886	how do i find out about transfers
4887	I requested a refund from a merchant several days ago, but don't see anything showing up in my account yet. Can you check on your end to see if the money has reached you guys?
4888	I'll send a check to top up my account
4889	Hello I changed my mind and really need a refund on something I bought recently. Can you please cancel the transaction and get me my money back. Please it's urgent.
4890	I thought transfers were free, why was I charged?
4891	What is this extra fee that I got when I used my card to pay?
4892	My phone was stolen! What do I need to do?
4893	I don't see my top up in my wallet.
4894	I noticed that the exchange rate applied to a recent purchase I made abroad was incorrect.
4895	I want to transfer money into my account
4896	Hi. About two hours ago I made a transfer from my bank which is in the UK, but I don't see it yet! Would you check what's going on with it, please?
4897	My account shows that I made a cash withdrawal but I cannot remember doing so!
4898	I need immediate assistance in canceling a transfer which was a mistake. Please help me quickly so this does not go through.
4899	Why do I see a fee when I do a transfer?
4900	I would like to get an item refunded
4901	Why did my card payment not work?
4902	I enetered the wrong information, I need my account unblocked How do I do that?
4903	I was refunded the money for something I bought already.
4904	Will the transfer show up in my account soon?
4905	Do you limit my top-offs?
4906	Can I use my new card?
4907	Which fiat currencies are compatible for exchange and holding?
4908	Where do I find my card PIN?
4909	Are there any top-up limits that I must follow?
4910	May I get one of your cards? I live in the EU.
4911	Is there a fee for a SEPA transfer
4912	May I order another card?
4913	Even though I added money ey to the card, I couldn't use it
4914	It is still pending, I am still waiting. Your system just shows my top-up as pending. What is happening?
4915	Why is there some cash that I did not deposit in my account?
4916	unhappy with service need to delete account
4917	I just did a money transaction but its not showing they received it
4918	I need my card frozen cause it was used without my consent to take money out. It was in an odd place.
4919	What do I do now my credit card has been swallowed by the ATM?
4920	Will you charge for a physical card?
4921	Why didn't I receive the right amount of cash?
4922	What do I need to do to perform identity checks?
4923	Does this app have the same exchange rate as third parties?
4924	What is this fee for card payment?
4925	In which stores can I shop with this card?
4926	I couldn't get the money I needed.
4927	I transferred money but the balance did not update.
4928	Hey a seller just contacted me that my money didn't come through. It was definitely deducted from my account, but now it appears it's back with me! Sort this out asap please.
4929	Am I able to do a SWIFT transfer?
4930	Where do I unblock my PIN?
4931	Hi there, earlier today I tried to take money out of an ATM machine, and something wasn't working. I didn't actually receive the money, but I just checked and it says that the transaction is still pending. Can you tell me what's going on here? Am I still being charged for the withdrawal even though I didn't end up getting any money?
4932	Are cards available in the EU?
4933	I tried to buy something online yesterday and got a message saying declined. I tried again today and got the same message. What's the problem?
4934	Hello, I am a new customer, and just tried topping up for the first time. According to your information, the transaction should be instant - why does it still show as pending?
4935	I've been waiting a while for my card, is there a way to know when it will arrive?
4936	Can I convert currency with the app?
4937	Why hasn't my account updated to reflect my current balance?
4938	I want to get a new card before my current one expires, how much will it cost me and how long will it take to get here.
4939	Why does my transfer keep failing? I've tried 5 times and they all failed.
4940	I shouldn't be charged any fee for transferring .
4941	Can I get money in my home currency at some ATM? I'm on holiday and am a bit concerned because I don't have any cash with me, it is possible to withdraw here already without any additional cost?
4942	Who charged me a fee for paying by card?
4943	Tell me how I can verify a card top-up.
4944	Where can I verify my identity?
4945	What are you exchange rates?
4946	Will my transfer be done soon?
4947	Why are my withdrawals suddenly being declined?
4948	Please assist me in activating the card.
4949	the exchange rate was different than expected
4950	I think someone has hacked my card!
4951	Can you tell me what i steps i should take since my card was stolen?
4952	Did a WD earlier at an ATM. The amount showing in the App is more than I got though.
4953	Is it possible to access my phone from the hotel/
4954	After I attempted a transfer, it failed.
4955	I think I deserve a refunded on a certain item.
4956	Which currencies are allowed?
4957	How do I activate and link my new card?
4958	Where did my deposit for my source of funds come from?
4959	Change my pin?
4960	Can you show me how to verify the top-up card?
4961	I do not have my pin yet
4962	Your exchange rate was off. I was charged extra on my payment that I made last Saturday.
4963	I need help reapplying my top-up. It seems it isn't working.
4964	My friend deposited $100 into my account, but it is not showing up!
4965	My transfer didn't work! Help!
4966	Why was my transfer charged a fee?
4967	I transferred some cash and it didn't arrive
4968	I didn't withdraw cash but I see that transaction on my app
4969	Why does my transfer say it is pending?
4970	My card isn't letting me purchase something and I wanted to know why.
4971	Where can I find the auto-top up feature?
4972	What is the first step that I should take after my card has been stolen?
4973	Why was I charged more than I should have been?
4974	My new card hasn't came in.
4975	What is the exchange looking like?
4976	I would like to use this cheque to top up. Can you tell me how to do that?
4977	Hold old do my kids have to be to use the service?
4978	What are the reasons that my mortgage payment won't go through? I'm getting an error and don't know how to correct to get this transfer to go through.
4979	How do I add my new card to the app?
4980	What if my top up didn't work?
4981	The app says my transfer failed
4982	The purchase I made is still pending.
4983	I did not receive my purchase, how do I cancel it?
4984	Several items I have charged this week are appearing twice. Please review my statement and remove any duplicate charges.
4985	Estimated time arrival for transfers?
4986	I have no way to prove my identity.
4987	Does it cost me anything to top up my account via bank transfer?
4988	I purchases several items today. Why are they still showing pending?
4989	I wanted to transfer money to another account, but now I don't have to so I'd like to cancel said transfer. How can I do that?
4990	Why hasn't my transaction been completed?
4991	I want my card frozen right away. Money was taken out in an odd location I have never heard of.
4992	I tried to use my card today in the restaurant but it didn't work and just got declined. What's wrong?
4993	Am I allowed to hold money in multiple currencies?
4994	What do you think of the exchange rate?
4995	Do the disposable cards have restrictions?
4996	What do I do if my card has been lost or stolen?
4997	Is there any way to see my card in the app?
4998	How do I verify my identity online
4999	Where can the pin be located?
5000	What was the extra charge for withdrawing money?
5001	want to know how to get virtual card
5002	I attemped a transfer and it didn't go through.
5003	One of my card payments looks like it's stuck but I have made the payment days ago. How long until the payment will be applied to my account?
5004	I signed up, but don't have a PIN. Where can I find it?
5005	Will you tell me how I am supposed to use the disposable cards?
5006	I've got charges on my account I did not authorize. Can I get this money back from the last couple of days that it's been coming out? I also need to freeze my card.
5007	Is a tracking number available for the card that was just sent?
5008	I sent some money to somebody a couple of hours ago, and they still have yet to receive it. They really need the money, how much longer are they going to have to wait?
5009	How old does my daughter have to be to open an account?
5010	Where should I withdraw money from?
5011	I would like to exchange currencies, how do I go upon it?
5012	Will my friends be able to top up my account?
5013	can i go into my app to find my pin
5014	I did a transfer but the balance is the same.
5015	Is my country's currency supported by your system?
5016	A transaction posted twice to my account.
5017	Can you please tell me why my card payments are not going through when I try to buy something online? When I put in my card payment it takes it but it comes back a while later.
5018	How do I know if my top up worked?
5019	I seem to of forgotten my passcode.
5020	Is there a reason behind why my transfer did not work?
5021	How much money can I withdraw before fees? I noticed a fee on my card but I didn't think I had hit the limit of how much I could withdraw in a month.
5022	I can't use my card for anything
5023	Reverted top up
5024	My transfer has been declined.
5025	I would like my money back for an item I purchased
5026	I didn't get all the money I asked for
5027	I sent some money and the account hasn't recived the transfer I made.
5028	When I received my money, it was not in the correct amount. The exchange rate was not what it should have been.
5029	how much do you charge to top up US cards?
5030	The amount of cash I received was not the full amount
5031	I can't find the virtual card
5032	What can I do if I lost my card?
5033	Can you tell me how to top up on my card?
5034	It does not appear that my message went through.
5035	how many virtual cards can i have, i want 8
5036	My card payment has been on pending forever. What is the problem? It should have gone through at some time by now.
5037	I would like it if I could get an item refunded
5038	Can I choose from either Visa or Mastercard?
5039	I just checked my statement and saw a $1 charge, why is it there?
5040	Which one are you? Visa or Mastercard?
5041	Are there any fiat currencies that you will not work with?
5042	Your company is lame. Shut down all my account services right now.
5043	The ATM won't give me my card back. I need it back now!
5044	How long does it take for my payment to process?
5045	Why am I missing my refund
5046	Can I reset my PIN if it is blocked?
5047	Help, I was charged twice!
5048	How can I unblock my PIN?
5049	Can cash be used in physical locations to top up?
5050	How long does a top-up take to go through?
5051	I'd like to get a Visa card, please.
5052	This morning, I tried to send money to my friends several times but each time the transfer fails. Why does it keep failing? The transfer gets rejected but I do not know what is causing it to be rejected.
5053	I already have a card and want to link it
5054	can you share card tracking number?
5055	How will I receive my PIN?
5056	Would I be charged any fees if I added money to my account using an international card?
5057	Why do I get a fee every time I transfer?
5058	I was just going over my transactions for the past couple of months and noticed a large type charge that I know I did not make. Even though it's been a while can I please still dispute this?
5059	I performed a transfer within the country the day before yesterday, but it has not gone through? Can you check on that? The account number is definitely correct, as I've checked.
5060	Can I use my Apple watch to fill my gas tank?
5061	my atm transaction was wrong
5062	There is an extra 1£ charge on my app. Why did you charge me extra?
5063	What locations are cards delivered to?
5064	When I top-up, the app reverts it.
5065	What is the significance of verifying the top-up?
5066	Do you offer account's for minors?
5067	The ATM keeps declining my card! I tried two different ATMs already can you please check if everything is alright with my account??
5068	In the app, where do I find my card PIN?
5069	How do I change my passcode?
5070	Hello, i'd like to inform you of an issue i'm currently experiencing. The goods i have ordered from your website have still not arrived yet; it has been over 3 weeks. I would like to be issued a refund swiftly and be redirected to more competent people. Thank you for your assistance.
5071	I already have an account. Why can't I use it unless my identity is verified?
5072	I am seeing in the App a diret debit that its not mine
5073	My PIN was blocked.
5074	I see non-received cash in my app.
5075	I made a transfer into my account and now I need to cancel it
5076	Where can I find Mastercard ATMs?
5077	Please help me regarding a direct debit in the app that I don't recognize.
5078	I don't recognize this payment on my app, I am sure I didn't spend any money there.
5079	Is there a charge for exchanging foreign currencies?
5080	my virtual card has not came yet!
5081	Could I please cancel my transfer, I paid it into the wrong account. I need to pay it into the right account by tomorrow.
5082	Why is my money not in my account. I have already sent it out.
5083	If my card is going to expire this month, do I need to order a new one?
5084	I don't recognize some transactions. Is someone else using it?
5085	What do I do to activate?
5086	For the identity check, do I need any kind of documentation?
5087	I received my new card and tried using it today, just to have it show declined over and over again. Why is this happening?
5088	Is there a transaction limit on a disposable card?
5089	I looked at my statement, and there is a charge for 1£ that I don't recognize. Why is it on there?
5090	My app says I withdraw money from my account from an ATM.
5091	I can't see a refund for a return I completed recently.
5092	Are purchases returnable for full refund?
5093	How do I top up by card?
5094	Do you have any options to top up with a cheque on my account?
5095	Can I transfer my salary if its in GBP?
5096	How long will it take to receive my money from my transfer transaction?
5097	What is needed to activate my card?
5098	Where would I find top up by cash deposit?
5099	I just looked over my statement and I don't recognize the name of a card payment.
5100	How do I edit my personal details?
5101	What places accept my card?
5102	What cards do you support
5103	When do i get charged a fee for using the card?
5104	I was charged for using my card?
5105	How do I top up?
5106	Why was my new card declined?
5107	Will the system automatically update once there is no more money left?
5108	I was charged a fee for a transfer. Where did it come from?
5109	My card payments have stopped.
5110	why would a merchant refuse a payment
5111	My account is depleted. Can I transfer funds from another bank?
5112	I'm hoping you can answer my question about a pending transfer that I've had for a while now. I know that all of the account details are correct, so why is it taking so long to go through?
5113	I need more money in my account. Can I add more by transferring?
5114	Why did I get charged more for using my card?
5115	I bought an item and the exchange rate was wrong.
5116	I can't see a top-up top-up verification code.
5117	Can i get money in my home currency at my ATM ?I am on holiday and bit concerned because i do not have any cash with me .Is it possible to withdraw without any additional cost.
5118	I would like a card please.
5119	Why won't the ATM let me withdraw money?
5120	Can you please sort out your top up? I need this to go through asap because I really need the money. It's already been pending for an hour.
5121	When will my top up process?
5122	Are there specific ATM's that I can draw money from?
5123	Is there a charge for sending out more cards?
5124	I need my virtual card
5125	My salary is received in the form of GBP. Is it necessary to configure this? If so, where is this done?
5126	It's been a few days since I've tried to pay a seller but the funds aren't going through. What is happening?
5127	I am calling because the ATM didn't give me the right amount of cash, but my app shows the actual amount I wanted to withdraw. What should I do to get my money back?
5128	What reasons would a topup fail?
5129	Something's wrong my card won't work.
5130	how do I ask for a physical card?
5131	My accounts been charged a payment for something I didn't make.
5132	Why was the price higher when I paid with my card?
5133	why must I prove ID
5134	Why am I seeing a fee for transferring money?
5135	How can I get a refund for a purchase?
5136	Are there ATM fees?
5137	Do I need to pay more for exchanging currencies?
5138	I need you to delete my account now.
5139	Is it possible to change my pin if i am out of the country?
5140	I believe that someone is using my card without my knowledge!
5141	When did you send me my new card?
5142	My ATM card isn't working for a withdrawl
5143	Can I get an item refunded?
5144	Why isn't my topup working?
5145	Is there a fee for making a payment? If so, let me know why.
5146	I am seeing unathorized transactions in the app, on my account.
5147	How old do my kids need to be to open an account?
5148	I updated by balance with a cheque yesterday but it isn't showing on my account. Did something go wrong?
5149	How do I create a disposable virtual card?
5150	Where do you deliver cards to?
5151	What would II do if I wanted to activate my new card
5152	I want to add money to my card, what payments do you accept?
5153	When I withdrew money from my account the other day, I noticed that there was a fee. I didn't think that there were any fees for withdrawals...? How much will I be charged?
5154	It says the transfer wasn't accepted.
5155	I requested a refund from a merchant but don't see the money in my account. Are you able to check with the merchant or process the refund manually?
5156	One of my charges was declined, but the second one went through. But I notice on my App that one of them has gone through, and the other one is still pending. Please ensure that only one charge is processed. Thanks
5157	There is unusual activity on my account and I believe someone took my card.
5158	Let me know when you charge for payments. I just checked the app and saw a fee that I wasn't warned about.
5159	Why hasn't my card arrived yet?
5160	What is an exchange rate?
5161	My payment was terminated
5162	I need a disposable virtual card.
5163	How long is the wait for a money transfer to show up?
5164	Your exchange rates come from where?
5165	What is happening? I have tried to transfer money 5x already. Is the system down? This shouldnt be happening as this is a basic transfer.
5166	What are the restrictions on auto top-up?
5167	There are a few payments in the app that I didn't make! Does someone else have my card? What should I do?
5168	What's the expected wait time to recieve my new card?
5169	Can I use SWIFT transfers?
5170	I've got a problem - I purchased an item maybe a week or two ago, but to the payment came back to my account! I've already got what I ordered, so why are the payment funds showing up in my account?
5171	How long will my top-up stay pending?
5172	How do I verify the source of my funds?
5173	How can I top up with Apple Pay?
5174	I need assistance with transferring funds to another account.
5175	I'm expecting a refund but it's no where to be seen
5176	Help me. My transfer was declined. How could this happen?
5177	I see a fee that I think was charged because I paid by card.
5178	Do top-ups have a limit?
5179	What is this extra fee while I was doing a transfer?
5180	If the ATM only gave me 10 pounds instead of the 30 I requested, what do I do?
5181	If I want to be able to give my daughter a card for my account, would I be allowed to get one for her?
5182	How old do you need to be to open an account?
5183	How long do I have to wait for my transaction to be completed?
5184	Hello, I see that I have been charged an extra $1 on my app. Could you please provide me with a reason for this charge?
5185	I made a purchase this morning, and it is showing as pending.
5186	I was charged a fee for using my card. Can I check that in any way? It seems like there are occasions that I am charge for fees. Can you elaborate this?
5187	Am I able to use my American Express to add money to my account balance?
5188	What should I do if I don't know my password?
5189	Why is my cash withdrawal still showing as pending?
5190	I'm not sure where my phone is. Can someone else use the app?
5191	What limits are there on the virtual cards?
5192	Where do we mail the card?
5193	Where is the money I put in the bank?
5194	What other credit cards can I use?
5195	I dont know what happened, but my payment was cancelled
5196	How do I activate my card to start using it?
5197	It seems like a transfer is pending.
5198	What is identity check?
5199	Tell my why my top-up is pending.
5200	is there a reason that my payment didnt go through
5201	Can I use my account now, even though my identity verification has not gone through yet?
5202	What currencies can I not hold many in, if so what are they?
5203	My card won't let me withdraw money.
5204	I want to reset my passcode, how can I do that?
5205	What is needed for identity verification?
5206	What should I do since my card is trapped in the ATM?
5207	Can you let me know why my cash withdrawal is still pending?
5208	What are the reasons why a card payment would be declined?
5209	To receive money are there charges?
5210	I have been overcharged.
5211	It shows that the transfer on my account wasn't allowed.
5212	Are bank transfers immediate?
5213	Please help. The card won't work.
5214	I would like to track a card sent to me, how do I do that?
5215	Do you limit my top-ups?
5216	How come my top-up didn't go through instantly, like it usually does?
5217	How long does it take to activate my card?
5218	I need my PIN unlocked.
5219	My phone is at the hotel. How can I use the app?
5220	Can you unblock my pin because I put the wrong one too many times.
5221	I don't know what this Direct Debit payment on my account is for.
5222	Can I tell if my top off didn't work? It doesn't seem to have.
5223	Where is the money that I transferred.
5224	why didnt my account allow a transfer
5225	I need to report a stolen card
5226	Could you please help me figure out why the seller has not received their money after I sent it.
5227	How do I get a new card as your machine swallowed mine!
5228	If I am in China, can I still order a new card and if so, how?
5229	What is your currency exchange fee?
5230	I was charged too many times for one transaction.
5231	Do I need to pay extra for exchanging currencies?
5232	Who can send me money?
5233	There has been a red flag on my top up.
5234	I need a new card.
5235	What do I do if my smart phone was stolen?
5236	I am confused why there is cash I did not accept in my account
5237	My balance was not updated after transferring money.
5238	How many payments can I make using a virtual card?
5239	Can my account have different types of currency in it.
5240	How do I update my address?
5241	Is there a charge for cash withdrawals? I always thought it was free.
5242	What's the process of changing from GBP to AUD?
5243	Does it cost extra to exchange foreign currencies?
5244	Why am I being charged a hidden fee?
5245	There was a direct debit I don't recognize.
5246	how to delete account, not happy
5247	I need to cancel a purchase?
5248	Why was I charged for cash withdrawal?
5249	I want to revert a transaction I did this morning
5250	I can't recognise this Direct Debit payment.
5251	Can you give me the restrictions of the disposable cards?
5252	Do I have to manually top up once I'm too low?
5253	How long does it take for a money transfer to show up?
5254	My statement indicates I made a payment to an unfamiliar merchant.
5255	I got a cheque that I want to top up with?
5256	Which currencies do you handle?
5257	The refund on my account hasn't shown up
5258	Can I have my money refunded for an item
5259	I want to top up by cheque
5260	I've just been married and need to update my name
5261	Does the app top up automatically?
5262	The bank charged me fees for withdrawing cash!
5263	I saw there is a cash withdrawal from my account via the app which I did not complete.
5264	Do you have a children account available?
5265	I would like to terminate my account.
5266	Do you let me choose between Visa and Mastercard?
5267	Why hasn't payment gone through yet?
5268	how to recover my passcode
5269	I attempted to complete a topup, and I thought all was well, but now the money is gone again. Has there been a glitch?
5270	Do you have EUR currency available for me?
5271	i disagree with a charge
5272	It has been forever ago that I made an order online. The product simply is not coming. Just give me back my money because I'm not paying these people.
5273	why do i have a failed transfer
5274	is there a frequent currency discount?
5275	I got charged for with a fee for paying with my card.
5276	Are there going to be fees from adding money with an international card?
5277	Any place that takes Mastercard would be fine.
5278	I'm not sure how to complete the identity checks process.
5279	how do i dispute a payment I didnt make
5280	What limits are the to top-ups?
5281	How can I get cash back? The ATM just gave me the wrong amount that I've been actually charged though...
5282	What happened to my Top-Up? It's not reflected.
5283	I wasn't charged the correct exchange rate for an item I purchased.
5284	Can I edit my details?
5285	Help me use American Express to add money to the account.
5286	The app says that I got cash in an ATM and I didn't
5287	I'd like to discuss an order I placed quite a long time ago. I have yet to receive it and am growing upset. I want a refund as I now refuse to pay for the product.
5288	Help! The app says I took out cash but I didn't!
5289	I want to cancel a transfer I just made.
5290	When will my top up go through?
5291	I've tried completing a very standard transfer and have already attempted it 5 times. What's going on here? Is there a problem with your system?
5292	My top up is pending still
5293	How do I get extra cards?
5294	My card payment was not successful.
5295	My wallet got stolen a couple hours ago and now I've seen there already is a withdrawal. Help this is absolutely urgent I don't want to loose more money
5296	How old do my kids need to be to use your service?
5297	I got my American Express in Apple Pay, why is top up not working correctly?
5298	My refund is not showing up in my account. Where is it?
5299	Please tell me how to edit my personal details.
5300	If I need more than cards will I have to pay a fee to receive them?
5301	Tell me how to delete my account.
5302	Will you tell me how to exchange USD for GBP in the app?
5303	How do I know if i need a disposable card?
5304	My card payment has been pending for a long time now. Why is it taking so long to take. It should have already made it through.
5305	Is this open to residents of all countries?
5306	What if I don't verify my identity?
5307	How many currencies can I have money in in my account?
5308	Is it normal to see a fee for transferring money?
5309	my cash withdrawal is pending, why?
5310	I am having trouble withdrawing cash.
5311	I haven't received the money from the check I deposited.
5312	I forgot my password to get into the app!
5313	My card did not go through in a shop
5314	The app is telling me that I am not me.
5315	I need a physical card. What are the fees?
5316	There is a payment that I made that hasn't gone through yet.
5317	If I don't live in the UK, can I get a card?
5318	How long does it take for a cash withdrawal to show?
5319	How long does it take to make an urgent transfer from China?
5320	What is the virtual card and how can i get one?
5321	I just bought an item and changed my mind. I have not received it yet how can I get refunded. Thank you.
5322	Tell me how to change my details.
5323	wheres my money receipt
5324	Hi, I sent a payment to the wrong account number - can you cancel it as soon as possible?
5325	Transfer unable to be completed, states 'declined'
5326	How much longer until I get my new card?
5327	My card was used without my permission, what do I do?
5328	Please explain why my payment was declined? I thought everything was good.
5329	I was wondering if I could get a second card on this account? I would like my daughter to have one.
5330	A mortgage payment I'm making is giving me an error message. This is the first time I'm making this payment and want to know what's wrong.
5331	I did not receive the right amount of cash I requested
5332	Can I use the card at any cash machine?
5333	How much time do transfers typically take? I sent money to a friend who needs it urgently. It's been hours and has not gone through.
5334	Whats the reason for my payment being declined? It looked like everything went through ok and my account was good.
5335	My statement is showing an extra £1 charge and I am unsure why. Is there an explanation for this?
5336	Why did they take more money out then I withdrawed?
5337	Will I be charged for topping up my account using a bank transfer?
5338	I got billed an extra pound!
5339	I'm upset because I got charged a ridiculous fee when making an ATM withdrawal over a holiday weekend. It didn't notify me beforehand either or I wouldn't have ever done it.
5340	Need a new passcode.
5341	Where do I find the auto top up option?
5342	The cheque I sent to you to have deposited a couple days ago has not cleared in my account yet. What is the issue?
5343	should i add money via bank transfer instead
5344	What are the restrictions of the disposable cards?
5345	I did a transfer earlier but see that it failed to go through.
5346	the transfer to an account wasn't allowed is there any other way for me to do it
5347	I need to reset my passcode, this one isn't working
5348	Why did the top-up fail?
5349	phone is gone
5350	who charged my card
5351	How can I get disposable virtual cards?
5352	How do I link my card in the app.
5353	Can you explain why I am now getting charged a fee for using my card?
5354	What commission do you take for currency exchage?
5355	Why would there be an extra charge on my app?
5356	Must I verify my identity?
5357	is there a limit for top up?
5358	Can I change my PIN without being physically present?
5359	Do you charge a fee for topping up a card?
5360	I am sure I have plenty of money to transfer but my transfer is being declined.
5361	I need to actuate my card.
5362	how do I get top up to work for my card
5363	I don't want to verify my identity
5364	My topup got reverted. Please let me know if there is any issue in system.
5365	Why do you need all these details about my identity?
5366	My top up may have been reverted
5367	I tried activating my card and it didn't work
5368	Can you tell me why I was charged $1 for a transaction?
5369	Help! I fear that my card was stolen,
5370	What are the steps for changing my passcode?
5371	When I withdrew my money, why was there an extra charge?
5372	Tell me your opinion on the exchange rate.
5373	Why was I charged extra using my card?
5374	How to receive transfers from my employer when I get paid in GBP?
5375	I was checking my statement and I think one of my card payments has reverted
5376	Can you tell me why I haven't received my new card?
5377	I see an unauthorized withdraw.
5378	I had a dollar charged to my account that's still pending and wanted to know what the charge is for?
5379	how does my statement get updated so i know when a refund will reflect on my balance
5380	Why have I been charged a fee for card payment?
5381	Please delete my account now.
5382	What is the extra fee I was charged when using an ATM?
5383	How do I go about changing my address?
5384	How long does it take for money to transfer as my balance hasn't been updated
5385	Hearing about your verification results from us may take anywhere from 10 minutes to approximately one hour. If this verification has in fact, failed, double-check to make sure that your images are clear. Also make sure that your document photos have no blur or glare. They need to be readable. You must also be 18 years of age or older and be a resident of Switzerland or the European Economic Area to open an account.
5386	I only have a card from the US is that okay?
5387	I am just waiting on the completion of the transaction.
5388	need to know if there is a maximum i can top up
5389	The item i bought exchanged rate was incorrect.
5390	I need to stop a transaction that I made.
5391	I have money in a foreign account that I want to send to this account.
5392	I want one of the virtual cards!
5393	what is the amount of disposable cards I can have?
5394	Hi, Today i have withdrawn cash from ATM but i got wrong amount and in the app it is showing much more amount than that.
5395	There's a payment in the app I don't recognize.
5396	My card data has been exposed.
5397	Why is my 'top up' not showing up in my wallet?
5398	How can I hold and exchange fiat currencies?
5399	How do I go about ordering a new bank card?
5400	Why would I need a disposable card?
5401	Why is my cash still pending that I put in ATM?
5402	Why is my balance still the same after a cheque deposit?
5403	What are these disposable virtual cards all about?
5404	I would like to get help from someone in your customer service department with assisting me with activating my card.
5405	I tried to get cash in the ATM but it was not approved
5406	Can I top-up via Apple Pay?
5407	I haven't received my virtual card.
5408	I have have multiple charges for one transaction.
5409	Who can have access to top up my account?
5410	Will this app allow me to exchange currencies?
5411	On my disposable card, is there a transaction limit?
5412	I live in Germany. Is that one of the countries you are in? What other countries are you in?
5413	Do I need a photo ID to activate a my new card?
5414	How do I discontinue my account?
5415	I'd like to have extra cards. Will I have to pay for that?
5416	How does the exchange rate work on this app?
5417	Is there a location where I can change my PIN?
5418	top up not completed
5419	Why was my account assessed a fee for an ATM transaction?
5420	can you express my card to me?
5421	Can you tell me what I need to do for the identity check process?
5422	How do i find my top-up card's verification code?
5423	How many physical cards am I allowed to have?
5424	I'm still waiting on a payment
5425	After making a transfer from a UK account it's not showing up. How long do these transfers normally take for you? I want to be certain everything is all right.
5426	Can a friend top up my account
5427	My job requires me to do a lot of exchanging currency, and I was wondering about any possible discounts or lower prices.
5428	My foreign currency exchange has been applied incorrectly.
5429	I would like to get a few more physical cards.
5430	How can I top up with my apple watch?
5431	What is the handling fee for transfer?
5432	I will not be able to verify my identity.
5433	I've use my accounts all the time to manage my payments for my place abroad that I just got. I now see that I suddenly have new fees.I'm a frequent customer, so why are you charging me new fees instead of rewarding me?
5434	When will my card be here?
5435	I'm unable to verify my identity
5436	for god sake, just delete my account i am sick of this
5437	I need a refund and cancel a transaction on an item I purchased and i need it as soon as possible, please!
5438	What do you charge for an exchange fee?
5439	What currencies are approved to add money?
5440	It seems like I have been waiting forever for this international transfer. Why is it taking so long? C'mon, it's 2018, things happen at a click of a button. All of the account information is correct, so how long will this take?
5441	I put my check in the bank, but I haven't gotten my cash yet?
5442	I am wanting to refill my card, is there a charge?
5443	How can you assist on verifying my identity?
5444	If my funds are running low, will the app top up automatically?
5445	I may have entered the PIN wrong and the account is blocked. What do I have to do to get it unblocked.
5446	which identity details are required
5447	I was charged an extra fee for a card payment. I was unaware of these fees beforehand.
5448	Why am I still waiting for my refund
5449	What steps do I do to transfer money using my credit card?
5450	What would be a reason my transfer got declined?
5451	If I want to topup by card, how do I do it?
5452	I need someone to find out where my money has gone to? It has disappeared. I completed a top up earlier and seen it had went through. Since it has now disappeared I need to know what's going on.
5453	Please tell me where I can update my details since I moved.
5454	Every ATM I visit is rejecting my card and I don't know why. There should be money on it. Can you check it to see if something is wrong or if I'm doing something wrong?
5455	I need my account checked because it appears there is a problem. I attempted to update my balance yesterday using cheque but it doesn't seem to have worked. Should this not be faster than this?
5456	I'd like to know what the foreign exchange rate will be.
5457	My cash withdrawal says pending, why?
5458	when will my transfer arrive
5459	Is there a charge for a physical card?
5460	I punched in the wrong pin too many times and I'm locked out.
5461	Cash withdrawal was incorrect at ATM.
5462	Hey, I attempted to top up my card today and for some reason it didn't work. When I did it the other way it worked just fine. Could you help me figure out why this is happening please?
5463	Do international transfers take longer?? I made a transfer from France 2 days ago but it's still not there yet...
5464	Is there such thing as an auto top-up option?
5465	i used a check check yesterday to balance my account and it isn't showing up?
5466	I was charged multiple times for one purchase
5467	Is it possible to top up by card?
5468	When I tried to access my cash, I wasn't allowed!
5469	How can I add a new card?
5470	My husband and I went out for our weekly "dinner and a movie," and it was my turn to pick up the check. Now I see that my card was charged twice. Who should I contact about negating the second charge and getting my card credited?
5471	Why would I receive an error that my transfer isn't possible when I've done it before?
5472	what is this extra charge with my purchase?
5473	Can I use my apple watch to top up?
5474	I wasn't able to do a transfer to an account
5475	My transfer was wrong, are you able to stop it before it goes through please?
5476	Why is my transfer taking so long to complete?
5477	Why hasn't my balance been updated? I've deposited a few cheques some days ago!
5478	I have a cash withdrawal that I don't recognize.
5479	What is the time frame for european transfers?
5480	What documents do I need to validate my identity?
5481	If I find a card I lost do I need to dispose of it? Or can I re-active the card and continue to use it?
5482	How do I make my transfer go through
5483	For some reason, the money I added was returned.
5484	I tried to get some with-drawls but the machine didn't work. The transaction still seems in progress.Seems like something is wrong,I don't want to be charged for Transaction i did not make.
5485	Why do I have to give you my drivers license
5486	My account shows up as pending after I received cash from the ATM earlier. How can this be still pending? I've got the cash already.
5487	Can an apple watch be used to tup-up?
5488	Why does my payment appear as pending?
5489	Will I be charged an extra fee if I need to exchange currency?
5490	Can you tell me how to get my card on the app?
5491	how do i get the card linked
5492	Is there a way to link the card i just got?
5493	How long does a check take to show up in the account balance?
5494	Where can I find an ATM?
5495	My card was stolen
5496	I see a direct debit payment on my app that I did not do
5497	Are transfers not free? I didn't know I would be charged for transfers.
5498	I am still waiting for a money transfer to process.
5499	Can I get a card in the US?
5500	Can I receive payments in another currency?
5501	I got a message that my transfer was declined.
5502	Help me please, My Apple Pay American Express top up does not work.
5503	How long is a transfer in the pending status?
5504	There was just a withdrawal but it wasn't me, I've never even visited the town where the withdrawal happened.
5505	I have no idea why there is a dollar that has been charged to my account.
5506	I was overcharged one extra pound!
5507	I need to terminate my account.
5508	I've been waiting for 3 days, why is my withdrawal still pending?
5509	Is there a problem with your system being down or something? I have already tried 5 times to issue a standard transfer but I'm getting nowhere.
5510	please cancel the transaction
5511	How do I stop fraud to my card?
5512	Why has my new card still not come?
5513	Show me where I can see the PIN?
5514	Can I have my card activated?
5515	Can you tell me why I haven't received my new card yet?
5516	What happens if I forget my PIN?
5517	Shouldn't my new card be here by now?
5518	Why does my transaction have an added fee?
5519	I did not get the cash that is showing up in my app.
5520	Where is my missing cheque I deposited?
5521	why does my statement contain an extra fee?
5522	Are there still fees for european top-ups?
5523	What do I need to see my source of money?
5524	Can you tell me how long it would take, to make a transfer from France? I made one 2 days ago and its not there yet.
5525	I can't remember what my password is
5526	Is there a problem with the payment that I see is still pending?
5527	I didn't get the right amount of cash because of the exchange rate.
5528	Where can the cards be delivered?
5529	I have done a transfer within the country a couple days ago, but it's still not there yet. Can you please check what's going on with that, the account number definitely is the right one, I've checked that several times already.
5530	I tried to withdraw $100 but only got $20. What happened?
5531	I want to reactivate my card, I thought I had lost it but found it again in my jacket.
5532	It's been a week since I ordered my card and it's not here. Please help?
5533	I returned an item but don't see it on my account?
5534	I sent a transfer and it has been pending for awhile. How long will it stay pending?
5535	I was charged the wing amount for an item.
5536	I didn't set up the direct debit I have
5537	Is going to a bank only way to change my PIN?
5538	Help me cancel a transfer.
5539	What is wrong with the exchange rate? This should have been a much higher amount of cash for that to apply.
5540	Why won't the machine accept my card anymore?
5541	I would like to change the the PIN on my card.
5542	the exchange rate I got for cash was wrong
5543	I'd like to open an account for my kids can I do that?
5544	I can't log in with this passocde
5545	What was the issue with my topping up?
5546	Delete my account now please.
5547	Which fiat currencies can I use through this app?
5548	Can you tell me why my transfer declined?
5549	I've used my account frequently over the last month to manage my payments from abroad for my new place. I noticed that my fees have suddenly increased. As a frequent customer, shouldn't I be rewarded rather than suddenly being subject to a new fee?
5550	Why has my top-up been reverted?
5551	What is this extra pound charge for?
5552	Help me. The passcode doesn't work.
5553	What am I being charged an extra pound when I haven't bought something worth that much?
5554	How do I change my address ?
5555	You will hear back from us about your verification results in 10 minutes to a one hour timeframe. If these verification results do fail, please double-check to make sure your images are clear and have no glare or blur; your photos need to be fully readable. You need to be 18 years of age or older and a resident of Switzerland or the European Economic Area to create an account.
5556	How can I go about ordering a virtual card?
5557	How long should a cheque deposit take to show? My account hasn't updated and I want to make sure everything is okay.
5558	Can you tell me why I wasn't able to complete my transfer?
5559	Do you provide currency exchange to Euros?
5560	What kind of businesses will take my card?
5561	Exchange fee help?
5562	Do you have a tracking number for the card I was sent?
5563	Can I get more cards just incase?
5564	What is the present state of the exchange rate?
5565	I still don't have a refund.
5566	I just initiated a transfer but I'd like to cancel it.
5567	Do I have to use bank approved ATM's
5568	Am I supposed to verify my identity?
5569	I attempted to withdraw some money from an ATM this morning and received the wrong amount. Your app says I have enough money available in the account. Can someone tell me what's wrong?
5570	The activation process did not work, please help?
5571	I am trying to make a transfer to a different account but they keep getting declined. I have double checked all the details and the information is correct.
5572	Hello, I just checked my card transactions and saw that I was charged twice for a restaurant visit I did earlier this week. Is it possible to remove one of them and get my false paid money pack?
5573	Does the auto top-up have any limits?
5574	Why is there a pending hold on one pound on my statement?
5575	I need to cancel a transaction please!
5576	What are the auto-top up policies?
5577	The ATM sucked my card in.
5578	Is there a fee when I get cash from an ATM? Is there a limit I can take out? If there is a fee, what is it?
5579	The wrong exchange rate was used when I purchased an item.
5580	Do the disposable cards have a transaction limit?
5581	There are transactions that I did not make on my account, I think someone has my information.
5582	what is this fee for transfering
5583	Can you tell me where can change my PIN?
5584	I was checking the app for my account and I noticed there is an authorized charge on it. I haven't used my card today, so I know I didn't do it. I would like the transaction reversed and the money replaced.
5585	I want to stop my account
5586	I have an unauthorized charge.
5587	There is a strange payment on my card.
5588	Why is there a fee for getting cash?
5589	The cash I asked for still hasn't been received
5590	I need to know which flat currencies are supported by you.
5591	What identification is required to activate my card?
5592	Why is there an extra €1 fee in my statement?
5593	Which type of card will I receive?
5594	What's the process for topping up my card?
5595	Hello, I believe there has been a mistake made on the exchange rate for my card. Could you please check the official interbank exchange rate for me?
5596	I have one of your cards, but I don't know how to link it.
5597	Pending still shows on this transfer, why?
5598	You provide support in what countries?
5599	Why won't you take my transfer, I keep getting an error message.
5600	My card keeps getting declined when I try to use it. I would like to top-up, but it is not going though.
5601	If I lost my phone at the hotel, can I still use the app?
5602	I need assistance finding out why I am unable to top-up my card, it keeps getting refused. It is extremely imperative I get this resolved quickly.
5603	How do i access the auto top-up option?
5604	My card arrived but I don't know how to get my PIN.
5605	Can my 8 year old grandson open an account at the bank?
5606	Why did you guys charge me an extra €1?
5607	I need to know what foreign exchange rate I can get.
5608	How long will my most recent transfer take to go through? The recipient needs the money urgently.
5609	Please cancel my most recent transfer, it was a mistake. This is an emergency. It needs to be canceled before it goes through.
5610	Can I call to get my card activated?
5611	I transferred a payment a couple days ago and it shows done, but it has not been received. Could you please help me?
5612	I thought I can make transfers for free, this is not fair. I bought something online from abroad and there was some weird additional fee that I've never seen before?
5613	How long until transfers from Europe go through?
5614	What are the disposable cards restrictions?
5615	I was charged a fee when buying stuff with my card.
5616	Why do I have a transaction showing multiple times?
5617	Will it take more than 3 days for my transfer to reach my account?
5618	How is my PIN sent?
5619	I draw out money from your ATM during holidays, and was charged insanely. I wouldn't have done it, if i had a little sense about the shocking charges.
5620	Can this app be used to exchange currencies?
5621	If I want a friend to top off my account, can they?
5622	I am inquiring about why there was an extra fee charged when I used an ATM.
5623	What should I do if I think that someone might be using me card?
5624	When will I see my cash, since I already deposited my check?
5625	Is auto top up available?
5626	What should I do once my card expires?
5627	How do I get another card
5628	Do I need to order a new card if mine is expiring?
5629	How do I dispute a direct debit that I didn't do?
5630	why did my account decline a incoming transfer
5631	Is it free for top ups?
5632	I need to cancel a transaction.
5633	How much does it cost to do a transfer?
5634	What is this extra fee?
5635	Why am I being charged for withdrawing cash but haven't in the past?
5636	The exchange rate for my withdrawal was wrong.
5637	Is there a reason I was charged an extra fee for using the ATM?
5638	Is there any way I can get more physical cards to use with my account?
5639	why is my top up failing
5640	I was charged multiple times at the same location at the same time
5641	I can't find my phone; what can I do to prevent someone from accessing my account on it?
5642	Can you help me figure out what is going on with a debit payment that is showing up on my account I am not sure is suppose to be there.
5643	How do I get a card in the EU?
5644	How do I active this card?
5645	If someone in a different country sends me money, do I have to pay a fee?
5646	I want a new card
5647	Can this app exchange American and English currency?
5648	I need to transfer some money, can I use my credit card?
5649	I forgot my passcode. Now what?
5650	I was declined when I tried to take out cash!
5651	what are your exchange rates at?
5652	Can you tell me exactly what fees I will expect to see in regards to your cards?
5653	I'd like to get a refund for something I bought, is that possible?
5654	Could you inform me as to why I have been charged a higher fee for doing banking abroad.
5655	Help me access the card I already got so I can information from it.
5656	I have a Visa and Mastercard, can I use these?
5657	What fiat currencies are used with holdings and exchanges?
5658	The fee charged when I changed rubles into British pounds was too much.
5659	I need some help, I thought you guys accepted crypto top ups?? It won't seem to let me do it. I put money in my account and now it's gone and I didn't spend it. Where did it go??
5660	Can you give me a virtual card?
5661	Are you only able to get a card if you're in the UK?
5662	Why is there a fee for cash withdrawal?
5663	The ATM took my card.
5664	What is the longest a US transfer should take to appear in my account?
5665	Is a new debit card free?
5666	I must have entered my PIN wrong.
5667	I'm confused. My contactless is suddenly not working anywhere that I try to use it. How do I fix it?
5668	I made an ATM withdrawal over the holiday and then later realized I was charged an exorbitant fee! I never would've made this withdrawal if I'd known I'd be charged so much.
5669	I think that there was an error in calculating the exchange rate. I recently withdrew cash and received much less than expected.
5670	How can I top up my account and which currency can I use?
5671	What all is needed for the identity verification?
5672	How can I know where did my funds come from?
5673	Are there businesses that don't accept this card?
5674	Why is there an identify check?
5675	I have a duplicate payment on my card.
5676	My card got blocked, how do I reset?
5677	Can I check my recent refund in my statement?
5678	Can you please explain the topping up transfer process?
5679	What should I do if I have used all of my PIN tries?
5680	I accidentally put in the wrong pin too many times and now I need to unblock it. Can you assist with this?
5681	There is a charge for 1£ on my statement. I do not think that I bought anything that costed 1£. What is going on?
5682	I would like to get some extra cards?
5683	What are the age requirements for service?
5684	My payment has been declined several times. Can you help me?
5685	Help! I need to transfer something to China.
5686	how to get card pin?
5687	are multiple currencies acceptable?
5688	Are cheques accepted for a top up?
5689	Can I have a friend send money directly to me?
5690	I cannot see the card PIN anywhere?
5691	Why is the transfer showing pending?
5692	Where's the money I transferred into my account?
5693	I think something went wrong with my exchange between Russian Ruble and UK pounds. I was overcharged during the swap.
5694	I made a bank transfer but it doesn't seem to have gone through?
5695	can i see money source?
5696	It looks like I was charged twice for a single transaction
5697	Are there any fees associated with receiving money?
5698	Why is it required to verify my identity?
5699	I don't think my top up worked
5700	Would I get a Visa or Mastercard?
5701	I happened to forget my password
5702	ATMs, which ones will accept this card?
5703	Why wasn't it obvious that you charge for payments? If you put the fees in an easy to read format, this could have been avoided.
5704	You can do that in just a few seconds. Go to account, hit activate, and follow the directions from there.
5705	How can I find an ATM that accepts this card?
5706	Can I get a new card?
5707	How much to exchange currencies?
5708	After my card expires what should I do?
5709	I went to do a transfer and it was declined.
5710	I went to use my new card today and the card was repeatedly declined. I would really like to use this card and need to know what to do about it.
5711	Will you work with any fiat currencies?
5712	Do you deal with EUR?
5713	What should I do? I topped off but the app reversed it.
5714	Where can I located the auto-top up option?
5715	Is my top up not working?
5716	Why is my payment in pending status?
5717	What is the youngest age for an account?
5718	I notice there's a pending payment on my card.
5719	Can you tell me why my top-up was canceled?
5720	Can I change from AUD to GBP?
5721	My top-up is taking a very long time to complete.
5722	A foreign purchase I made has the incorrect rate applied to it.
5723	There are a couple of payments with my card shown in the app that I really didn't make myself. What's going on with this?
5724	Can I get a disposable virtual card?
5725	I logged in wrong and am blocked, how do I log in?
5726	I can't get my virtual card to work at all
5727	I was charged twice for the same thing.
5728	How long is a delivery to the US?
5729	How do I link a new card in the app?
5730	Money was transferred to me and I am unable to see it
5731	Why did I get charged a fee for my card payment?
5732	Where is my PIN?
5733	My top up has failed
5734	Why hasn't my transfer from Europe gone through?
5735	I need assistance with activating my new card.
5736	I am interested in cancelling a purchase
5737	why was i charged a small amount
5738	Why is there an uknown charge showing on my account?
5739	where is this money from
5740	Hi, I made a transfer yesterday that I need to reverse. I need to put the money in a different account.
5741	What do I do when I get close to the expiration date of my card?
5742	I cannot activate my card.
5743	Can other people top up my account?
5744	I ordered a virtual card but it hasn't come through yet
5745	Is it possible to top up with Google Pay?
5746	How can I change to my married name?
5747	Do you do business in the EU?
5748	I have the cash already, my account still shows up as pending. How can my account be still pending?
5749	Hey I double checked that I have the correct account details already, they're right for sure. Transfer is still pending since forever. It's not that difficult to transfer money to another country in 2018 is it?
5750	Is the 1 pound charge going to be reimbursed on my card?
5751	i noticed that the funds were returned to my bank account. What happened?
5752	Where can I use my card?
5753	Why is my payment declined? It looked like everything worked ok and my account was fine.
5754	How long does it take for me to get my new card?
5755	What is the charge for topping up a card?
5756	I want a refund, but I haven't received the item yet. Can I cancel it and get my funds back? How do I do that.
5757	I see a charge of 1L I do not recognize on my statement
5758	What is the fee if I use a European bank for a top up?
5759	What is the reason for my card payment to be reverted?
5760	What are the steps for my friend to send me money?
5761	Can I have another card in addition to my first one?
5762	My wallet was taken and I see that someone is using my card! Please help me!
5763	I just made an order and noticed an extra fee. Why have you charged me this without informing me?
5764	I am not sure how this will work, but I have not received a product I ordered. I want a refund, but should I just cancel the payment?
5765	Why is there extra cash in my account?
5766	Why is the exchange rate for my payment incorrect?
5767	Can you help me? I have a duplicate transaction on my account and I don't understand why.
5768	Can I use my bank account to send me more money?
5769	Is there a reason to why I was charged twice for a transaction?
5770	The amount of cash I received did not match the amount I requested
5771	How fast can you fix an error in payment? I made a payment in the wrong account yesterday and it needs to be adjusted by tomorrow for my rent.
5772	Why are my transfers being declined? It normally works but now it's declining my card. I've tried it a few times but it's still not working.
5773	Why is it taking so long for my pending transaction to post as cleared?
5774	How do I get my card?
5775	Can I add to my account using a cheque?
5776	My Netflix subscription says that there is an issue with my card information, but I thought everything was fine. Why would it be declined?
5777	My top-up never worked
5778	I am using the app, and I see cash withdrawals that I did not authorize.
5779	is there a way to see where funds come from
5780	How come my card payment is still pending?
5781	Talk me through modifying my details.
5782	My top-up hasn't happened yet.
5783	My transaction is showing several times.
5784	What is the way to go about getting a virtual card?
5785	What is the pending payment on my card about?
5786	I have two of the same charges on my account!
5787	I withdrew cash and I think the exchange rate is wrong.
5788	How do I edit my details?
5789	There is a strange charge on my debit statement
5790	I thought I knew my password but I guess I was wrong, what can I do now?
5791	My passcode won't work.
5792	How do I get my card to work?
5793	I thought it was free to make a withdrawal. So how much does it cost now?
5794	Can you find out why my credit card didn't process payment? It was declined for top up so what's the deal?
5795	Is payment required to get a card of my own?
5796	It says "pending payment?" Why is it saying this?
5797	Verify top-up card help?
5798	Can you elaborate on why I have an extra charge just for transferring?
5799	Is there a reason for my top up to be cancelled?
5800	Why are my transfers getting declined? I havent had a problem in the past.
5801	After a transfer, I see an extra fee. Why?
5802	Where is this card accepted?
5803	I was under the impression ATM cash withdrawals were free. Why was I suddenly charged for my most recent ATM transaction?
5804	Can I top off with a debit card?
5805	It seems that the rate I got is incorrect.
5806	I've been waiting for a pending transfer to go through for a while now, and don't see any reason why I've been waiting this long. I know that I have the correct account details, so that isn't the problem.
5807	Why hasn't my friend's transaction arrive yet?
5808	Why has my top up been cancelled
5809	Do I have to go to the bank to change my PIN?
5810	I tried to withdraw 50 pounds but it only gave me 30. Where is the rest of my money?
5811	It's requiring me to verify my identity?
5812	Someone withdrew money from my account, and it wasn't me.
5813	Can you help me process a refund?
5814	I am worried about the amount of my cheque, which should be credited to my account few days before. As i have already sent you the cheque.
5815	I was not distributed the correct amount of cash that I asked for
5816	How come my card payment has been declined?
5817	What's the pending length for credit transactions? I've had one in my pending category now for days and it won't move to processed.
5818	What is the currency exchange fee?
5819	What information am I going to have to have in order to do a transfer with my card?
5820	What currencies are available for my use in holding and exchange?
5821	What do I need to do to correct this failed transfer?
5822	I do not understand why there is a pending 1£ charge on my statement, I do not recall making this transaction. Can you please tell me what this is about?
5823	What is this €1 charge?
5824	I got charged twice for the same payment. Please removed the pending payment. Thank you.
5825	Why did I get a $1 extra fee on the statement?
5826	What, if any, is the limit for auto top-up?
5827	I have tried to submit a transfer a couple of times now, and for some reason, it continues to be unsuccessful. Do you know why this may be?
5828	How can I dispute a debit transaction?
5829	What are the policies of disposable cards?
5830	What am I going to need in order to activate my card?
5831	I have a trip coming up and want to add money automatically.
5832	Can I use visa or mastercard with your service
5833	My account was charged a debit payment I don't recognize.
5834	A payment in my account was made by someone I don't know
5835	Hello, my transfers are getting failed continuously, in spite of the fact that all the recipient details are correct. Please advise.
5836	What is the price for an additional card?
5837	What's wrong with my ID? I can't verify it.
5838	I tried to top up my account and it didn't work
5839	I bought something and want the money refunded can I get some help with that?
5840	Is there a way to see where my money originally came from?
5841	My transfer failed. Help!
5842	I normally have no issues making transfers, so why am I suddenly being told it is not possible?
5843	I'd like more info on getting a virtual card.
5844	Do you not accept crypto transfers from certain places? Because when I tried to do a top up the money just disappeared. Im not sure what to do or what I'm doing wrong, please help.
5845	oh my god I lost my card! what should I do?
5846	my phone was taken yesterday, what should I do about my account?
5847	How do I use American express to top up my account?
5848	Why hasn't my payment gone through?
5849	My money hasn't been deposited yet. When will it be?
5850	Are there any restrictions to where I can use my card?
5851	I don't remember my password
5852	Transfers may show up as pending for up to one day while they are processed by one of our payment processors. Then, they will depart for the beneficiary accounts. Please also double-check that you have entered the correct account details. SEPA transfers can take up to two business days, and SWIFT transfers can take up to five business days.
5853	Why would my payment for my card show as pending?
5854	I am not able to prove my identity
5855	I sent a transfer to a friend that needs it urgently. It has already been 2 hours and still hasn't come through to her. How long does it normally take?
5856	Explain why a card payment would be cancelled?
5857	A payment shows up on the app that I never made.
5858	There is an unexplained $1 charge on my statement, can you please explain this to me?
5859	Why isn't top-up working? My top-up money disappeared after I saw that it was successfully transferred. Is it gone? Where did it go?
5860	How do I see what fees I am supposed to be charged on my account? I've noticed fees on some transactions, but not on others. This is very confusing and I cannot find a pattern to what I am being charged?
5861	Could I get a mastercard if that's reasonable?
5862	My identity is unable to be verified.
5863	What factors determine your exchange rate?
5864	What credit cards do you carry
5865	I was charged and shouldn't have been charged when using my card!
5866	Can I receive my card anywhere?
5867	The app reversed a top off I had. What should I do?
5868	I entered a wrong PIN too many times. How can I fix this?
5869	If I live outside of the UK am I still eligible for a card?
5870	Please sort your top up! My top up has been pending for an hour already. Can you please make it go through as soon as possible. I really need the money.
5871	Three months ago I bought a new house for my cat, fluffy. Unfortunately Fluffy was not a fan of the house and it had to be returned to Pet Smart last week. They said they have sent a refund but it's not there, can you tell me where it is?
5872	where can i have a virtual card
5873	What is the Top up rate charge for using a card in the US?
5874	I really need to top-up my card today urgently but my card keeps getting declined!! Can you please resolve this problem or let me know if you have any alternatives
5875	How do I go about getting a virtual card?
5876	What should I do if I think someone is using my card without my permission?
5877	I tried activating my card and it doesn't work how do I solve this problem?
5878	Where can I find information about where my money came from?
5879	I made a transaction this morning but I need to revert it now.
5880	My PIN isn't working.
5881	I want a Mastercard, instead.
5882	My account shows a direct debit charge that I have never seen before
5883	my phone has been stolen by someone
5884	When will my cheque be processed?
5885	I am unable to activate my card, it won't let me.
5886	Asked for $100 but only got $20. Why would this happen?
5887	How can I edit my personal details in the app?
5888	I see a charge for a direct debit that was not me.
5889	When is my balance going to update, I just transferred some money
5890	Why is the refund not on my statement?
5891	Why was I not able to take cash from the ATM?
5892	Why do you have an identity check?
5893	How long will a transaction to a friend take?
5894	I tried to withdraw cash at an ATM in the city center but my card was declined. The transaction is still showing up as pending - please cancel it!
5895	Hello I am unable to exchange the crypto currency through the app, i am very keen to buy. Please let me know the issue. interested buying crypto currency but i am unable to purchase it through the application,i do want to do the exchange, Could you please let me know what is the problem?
5896	I deposited a cheque and its been days and I still haven't received the cash!!
5897	I ordered something, and now I have buyer's remorse. Since what I ordered hasn't come yet, can you just cancel the payment since I already know I want a refund for it?
5898	I tried to pull cash from an ATM but it wouldn't let me.
5899	Will this card work all over the world?
5900	Why have you declined my card payment?
5901	I tried to withdraw $100, all it gave me was $20.
5902	Where do I scan my card?
5903	Help me order a new card that's going to be expired soon.
5904	Please tell me why the purchase I made online returned payment. I really wanted this item and I've been trying for 2 weeks.
5905	There is a strange 1£ charge that appears as pending on my statement. What's the cause for that? I haven't purchased anything for a pound.
5906	My identity can't be verified for some reason
5907	My card needs to be activated asap
5908	I'd like to use my American Express to place money into my account.
5909	My card still hasn't been delivered
5910	I have one other credit card from the US. Do you take that?
5911	It is extremely important that I cancel the transfer I made yesterday and put the money into a different account. Is this possible?
5912	I think someone might have a copy of my card because a 500 dollar withdrawal was made, and it wasn't me. Can you please help?
5913	I have questions about how to transfer money to my account.
5914	Why is there a direct debit fee in the App when I didn't do it?
5915	My card no longer works.
5916	I am dissatisfied, I would like to close my account.
5917	I tried to make a transfer and it failed.
5918	Is there an additional charge to exchange currencies?
5919	how much does it cost to add money
5920	How can my new card be renewed?
5921	My last ATM request did not go through due to a declined card. Please cancel the request on my account.
5922	How can i get new card?
5923	Could I open an account for children?
5924	Why wasn't my payment to beneficiary X approved?
5925	How can I alteration my PIN?
5926	ATM apparently not working? Couldn't access funds in my account?
5927	I keep checking to see if I've received a refund that I requested from a seller, but I'm not seeing the refund. I need you to help me get the refund.
5928	Someone hacked into my cards account.
5929	I'm not sure where this charge came from.
5930	tell me how to get a refund for something I bought.
5931	When I got cash the exchange rate was wrong
5932	I tried to purchase airline tickets online this morning and my card information isn't working. Is there something going on with my account?
5933	why do you verify the top up
5934	The ATM I used for foreign currency provided the wrong exchange rate.
5935	Why is my card payment cancelled?
5936	I see an extra 1£ charge on my app. Why did It charge me extra?
5937	What are the fees for using transfer to top off my account?
5938	i haven't received my order and want a refund
5939	I noticed that there's a payment on my card that's pending.
5940	Can you please explain disposable virtual cards for me?
5941	What currency can I use to add money?
5942	I see a direct debit that isn't mine? How can I get my money back?
5943	There was an extra fee when I paid with my card, why was i charged this extra fee?
5944	Is there a place to check for fee for payments? I feel like I'm getting charged too much at times.
5945	I needed $100 but all it gave me was $20.
5946	I don't think my transfer wen through. Why?
5947	My account seems a bit off and getting weird charges.
5948	My card gets rejected when I try to use it
5949	What do I have to do to activate my card?
5950	Why is verifaction required for my Identity?
5951	Which countries are supported
5952	What is the process for activating my new card?
5953	I urgently need to top-up my card but its getting declined. Please help me in this or advise with other options if any.
5954	Can it be delivered on a certain date?
5955	The exchange rate you're using is terrible - this can't be the official interbank exchange rate, can it?
5956	Is it possible to exchange currencies on the app?
5957	My PIN got blocked, help.
5958	Why am I charged a fee for getting cash?
5959	Why would my card payment not work?
5960	would I need to pay extra for exchanging currencies?
5961	I made a purchase earlier today but it is still listed as pending- when will it go through?
5962	Can I get an account for my son?
5963	There is a transfer not showing on my account.
5964	I can't use my virtual disposable card
5965	I tried to add a topup to my account but the money isn't there, anymore. Did I do something wrong?
5966	hello I have lost my phone and I'm worried someone's going to steal money from me
5967	Why does it cost more to pay with my card?
5968	how come when i asked for 100 it only gave me 20.00 in the app
5969	What about a auto top-up?
5970	My card isn't working at all. What happened?
5971	My card will expire soon, do I need to order a new one?
5972	why did i get declined transfer
5973	Do you charge extra for duplicate cards?
5974	are SWIFT transfers an option?
5975	Why did I get declined when trying to get cash?
5976	How much does it cost to get more cards?
5977	What do I do to lock my phone after losing it so my account isn't accessed
5978	I just saw a fee on my account. When do these get charged?
5979	Do you have an option for auto top up?
5980	I am seeing a direct debit I wasn't aware of.
5981	I've been trying to transfer funds to top-up my card, but the transaction is not going through. Is there something I'm doing wrong?
5982	Is my credit card supported for top-ups?
5983	The ATM gave me less cash than requested
5984	My app says I made a withdrawal, but I didn't.
5985	What fees are charged for a physical card?
5986	Any extra charges for exchanging currencies?
5987	I think I got charged twice for the same thing
5988	I can't figure out how to unblock my pin number. Can you help me?
5989	I want to activate my card, how do I do it?
5990	limits on top ups
5991	What do I do if I find a debit charge that I know I didn't do in my billing statement?
5992	This fee shouldn't be there after I paid with a card.
5993	you got the exchange rate wrong for my cash withdrawal
5994	Are there charges for cash withdrawals?
5995	I was unable to transfer money from my account.
5996	How can I add physical money to my card?
5997	How long does it actually take my card payment to make it to the account? I've made a payment a couple of days ago but it hasn't moved since.
5998	I'm checking the app and I see a payment that's not mine.
5999	What can I do to make my physical card work?
6000	How do I get money from an ATM using my card? I can't seem to get it to work? I used the pin I had, but maybe it's wrong? What do I need to do to fix this?
6001	I think the exchange rate for my for my cash withdrawal is wrong
6002	I'm in China and really need a new card.
6003	How do i verify my card?
6004	When can I expect to receive my card?
6005	My friends would like to add to my account. What is the procedure?
6006	My top is still pending.
6007	When can I expect my transfer to reach my account?
6008	how do i see what i transferred
6009	I still haven't received my card in the mail
6010	I would like to know why a withdraw I made for some cash shows up as pending.
6011	How long do I have to wait for Europe transfers?
6012	Why has my account balance not changed after depositing a cheque?
6013	I have to make several disposable cards per day.
6014	What is the process for getting an actual physical card?
6015	They said I would get a refund but I don't see it on my statement.
6016	Is there an extra fee to exchange currencies?
6017	How can I exchange currencies with this app?
6018	My app shows a money withdrawal that I did not do.
6019	Why does my identity need verification?
6020	My card would not work at a shop.
6021	My payment has been returned.
6022	I want to open an account for my child.
6023	I bought an item at the wrong exchange rate.
6024	How can I order my card?
6025	What process should I use to transfer money into my account?
6026	Why did my card payment get declined?
6027	I tried to transfer money but it didn't go through
6028	who should i contact if my refund doesn't go through?
6029	I found a direct debit I would like to dispute
6030	My transfer failed to a beneficiary
6031	Can I change my PIN abroad?
6032	Why do I have two charges It should only be one charge?
6033	The recipient can not locate funds.
6034	How long does my top up pending last?
6035	I need to check status as my friend hasn't got money I sent.
6036	Has there been any activity on my card today?
6037	i would like to dispute a direct debit payment
6038	How can I receive money from my friend?
6039	I used my card to top up, but now I don't see the money in my account.
6040	Is there a fee for currency exchange?
6041	What do you require to verify someone's identity?
6042	I cannot tell what my top up currently is.
6043	what is the exchange rate for foreign ATMs
6044	How can I trade currencies with this app?
6045	I'm not in the UK, but can I still get a card?
6046	I have done a transfer within the country the day before yesterday, but it's still not there yet. Can you please check what's going on with that, the account number definitely is the right one, I've checked that already.
6047	I need to close my account. Your company is terrible!
6048	From which age can my kids use your service?
6049	Why was I charged extra on my app?
6050	The top-up I ordered didn't process.
6051	Why are my transfers getting declined?
6052	Do you receive SWIFT transfers?
6053	is the a reason why my transfer has failed?
6054	Hello, a few days ago I transferred my rent check to my landlord, however, he is saying that it has not gone though. On my end everything looks fine and I double checked the account number. Is there anything else that could be holding up the check?
6055	I do not want a VISA card.
6056	Can I use my account although my identity verification has yet to pass?
6057	I need to know the process to transfer money into my account.
6058	What fiat money can I used in the exchange and holding?
6059	I see my transfer was declined.
6060	My transfer didn't complete. Why can't I access funds?
6061	My card expires soon
6062	Is there a charge for exchanging foreign currency?
6063	How do I change my card PIN?
6064	Problem with my top up going through
6065	How long do I wait for a transfer from the United States?
6066	How much does it cost for a physical card?
6067	Why is there a charged fee for debit or credit card payment?
6068	Can I top up with Google Pay?
6069	I need to add money to my account. Can I do so via bank transfer?
6070	I deposited a cheque a week ago but have yet to receive the cash.
6071	How long will it take for my cash withdrawal to no longer show as pending?
6072	I would like to cancel my purchase.
6073	The ATM didn't give me enough money! I asked for more than it gave. What do I do?
6074	Why am I being charged a fee for using my card? If there is some print out of places that charge me can you please send me that?
6075	can i use my app to get a virtual card
6076	I know there's an auto-top option but I can not locate it when I look?
6077	I have a charge I did not make.
6078	If I get another card, what kind of fees am I looking at?
6079	I don't think I made this transaction on my statement
6080	I can't seem to be able to use my card
6081	Exchange rate on a purchase was incorrect
6082	Are refunds allowed for certain items.
6083	So, the card PIN?
6084	I sent a payment but now it's not showing up.
6085	Can topping up be automatic?
6086	Why did I get charged more than once?
6087	I want to do a cash deposit to top up. How do I do this?
6088	What will happen after my card expires?
6089	Is there a fee for topping off a US card?
6090	My transfers keep on getting declined. My card was working fine up until now, however it has suddenly stopped working. Why is this?
6091	Why was money taken for a transfer?
6092	What is going on with it saying my card payment was declined?
6093	What happens if I use my account and my identity verification hasn't finished?
6094	How can I get my money back on an order. I haven't gotten the item yet, so I want to cancel the order. How?
6095	An incorrect exchange rate was applied to an item I bought.
6096	will you be able to activate my card
6097	How do I access the virtual card?
6098	I have trouble proving my identity.
6099	I have a contactless that's broken.
6100	I Withdrew cash from an ATM earlier but it shows up as pending in the app. How can this still be pending, I received the cash already?
6101	My identity verification is not working.
6102	The amount of money I pushed at the atm machine did not come out of the machine.
6103	Why do you need so much information about me
6104	When should I expect my card to arrive?
6105	Hi! I'm a university student studying abroad and I noticed that when I was trying to cross-reference my budget for this month that there were extra fees I was not expecting. Why is that? I've had this account for years and I haven't had any trouble so far, it might not even be on your all's end since I'm still new to international travel and finance, but I wanted to double check in case a mistake was made!
6106	I used the ATM to get money out and did not realize I would be charged as much as I was or I would not have done that!
6107	Am I limited to what ATM I can use my card?
6108	How long does it take for a transfer to show up in my account?
6109	I made a payment a while ago and it is still showing as "pending" in the account. How long will this payment take to complete?
6110	How much is the exchange fee?
6111	I made a cash deposit going to my account but it is not there
6112	Why is there a charge for my transfer?
6113	How can I change my PIN without going to the bank?
6114	What do I have to do to get the virtual card to work?
6115	I need help making this transfer. I keep getting an error. I'm trying to purchase a flat but i need my mortgage payment to go through first. Can you help?
6116	Please explain to me the process of getting a virtual card.
6117	Help, I don't know what the PIN is to my card?
6118	Can I get my friends to add money to my account?
6119	I received a decline message on a transfer
6120	My card is not working at stores.
6121	Can I set up to my account to automatically top up?
6122	Do you have info about the card on delivery?
6123	Why isn't my deposit in my account?
6124	Are there restrictions on disposable virtual cards?
6125	How do I check security settings on my card?
6126	How do I get a new card when my old one expires?
6127	Will I see fees from adding money with an international card?
6128	How old can one use your service?
6129	There must have been a mistake, why was I charged an extra pound?
6130	Can you tell me when my card will arrive?
6131	Why is the payment on my card still pending?
6132	how is it possible to add another card to account
6133	There are two of the same charge on my statement.
6134	Salary in GBP has been received. Does it need to be configured into another place?
6135	Why do my transfers keep failing?
6136	I need to transfer money into this account from my other bank account.
6137	What is the most I can top-up?
6138	My account says I have money but I withdrew it in cash.
6139	How quickly can you get me my card?
6140	I received less cash than the amount I specified in the ATM.
6141	Why is my exchange rate wrong?
6142	My friend would like to send me money. What are the options available to them?
6143	How can I activate my new card? I didn't recieve any information with it about how to do so.
6144	I found my card! Can I link it back into the app?
6145	I tried to top off using the card, but the money just disappeared?
6146	Hi! What documents can I use to verify my identity?
6147	Do I need to speak to a representative to change my pin?
6148	The card payment I made didn't work.
6149	My top-up is not working. Why is that?
6150	I tried taking out 30 pounds from the ATM just now and it only gave me 10. Why would it do that? I need the 30 pounds now!
6151	Where is my pin? I don't have it yet
6152	My top up doesn't work
6153	Can I top-up any amount I wish on any given day?
6154	I see a transfer fee, but to my understand, that should have been free, what happened?
6155	What is the reason why the transfer shows as pending?
6156	my balance has not changed, despite depositing a cheque
6157	How long do you expect me to wait for the transfer? It finally worked out, but has been pending for a long time and it's quite urgent.
6158	If my account is low in funds, can I set an auto top-up?
6159	I'm interested in using fiat currencies, which do you support?
6160	Some cash was withdrawn in the app, but I did not do it.
6161	I made a rent payment from the wrong account yesterday. It absolutely has to go through tomorrow, so can you please reroute the payment to the right account?
6162	What's the deal? Money has just disappeared out of my account. I thought you offered crypto top up and it doesn't seem to working.
6163	Is there a limit for age?
6164	I couldnt transfer money from my account.
6165	Is it possible to get a new card in China?
6166	I just noticed my transfer was declined and I don't know why. Can you help me?
6167	What do i do to get a physical card?
6168	To deliver to the US, how long will it take?
6169	Why can't I withdraw money?
6170	Are there any limits to using disposable virtual cards?
6171	I am worried about fees for top up cards?
6172	Verifying the top-up seems like a hassle.
6173	Is EUR one of the currencies you deal with?
6174	What countries do your accounts support?
6175	Do I have to pay for a physical card?
6176	I made a transfer from my UK account a couple of hours ago. Could you please make sure everything went alright.
6177	I deposited money in the form of a cheque, but my balance has not increased.
6178	I did not get the right amount of cash from the ATM.
6179	There are two of the same charges on my account.
6180	I have my card, when whill my PIN be available?
6181	Do you guys accept cash? Because i deposited some this morning and I can't see it in my account.
6182	With this app, will I be able to exchange currency?
6183	How's the exchange rate?
6184	I can't remember my passcode.
6185	Can I get support?
6186	What is the meaning of a pending payment?
6187	Where's my top up code?
6188	I attempted to enter my pin to many times.
6189	There's a duplicate charge on my account?
6190	Hey there's a fee for a transfer on my account. Why?!
6191	Please help! I was mugged and everything stolen. What do I do to stop them from accessing my account?
6192	how do i find top up for cash deposit
6193	Where are my funds? I topped off my car but it didn't seem to complete.
6194	I am looking to change my adress.
6195	I made a mistake of transferring, can I cancel my previous transfer?
6196	I was mistakenly charged a fee for using my card.
6197	Are there ways for other people to send me money?
6198	What is the amount of time transfers usually take from the UK? I had just completed a transfer and nothing seems to be showing up so I need to be sure things are alright.
6199	why hasn't my virtual card come yet?
6200	Just received a message that my transfer is not possible?? What is going on. I have done this before with no issues.
6201	Why did I get a fee from the ATM?
6202	how come when i got cash the exchange rate was different than it should be
6203	I need to exchange foreign currency will i be charged?
6204	Can I order a new card? Mine is about to expire.
6205	How long do cheques take to post to your account?
6206	I have a card payment I didn't make
6207	How can it be that my Card is not functioning anymore?
6208	can I top up an apple pay?
6209	What's the transfer time from Europe?
6210	I need to verify the source of funds.
6211	Someone else accessed my account and made a payment.
6212	What am I going to need in order to verify my identity?
6213	My source of funds need verification.
6214	Where is the verification code display?
6215	I have a transaction and would like to know if I it's cancelable?
6216	I don't think the exchange rate was right.
6217	Why does my card continually get declined? I thought I had enough money in there but I've tried several times now and it still isn't working.
6218	Can I get the Mastercard?
6219	Can turn my money into another currency?
6220	I would like to delete my account now, please.
6221	I have never been charged a card payment fee before. Why did this change?
6222	Um, my top up didn't work
6223	The terminal I paid at wouldn't take my card. Is something wrong?
6224	Why does the ATM continually decline my card? I've tried multiple times on different machines with the same results. I thought I had enough funds for this, so please help me understand why this is happening.
6225	I need to add more funds to my card today because it keeps being declined, and I need to use it immediately. Can you fix this or tell me alternatives?
6226	Are your cards available in the EU?
6227	When can I expect my new card to get here?
6228	It's been some time ago that I placed an order and it just isn't coming. At this point just give me back my money because I'm not paying them.
6229	I lost my phone. What do I do to block someone else from using my account?
6230	Can I receive payment in another currency?
6231	Do I need to convert my currency from GBP before transferring?
6232	Why haven't I seen the cash from the cheque I deposited yet?
6233	I want to delete my account.
6234	I made a payment but the app cancelled it.
6235	Today I used my card at a restaurant and it was declined. Why?
6236	Is it on purpose that my payment has been returned to my account?
6237	I am unhappy with an item I bought. How do I get a refund?
6238	I noticed a charge for a transfer. Why is this? Is it because I did an international transfer?
6239	The currency exchange for my purchase in foreign currency is incorrect.
6240	Why was I charged twice?
6241	How do you decide what the exchange rates are?
6242	I keep getting an error message when I'm trying to transfer funds! Why aren't you accepting that?
6243	How low does the balance have to be before the system updates?
6244	I have not received a refund.
6245	Can I use my account although the identity verification has not been accepted yet?
6246	I want to cancel my purchase
6247	How long is a top up supposed to be pending, because an hour is too long! Can you fix this to go through?
6248	My card payment was cancelled it seems.
6249	How do I change the details in my account?
6250	Why was I charged this extra fee while doing a transfer?
6251	atm ate my card
6252	There's a payment that isn't mine on my app
6253	I can't log into my account because I lost my password
6254	If I want to can I set up a new PIN?
6255	I have been charged twice this week for a couple of things on my card. Can you please check this out for me and return the double charged items back?
6256	My card is about to expire, what do I do?
6257	I am not supposed to be charged a cash withdrawal fee, but I was.
6258	What are the charges for recieving SEPA transfers?
6259	After making a payment with my card it doesn't seem to have worked. It's just showing to be pending. When will this actually be going through?
6260	How long does it take for a top up to go through
6261	I have a transaction showing multiple times.
6262	What do I need to do to request cash back? The ATM actually just gave me the wrong amount. The app I actually chose the right amount.
6263	Why did my payment fail?
6264	i dont recognise some of these transactions, i think someone has my card details
6265	What is not accepted in order for me to top up my account?
6266	are transfers to a beneficiary possible
6267	I can not find my refund.
6268	I'm being asked for a verification code. Where do I find it?
6269	Can I change my PIN on my phone?
6270	When will the transaction be done?
6271	How long will it take for my top up to work? It's still pending
6272	My refund is not showing.
6273	The ATM didnt return my card!
6274	Looks like my card payment was made twice by mistake. I paid at the store earlier which rejected once, second time it worked. App stays at pending for one of the payments. Can you please remove one of them as it's wrong and clearly was declined?
6275	I would like to reactivate a card and wondered if that could be done?
6276	I got a new card and can't find where to link it.
6277	Let me know when I get charged extra for payments. I saw on the app a fee I wasn't forewarned about.
6278	Where can I use this card?
6279	How do I get a real card?
6280	When I got cash, my exchange rate was off.
6281	I've made more than one attempt to make a purchase and the card keeps getting declined. Why do you keep denying my transfers?
6282	My top-up was cancelled and I am writing to ask if I need to complete the 3D Secure authentication section before I submit it.
6283	Can I make a withdraw in my home currency at an ATM? I'm on vacation and don't have cash with me. This is cause for a bit of concern. Is it possible to withdraw here without additional fees?
6284	Why hasn't my refund appeared on my statement?
6285	Can I choose what card I can use
6286	What is this fee showing up in my account for?
6287	I lost my phone. Can I use my card without the app?
6288	I forgot my code
6289	Why am I charged a fee when using my debit or credit card?
6290	I hope you can help me. My account has been compromised from a different town that I haven't been to. Can you please place a hold on my account until I can make it to the bank?
6291	I made a transfer and according to the receiver "they haven't received the right amount" Its lesser than it should be.Now I have to transfer more money to make up for the missing amount . Can you please help me about this, what should be done ?
6292	Can you lookup my password?
6293	I got married and need to change my name.
6294	Can I top up for free using a European card?
6295	Why was my transaction not approved?
6296	What are the steps to activate the card, as it does not seem to work?
6297	Where's the button to top up with a cheque?
6298	How do I get my virtual card?
6299	I used my card to top up but it's saying it is still pending. What does this mean?
6300	Why do we need to verify top-up?
6301	Are there cash machines where I can change my PIN?
6302	I couldn't pay with my card
6303	I made a transfer and was charged an extra fee!
6304	Who gets support?
6305	I don't know what's going on but all of my transfers keep getting declined. I have checked over the recipient details twice. These details are all correct.
6306	Are there any charges for European bank card for top up?
6307	Why do you need to know so much about me for my account?
6308	Do you take both Visa and Mastercard?
6309	Did I do something incorrectly? Where is my top-up?
6310	How fast are transfers from Europe?
6311	I just got my new card, how do I activate it?
6312	What do I do if my payment was reverted?
6313	Can you tell me where my funds come from?
6314	I bought something this morning and the payment is still pending
6315	Is there any way I could open an account for my daughter?
6316	There's a payment with my card that I definitely didn't do myself, never seen that name before.
6317	I've just made a money transfer to the wrong account, I need to stop the money from being moved as it may be going to someone I don't know. Please can you help?
6318	How long is delivery to the US?
6319	why did my payment revert
6320	What do I do if I can't access the app?
6321	I have my card here with me and someone has just made a withdrawal for 500. Please help!
6322	I must make a transfer from China and it is urgent. How long before the transfer is complete?
6323	Which foreign currencies can I get transferred into my account?
6324	What is the most amount of disposable cards allowable?
6325	Please explain how I use the disposable cards?
6326	I need my purchase cancelled.
6327	My card never arrived.
6328	what documents do i need to verify who i am
6329	I do not recongize a payment in my account.
6330	Can you transfer money to your card by bank transfer?
6331	Will I be charged any fee for receiving money?
6332	How can i reset my passcode ?
6333	Everything seems fine with my account, so why did it decline my payment?
6334	What do I do if there is a direct debit on my account that shouldn't be there?
6335	Hello, in these holidays i have been overcharged on the amount i have withdrawn on one of your ATMs. I did not had any clue about the horrible charges otherwise i would not have withdrawn.
6336	My phone has been stolen.
6337	I need assistance activating my card?
6338	I can't remember my password.
6339	What is the proper way to activate a card?
6340	I have a payment in my statement that is off
6341	No option to top up with a cheque ?
6342	Canceling my order is what I need to do right now.
6343	Will there be a fee if I receive a SEPA transfer
6344	What should I do about a direct debit that I did not set up?
6345	While transferring money, its getting error out as my transfer is not possible. Please help me in this as earlier i was able to do it successfully.
6346	I made a transfer recently but it has not changed on my dashboard.
6347	I made a top up yesterday but it's still pending.
6348	I was charged a transfer fee, why is that?
6349	Why was I not allowed to do a transfer to a beneficiary?
6350	I don't recognize this debit transaction in my billing statement?
6351	Is my card activated?
6352	Why should I have to prove my identity?
6353	I'd like to order another card
6354	What currencies and methods can i use to top up my account?
6355	I want to know which currencies and cards are supported, can you provide a list?
6356	Can you tell me my code to get into the app?
6357	ATM only gave me $20 instead of $100
6358	Are the delivery days flexible? My schedule only allows me to be a available on specific dates.
6359	Is top-up possible with Apple Pay?
6360	I'm having difficulties changing AUD for GBP. How do I do this?
6361	how to i go about getting my virtual card
6362	I have a pending transaction
6363	Can I get a full list of instructions for identity checks?
6364	I want to terminate my account
6365	Why would my card payment get reverted?
6366	Can you provide me a disposable virtual card?
6367	Mastercard is my preferred company.
6368	Can you please help me in canceling my order.
6369	Transfer was declined, could not complete request.
6370	Is there a limit to a disposable virtual card?
6371	Why didn't this transfer work?
6372	Which countries does your service work in?
6373	Will you set a limit to my top-up?
6374	Why was I charged an extra fee when paying with card?
6375	Would it be possible to open up an account for children?
6376	I removed cash from an ATM earlier but it shows up as pending in the app. How can this still be pending, I already received the cash?
6377	How old do you need to be to use the banks services?
6378	Are EUR exchanges acceptable?
6379	How long is US delivery?
6380	You did not give me the correct exchange rate for an item that I bought.
6381	Can you tell me what is wrong ? I top-up with you all the time but this time it just shows my top-up as pending. What is happening?
6382	My PIN tries have run out. Now what?
6383	I withdrew cash and was charged
6384	Who accepts the card?
6385	How long does a transfer take?
6386	How do I set up an account for my children?
6387	I paid two weeks ago and just got refunded
6388	How can I cancel a transaction to a wrong account?
6389	When I tried to pay in a store my card din't work
6390	Can I reactivate my card? I reported it lost and found it this morning in my jacket.
6391	Are there limits as to where my card will be accepted?
6392	My wallet isn't showing my top-up, did I do something wrong?
6393	I want to know about your refund policy.
6394	Does the app allow for exchanges between currencies?
6395	I am wondering about a transfer from a different country that doesn't show up yet?
6396	Is there a limit on making disposable cards?
6397	Has my top-up been cancelled?
6398	How long does it take for a purchase to go from pending to authorised?
6399	When I went to get cash, it was declined!
6400	The payment I made with my card is not showing up.
6401	How do I validate my identity.
6402	Why is my beneficiary not allowed?
6403	How can I check on the status of my new card?
6404	I requested $100 but only got $20
6405	Why hasn't a transaction I did to my friend arrived yet?
6406	Did you deactivate my card it's not working anymore
6407	I reside in the US, but I want a card.
6408	what is the time frame for transfers
6409	I have used all my PIN tries, what now?
6410	What is the length of time for money to reach the account?
6411	Why did the funds for one of my purchase come back to my account?
6412	What are the guidelines for the disposable cards?
6413	do i need to wait to get my card before getting a pin
6414	Will I get Visa or MasterCard?
6415	Will there be a fee to receive a physical card?
6416	I do not know where the transaction is.
6417	Does the app allowing exchanges between USD and GBP
6418	Could I reactivate my card please, I couldn't find it but it turns out it was in my jacket pocket.
6419	I need to cancel a transfer I made.
6420	WHAT IS THE SOLUTION OF THIS PROBLEM
6421	Why am I being told this transfer will not go thru
6422	I sent payment with EU transfer and they still haven't received it. How long does it take?
6423	I made a transfer for my rent payment about 2 days ago, but my landlord hasn't received it yet. It shows as done on my side, and I've double check all account numbers and they are correct. Can you verify that the transaction was actually made?
6424	Are there topping up fees if I have to transfer?
6425	Explain why my card payment wouldn't go through.
6426	Since I just got married I need to change my name.
6427	I was using foreign currency at an ATM, but the rate was typed in wrong.
6428	Is it possible to obtain both a Visa and a Mastercard from you?
6429	I got cash and the exchange rate should have been different than it ended up being.
6430	Can you accept my other card from the U.S.? It is the only other one I have.
6431	Where do I pay with my debit or credit card?
6432	Help me with a PIN change.
6433	I just got a card, how can I add it to the app?
6434	I was recently charged for withdrawing money from my bank ATM. How can that be possible when I haven't been charged for using it before?
6435	What would cause a transfer failure?
6436	I think my passcode was changed
6437	Why was I unable to complete my transfer?
6438	Is the exchange rate the same on weekends as the weekdays?
6439	I need to know where do my funds come from
6440	What systems do you have in place for my security when using my card for everyday purchases?
6441	Is it acceptable to use either Visa or Mastercard?
6442	How are your exchange rates calculated?
6443	I'm happy with Mastercard and want to stick with just that credit card.
6444	How long will my transfer stay pending?
6445	How many transactions can I do with a disposable card?
6446	I need assistance completing a transfer. I'm trying to purchase a flat and need the money for the initial mortgage payment. I keep getting an error and the transfer is not going through. What is going on here?
6447	Can I get a card even though I live in the US
6448	Give me a refund
6449	What are the disposable card limits?
6450	I'm still waiting for the top-up!
6451	I could not get my card to work at a shop.
6452	Is a physical card also available
6453	How can I get my PIN unblocked?
6454	I was needing you to see if the exchange rate is correct from when i got cash
6455	It's been over a month and i still haven't received my goods! I ordered a pencil for crying out loud, it's not that hard to deliver that! I'm done with these people, give me a refund immediately! I'll search for my Japanese exclusive pencil elsewhere!
6456	My transaction has not been received. When are you going to process it?
6457	When will my cash withdrawal show/
6458	Why is my top up not completing?
6459	Why isn't my payment showing?
6460	where can i deposit a check
6461	Do cash withdrawals cost anything?
6462	My transfer seems to be too expensive.
6463	Why hasn't my cash been deposited yet?
6464	I'm still waiting for my card.
6465	Hi need your help for getting the refund or cancel the payment of an item, i have ordered but still have not received it.
6466	Where are the cards transported to?
6467	Is there a way yo change my PIN?
6468	I'm not sure how disposable virtual cards work. Please help.
6469	WHAT IS THE ATMOSPHERE OF IT
6470	My money transaction can't be seen by the person I sent it to
6471	My card seems to not be working at all.
6472	I haven't received my pin
6473	My exchange rate was wrong for an Item I bought!
6474	I think I am a victim of fraud. I noticed there was a charge on my account that I didn't do because I haven't touched my card today. Can you please reverse the charge and refund my money?
6475	My payment for my card is not working
6476	Hello. I bought an item a while ago, and have since requested a refund. However, upon checking my online statements, it seems that I haven't been issued a refund yet. How can this be remedied?
6477	is a transfer to a beneficiary allowed?
6478	I want to top up from my Apple Watch, can I?
6479	Tell me why my topup wouldn't go through?
6480	What do I have to do to prove my identity?
6481	Can you check if my money has reached my account since it is not showing up yet?
6482	I was charged a fee when I transferred my funds, why?
6483	I mistook my pin and now I am locked. Can you unlock me?
6484	Can I allow other people to top up my account?
6485	My last name has changed and I need to update my account details.
6486	I'm interested in learning more about disposable virtual cards.
6487	How long do transfers to international banks take? I made one to france a couple of days ago, but it's still not there.
6488	Does the exchange rate change each day for purchases? There is a different rate on my purchase.
6489	Can I exchange an item for a refund?
6490	need help with google pay top up
6491	Can you tell me what are disposable cards for?
6492	In my statement, I got a €1 extra fee.
6493	How do I go about ordering another card?
6494	How do I fix a payment that was reverted
6495	I think something went wrong, I didn't get the right amount.
6496	Why is there a €1 charge on my statement?
6497	I believe my top up did not work.
6498	Is there an issue with my card payment as it has not gone through.
6499	The app is showing mt withdrawals that aren't mine.
6500	Explain why my top up has been reverted please.
6501	Tell me if there is a top-up limit.
6502	I don't understand why I'm being charged for using my card.
6503	For what reason is my transfer still pending now?
6504	I'm going on holiday to France for 6 weeks with my family and the cat, Fluffy. I just purchased €10,000 from a currency exchange to ensure we don't run short but there appears to be a fee. What is this for?
6505	I bought something abroad and the exchange rate applied is wrong
6506	My account was charged twice for one purchase
6507	Why is there an extra charge on my statement.
6508	What is the maximum times I can auto top-up?
6509	How can I revert a transaction from this morning?
6510	Are you Visa or Mastercard?
6511	What is the wait time for delivery to the US?
6512	Unknowingly to me the payment sent to seller has been redeposied back in my account. I do not know why it would take out the payment and then put it back in my account. Can you resolve this as soon as possible?
6513	What does it mean when a payment is pending?
6514	Will I be charged for adding money by transfer?
6515	If my card expires next month, will I need to order a new one?
6516	Will I have to pay extra to exchange money?
6517	I do not like this, I made a simple transfer but I have an additional charge for doing so.
6518	Are physical card available?
6519	Why is my friend not getting a transaction arrival yet?
6520	Is there anywhere In the Eu this card can not be delivered in
6521	Is there a longer processing time for international bank transfers?
6522	Why haven't I been given a virtual card yet?
6523	Why have I been charged an extra £1?
6524	I have a cash withdrawal in my statement. Why is that?
6525	How many ATMs will take this card?
6526	Do I need to verify my top-up?
6527	I forgot my PIN number.
6528	Hi I'm waiting for a refund for an item I bought. I have contacted the merchant directly but had nothing back. Can you tell me whether or not you are able to refund me for the item?
6529	What is the exchange rate for EUR?
6530	Am I allowed to get an account for my daughter?
6531	i tried to do a transfer to an account but it didn't work
6532	I want to return an item for a refund can I do that?
6533	I tried transferring to an account but it won't let me.
6534	What can I do about a direct debit transaction on my card that I didn't make?
6535	I have yet to receive the cash I added to my account this morning.
6536	I set up a payment to a new payee and sent some money but the person I'm sending it to has not received it. Can you check where the money is?
6537	I want to know where my money comes from.
6538	My top up is still pending
6539	Why was I charged for a cash withdrawal at the ATM?
6540	I can't get the virtual card to work
6541	Are there limits with top-up?
6542	Can I already use my account although the identity verification has not passed yet?
6543	Is there an age limit for opening an account?
6544	Can I have a supplementary card?
6545	Hello I changed my mind and really need a refund on one of things I bought recently. Can you please cancel the transaction and get me my money back. Pls it's urgent
6546	Do any of your machines provide cash from my home country? I don't have any money on me and I'm on holiday so I'm concerned. Also, will I be charged anything to do this?
6547	I'm looking at my statement, and my refund is not on there.
6548	google pay top up did not work
6549	What caused my top-up to be returned?
6550	My wallet was just stolen and I see my account already has a withdrawal. Can you please help me.
6551	Why would a transfer to an account not be allowed?
6552	Is there a way I can get my card expedited?
6553	I can't see a verification code anywhere
6554	Why was my top up cancelled?
6555	I have a cash withdrawal on my statement that I am unsure of.
6556	Is there a tracking number for the card?
6557	I would like a physical card sent to me.
6558	why wouldnt the atm give me money
6559	When I used one of the ATMs in the city centre today, I tried to take out some money, but for whatever reason, the machine declined my card. Just checked it out in my account and that amount is still showing as pending! Is there any way that you can cancel this transaction, because I did not receive any money whatsoever from the ATM
6560	I tried to make a payment with my card and it was declined. Why is it pending?
6561	I am seeing in the app, some cash witdhrawals that I did not authorize.
6562	Why isn't my google pay top up working?
6563	Please tell me why I am having problems transferring to a beneficiary.
6564	I accidentally made a payment to a wrong account. What should I do?
6565	What do I do if there is an electronic debit that is not correct?
6566	How soon will my balance be updated to reflect my transfer?
6567	I have a strange transaction on my account which appears to pertain to a cash withdrawal I made outside Nandos in Leeds. What is that for? Is it fraud?
6568	What do I do if i accidentally broke my card?
6569	what I need to verify my account
6570	Will the PIN come separately?
6571	If I wanted to change my PIN, how would I do that?
6572	My payment has been declined!! What's going on, I thought everything was alright and working well?
6573	I would like to make a purchase, however my card has been declined. I would like to ask the reason for this. The past two weeks, the card has been working fine.
6574	I'm having an issue with transaction. I topped up my account and saw it went through, but that was a few days ago and the money isn't in my account any more. What's up with that?
6575	Can I change my pin through the app?
6576	Why isn't my balance updating? I did a bank transfer and it isn't current.
6577	My card failed to work when I was shopping in a store
6578	Why didn't my transfer work?
6579	Can you please check my UK Account to make sure everything went alright? I made the transfer a couple of hours ago.
6580	My card is expiring soon, How do I order a new card?
6581	Is there a way to track the delivery of my card?
6582	I need to reverse a transaction
6583	Since I got married, I need to change my name.
6584	What do I do about my expired card?
6585	I'm panicking! I lost my card! Help!
6586	How do I get my card PIN?
6587	I really wanted to buy something online but seems the card is not working as the payment suddenly came back! What's going on here, I've been trying for a good week or two.
6588	An ATM swallowed my credit card!
6589	Someone stole my wallet with my card in it while vacationing in Spain. I really need my card blocked and a new one ordered.
6590	Why isn't my cash deposit showing up in my account?
6591	What documents do you need to verify my identity?
6592	I am not satisfied with your company. Close my account.
6593	I have made a recent check and cash deposit that isn't reflected in my balance.
6594	In the app, how can I make it show the new card that arrived?
6595	How do I get my card out of the ATM?
6596	How long before a bank transfer shows up in the account?
6597	How long do bank transfers take to clear
6598	I was declined when trying to withdrawal cash!
6599	I've tried many times to make a payment, but it's not going through. What's wrong?
6600	I attempted to top-up with my card this morning, but the transaction was unsuccessful. I received the card two days ago and was successful using it previously. Could you please help me?
6601	What is the max amount of top-ups?
6602	How fast can I transfer something from China?
6603	I'm still awaiting for the completion of the transaction.
6604	Can I use an auto top-up option?
6605	Which locations can I withdraw money from?
6606	My transfer is pending too long.
6607	What are the places that you deliver cards to?
6608	We want to start a college fund for my daughter.
6609	Please tell me the types of currency I can hold.
6610	how can i exchange currencies
6611	Where can I have a new bank card sent to China?
6612	Why did you charge me extra?
6613	I was unaware of the additional charge that was added onto my previous payment. A notification of extra charges would be appreciated in the future.
6614	How can I switch on my new card?
6615	How much is the limit for top-ups?
6616	I no longer want this can i cancel my purchase?
6617	how long does it take to get my card i am in a rush
6618	How can I receive my salary with a different currency?
6619	I just pulled money out of the ATM and was charged a fee, WHy?
6620	your company is awful, i would like to delete my account please
6621	how do i track the moeney
6622	How long does it take to receive my card?
6623	A false direct debit payment is showing in my app
6624	My app statement shows I took out cash from an ATM but I did not. What can I do?
6625	Why can I not transfer money into my account?
6626	Will I need a new card or can I put my old card back into the app?
6627	Where is a ATM that accepts Mastercard?
6628	How do I track the card you sent to me?
6629	the bank transfer was declined
6630	Which countries do you support?
6631	Still waiting for transfer to be completed.
6632	Why couldn't I make a withdrawal from the ATM?
6633	Can you please explain why my transfer failed?
6634	Why is your exchange rate different on different days?
6635	I am getting charged fees on some payments. Please help me understand, where are these fees disclosed?
6636	Why is my transaction taking so long to complete?
6637	A random charge got added to my card
6638	I didn't see the money I added to my card.
6639	There are fraudulent charges that I didn't make on my card. Can you please put in the safeguards necessary to stop this from happening anymore?
6640	Where can I change my PIN?
6641	I put some money in my account the other day and it's not gone in yet, can you help with this?
6642	My new card is here, what's the process for activating it?
6643	I was charged extra. Was the exchange rate for my payment last Saturday wrong?
6644	I am travelling and I was wondering what your exchange rates are
6645	I am having to wait for my transfer to be fully processed. It seems to be taking a very long time in the pending phase. What is the normal turn around time that I can expect to see it completed?
6646	How is the exchange rate doing?
6647	Will there be extra charges regarding to adding money into my international card?
6648	Can I still access the app even though my phone was stolen?
6649	Why wouldn't a transfer go through?
6650	It says pending status for my payment. Why?
6651	Someone stole my account, there's a withdrawal but it wasn't me, can we put a stop to it please?
6652	Why didn't the money I transferred into my account get added to my balance?
6653	With my credit card i would like to transfer money.
6654	There are some charges that I don't recognize. It happened days ago. Can I get these charges back? Should I cancel my card?
6655	Can I order another card?
6656	What countries are you located in?
6657	Is there a reason my new card hasn't arrived yet?
6658	the exchange rate is wrong from something I got in another country
6659	Do you take checks?
6660	I was just giving the wrong amount by the ATM. How do I request cash back at this point? The app is showing the amount that I actually requested even though that's not what I got.
6661	Is USD free to top up with a US card?
6662	What is the extra fee that was added when I used the card?
6663	My statement does not reflect that a refund has been issued
6664	Do you know the reason why my card payment was declined?
6665	I do not understand what this particular direct debit is ?
6666	My card is about to expire. Where do I get a new one.
6667	Why didn't my card payment work?
6668	Why is there a payment showing twice?
6669	How did the extra charge on my card come in effect?
6670	I see I was charged extra when I used the card. I am not sure why, please tell me why.
6671	Can I transfer my payroll to the bank?
6672	Can i set up an auto top-up?
6673	There's an extra fee on my statement, why is that?
6674	I keep trying to use my card to buy some things and you keep declining it. Why? I've tried multiple times to make it go through but it won't.
6675	Can I use a disposable virtual card for any purchase?
6676	There was an extra fee on my account when I got cash.
6677	How long will my transaction take?
6678	I think my card is being used by someone else to make purchases that I didn't authorize! I checked my account and see that there have been quite a few purchases over the last two days that I have no idea where they came from. We need to freeze my card now! And I need to find a way to get my money back.
6679	Can I change my PIN at any cash machines?
6680	Help! The app has an ATM withdrawl that I didn't make.
6681	I got charged two times for a transaction
6682	I cannot get my google pay to work.
6683	Should my top-up be completed by now?
6684	passcode retrieval
6685	How do I change my AUD into GBP?
6686	How quickly can I transfer something to China?
6687	Please list the countries you support.
6688	I've got a repeated tranasaction on my card.
6689	I purchased something and the seller hasn't received the money yet, but it has been deducted from my account.
6690	Why can't my ID be verified?
6691	I haven't received my virtual card yet, do yo know why?
6692	Are cards from the US accepted?
6693	I cannot use my PIN.
6694	I was overcharged an additional pound.
6695	My beneficiary didn't receive my transfer
6696	Is it possible to get both Mastercard and Visa card from you?
6697	There is a payment that i made that i noticed has not gone thru yet. Can i ask why?
6698	I would like to know which fiat currencies are recognized by your organization.
6699	I think I lost my phone. Is there a way to prevent anyone from getting into my account on it?
6700	Am I allowed to change my PIN anywhere?
6701	What happened to my top-up? I think it was cancelled.
6702	I wanted to purchase some crypto. The app will not let me. What's going on here? I really want to make this exchange.
6703	How do I fix a transaction to the wrong account?
6704	I think there may be something wrong with my card. I have never had issues with withdraws before, but this morning on the way to work it was suddenly declined.
6705	My card payment has been declined
6706	Am I able to change my PIN at certain cash machines?
6707	My google top-up pay is not going through
6708	I was told I would be getting a refund but I have yet to see it
6709	Not living in same place, need to change details
6710	How do I know where my funds come from?
6711	I need to order a new card as my other one was stolen.
6712	Show me how can my friends top up my account.
6713	I contacted the seller for a direct refund last week but he still hasn't give me my money. What should I do?
6714	I am still waiting on my card?
6715	Can I use this card at any ATM?
6716	I answered so many questions about my identity. Why do you need this info?
6717	Help! I think someone has made a cash withdrawal with my card!
6718	I think my card has been compromised in some way.
6719	I'm waiting for a money transfer to show, still.
6720	How many different cards can I have for my account?
6721	Can you tell me why my top-up failed?
6722	What does the decline message mean
6723	Is there a fee for paying by card?
6724	Is there an alternative to a physical card?
6725	I have an incorrect charge and would like a refund.
6726	In my app, a direct debit payment I didn't do shows in my app
6727	I'm using the app and I noticed a payment that I didn't make.
6728	Why was I charged a fee for my withdrawal?
6729	I have withdrawn cash from the ATM but it is showing in my account as a pending transation. Why is this?
6730	Hello. Can you help figure out why the recent transfer from my UK bank account isn't showing up?
6731	Why can I not get cash from the ATM?
6732	I topped up about half an hour ago and the charge is still pending. I'm a new customer and today is my first time doing this. Can you fix it? It doesn't seem to be working.
6733	Is there an age limit to when my child can use these services?
6734	My payment was put back, I think.
6735	What's my limit for topping up?
6736	They is a payment I don't recognize on my statement.
6737	What are my bank details so I can do a transfer?
6738	My card payment didn't work
6739	Please help me as my online payment is getting declined since yesterday while i am trying to purchase something online.
6740	Are there any hidden extra fees for currency exchanges?
6741	my payment was rejected, do you know why?
6742	i am not a premium customer but i want a virtual card, how do i get it
6743	why do I need to show ID
6744	why verify the top up? it doesnt make sense
6745	I should not have been charged a fee for cash withdrawal.
6746	Can you tell me more about limits to disposable virtual cards?
6747	Where can i find my top-up verification code?
6748	Is there a reason that my transfer failed?
6749	My money disappeared right when I tried to top up
6750	I transferred some money but the balance stayed the same.
6751	I wasn't able to use my top up card because the money I put on there wasn't there anymore
6752	Can you tell me what this cash withdrawal is?
6753	How can a payment be declined
6754	What should I do if I can't use my card?
6755	I believe my top up is still pending
6756	How much longer do I have to wait until my transaction is complete? I transferred money to another country many hours ago and the transaction is still pending.
6757	I noticed an extra pound charge?
6758	Why am I being charged certain fees? I noticed a fee after I withdrew some money for groceries earlier today.
6759	Can you please explain why my beneficiary is not allowed?
6760	What is this witdrawal
6761	Why was I charged a fee for withdrawing money?
6762	My card payment is just showing up as pending since forever, what's going on with that, it should be going through at some point?
6763	Help me figure out how to link the new card.
6764	How do I add an existing card to the app?
6765	what are the steps to activate my card?
6766	Can I request a refund
6767	Would you give me a mastercard and visa?
6768	I used my card and there was a fee
6769	Do I have a choice for a Mastercard?
6770	I tried to withdraw cash from the ATM machine and it did not work. Can you tell me why?
6771	I am not happy with your company. Please delete my account asap.
6772	My payment was stopped
6773	It's been more than a week since I had a return charged to my card, why hasn't it showed up?
6774	I use GBP for my salary deposits. Must I set this up somewhere?
6775	I accidentally exceeded my PIN tries. Please advise.
6776	Why won't you let me name X as a beneficiary?
6777	I need to exchange a currency - can I do that here?
6778	What do I do if I think someone has used my card?
6779	I could not get the top-up to go through
6780	Where can I find the verification code for a top-up?
6781	How long until transfers complete?
6782	Can you tell me what currencies I can use to add money?
6783	I haven't received my transfer funds yet, where are they?
6784	why is a transfer to beneficiary not possible?
6785	I don't have my card in 1 week. Should I be worried?
6786	How do I fill out the identity check?
6787	Where is my top-up generated from?
6788	The app doesn't believe its me.
6789	I topped up last night but don't have any funds, why not?
6790	I tried paying with my disposable virtual card earlier but it was rejected. What can I do to fix this?
6791	Why didn't my payment process
6792	Is it possible for me to top up with cash?
6793	My source of funds require verification.
6794	How can I reset my darned PIN number?
6795	My address needs to be changed.
6796	What is going on? My balance still hasn't updated and it has been two weeks since I deposited my money!
6797	When I'm traveling is it possible to add money automatically at certain time points?
6798	I did not receive the correct amount of cash.
6799	Why isn't my refund showing up?
6800	I would like to cancel a transfer
6801	After I used my card I saw I was charged a fee for using it
6802	Why hasn't my money transfer shown up yet?
6803	Why was I charged for getting cash?
6804	When I went to $100, all the machine would give me was $20.
6805	can you tell me where to find the top-up verification code?
6806	Are you available in my country?
6807	If I ordered my new card last week, how much longer should I wait to receive it?
6808	I need another card for a member of my family. Is this possible? How soon can I get one?
6809	My withdrawals were going smooth until I got declined today. What is going on?
6810	Explain top-up cancellation
6811	I prefer Visa, can I get that instead?
6812	Is there any way i get a disposable virtual card as well?
6813	i put money on my card and i dont see it on the balance
6814	Hi, Last week I have contacted the seller for a refund as directed by you, but i have not received the money yet. Please look into this issue with seller and help me in getting the refund.
6815	Why have I been charged a small fee to use my card?
6816	Why are you asking so many questions about me?
6817	I see a direct debit transaction that I didn't make.
6818	How long does it take for cards to be delivered after ordering them?
6819	How do I authenticate my top-up?
6820	It seems that something went wrong with my exchange. I changed Russian Ruble into UK pounds but have been charged entirely too much!
6821	Can you tell me about why the account I have was charged an extra 1$
6822	The money disappeared when I tried to use my card to top up.
6823	My transfer did not work, what was the reason?
6824	My top up did not complete.
6825	Why was I charged a higher exchange rate when I bought something abroad?
6826	Why are fees charged for cash withdrawals? I went to withdraw some money earlier today after shopping. There's a new fee that there.
6827	What do I do if someone used my card without my permission?
6828	I tried to make a transfer but it failed. will you tell me why?
6829	What ATMs accept my card?
6830	Do you have to be 18 to make an account?
6831	Why can't I complete my transfer?
6832	I must quickly transfer something from China, and I need to know how long it will take.
6833	I was wrongfully charged one pound.
6834	Why didn't the ATM give me all my money
6835	I need a disposable virtual card. Please tell me how to order one.
6836	how do I speed up identity verification?
6837	Do you deliver the PIN separately?
6838	I transferred money but the balance hasn't changed.
6839	I'm unhappy with the exchange rate your cash transactions.
6840	Now that I have my card, how do I connect it to the app?
6841	my payment was rejected
6842	I want to reactivate my card, I found it after thinking it was lost.
6843	Why is top up not working if I use my American express with my apple pay?
6844	A cash withdrawal has been done that I didn't do.
6845	Can I order a card?
6846	Where is the top-up verification code sent?
6847	I am inquiring about your auto top up feature.
6848	Why was my transaction declined?
6849	I paid with my card and ended up being charged a fee.
6850	If my PIN number is rejected, how do I solve it?
6851	There is a payment showing that I know I didn't make. I didn't use my card that day and I'm sure of it. Can you please cancel that transaction and return my money? Thankyou
6852	I see cash in my app but I did not get it.
6853	What are the steps needed to top up with Apple Pay?
6854	It appears my top-up has not gone through.
6855	How do you come up with your exchange rate
6856	I am unable to get cash from the ATM
6857	How old do you have to be to open an account?
6858	can i get a virtual card online
6859	Why is there a fee associated with card use?
6860	If I bought something I didn't like, can I get a refund?
6861	Where is an ATM?
6862	I would like to give another card to my daughter, how can I proceed?
6863	I can't see my Google Pay top up. Is it not working correctly?
6864	My refund has not yet been credited on my statement
6865	May I change my PIN?
6866	I'd like to make a SEPA transfer to my account, but will I be charged?
6867	How do I get money from friends?
6868	I got less cash than what I specified for through the ATM.
6869	Hi, I lost my phone yesterday, what can I do to stop someone using my account on it?
6870	I forgot my phone at the hotel, so I can't access the app.
6871	I have made 5 attempts to make a very standard survey, yet I can't get it to work. What is the problem? Is there an issue related to your system?
6872	How long until the card arrives?
6873	When did you start charging to make a withdrawal? How much is it now? I always thought it was free.
6874	I forgot what my pin number is and now am blocked can you help me get in?
6875	What to do if my card has been used without my permission?
6876	I made a purchase but never expected to see a fee charged for the transaction.
6877	What do I need for activation of my card?
6878	Why was my transfer stopped ?
6879	Will you please help me get my card back?
6880	Is it possible to hold money in multiple currencies?
6881	need to know where money comes from
6882	I already paid to top-up but the funds aren't available yet, where are they?
6883	I only have one other credit card from the US. Do you accept that?
6884	Where do I get a disposable card
6885	Hello. My credit keeps being declined, last night and again today, as I try to buy something. What is the status of my card?
6886	How do I link the new card that I just got from you guys?
6887	Verify my source of funds?
6888	I was not able to use the ATM to get cash
6889	Where is the PIN number found?
6890	Will I be charged a fee for topping up using a European card?
6891	How do I find out what countries you service and what countries you do not?
6892	How do I exchange currencies with this
6893	My money is gone :( I had topped up recently and saw it was there and went through, but now it's disappeared, what's going on?
6894	Mastercard is preferred to me.
6895	The exchange rate for my cash withdrawal was incorrect
6896	Is my daughter eligible to open an account?
6897	Looks like my card payment was made two time by mistake. I went to pay at the store earlier which rejected once, second time it worked. App is on pending for one of the payments. Can you please remove one of them as it's wrong and clearly was declined?
6898	It looks like someone besides me ordered something with my card, what should I do?
6899	Why did my exchange rate change?
6900	I made a transfer from France two days ago now but there hasn't made it there yet. Do international transfers take longer?
6901	Please tell me if I'm going to be charged for sending out more cards?
6902	Why are you not accepting my transfer!! I've tried a couple times already now and it just keeps showing an error message
6903	Is there a way to use a cheque to top up my account?
6904	Is there a list of ATMs that take this card?
6905	Online banking is not showing my cheque or cash deposit so the balance is incorrect.
6906	What are the charges for receiving a SEPA transfer?
6907	Do you send more than one card?
6908	What is the number of transactions for one disposable card?
6909	The exchange rate was messed up from the ATM
6910	My ATM withdrawal was cancelled
6911	What are the age limits for your service?
6912	Is there a charge to use a Top up card in the US?
6913	What on earth is up with the exchange rate! This should have been a much higher amount of cash
6914	You advertise no fee when paying with a card then my statement shows a fee.
6915	I recently transferred money to my account when will it show up?
6916	Can I schedule future top ups?
6917	How can I change my address?
6918	What steps do I need to take for the identity checking process?
6919	How long will a transfer from Europe take?
6920	Is there a way to lookup where funds came from?
6921	Why would I be charged an extra fee while doing a transfer?
6922	Can I have a second card issued to another family member?
6923	how come i was declined
6924	How much does top up fees cost?
6925	Please tell me how to verify my top up card.
6926	Transfers from the US how long will the wait be?
6927	Can I have more than 2 disposable cards?
6928	What businesses can I use this card with?
6929	how to track the card you sent
6930	Why did I get charged for withdrawing cash?
6931	Since when do you charge to make a withdrawal? I've always done it for free. So how much is it now?
6932	Is my transfer pending?
6933	I'm still waiting for my transaction.
6934	Can I use my virtual card for recurring monthly payments?
6935	How do I find out how or where this transaction on my account came from?
6936	How long do I wait for my PIN
6937	Where do I top up?
6938	Why am I still waiting for a transfer?
6939	I've just moved and I need to change my details
6940	What do you require for identification verification?
6941	Can you please tell me why my cash withdrawal is still pending?
6942	I would like to know why so much identity information is required?
6943	Why does it say my transfer failed?
6944	My money is nowhere to be found? I talked up earlier and seen it. Now it has vanished. What is going on?
6945	Is there any cost to change foreign money to local?
6946	Why didn't my transfer to a beneficiary go through?
6947	Google Pay isn't working. What is wrong?
6948	My payment had a wrong exchange rate.
6949	A payment I didn't do shows in my app
6950	Can you tell me why my transfer is pending still?
6951	The exchange rate was incorrect for this item I bought.
6952	What do I do after my card expires?
6953	With my new card, how may I activate it?
6954	At what age can I open an account?
6955	Why isn't my card working? I was pumped to use my new card but it keeps getting declined. Help please.
6956	Is a bank transfer acceptable for topping up my account?
6957	A transfer was not allowed to an account.
6958	What do I need to do to verify my funds?
6959	I can't see the transfer that I put in.
6960	When will my account receive the money?
6961	Can you tell me why my card isn't letting me make purchases online? It's been 2 weeks I've been trying.
6962	My cheque deposit didn't seem to work.
6963	How do I go about getting an actual card?
6964	i have yet to get my pin
6965	can the delivery be specific to my needs?
6966	Can I make a contactless payments?
6967	How do I go about topping up with Google Pay?
6968	What if I need to use GBP instead of USD?
6969	The exchange rate was incorrect for an item I bought.
6970	I purchased something abroad, and the exchange rate that was applied was wrong.
6971	What currencies does google pay top up accept?
6972	My balance didn't change after I transferred some money.
6973	I'm wondering how long it takes for my money to get to me after a bank transfer.
6974	Can you deliver the PIN separately?
6975	My card has been lost! help!
6976	Next time maybe let people know that buying things from another country costs extra. I used my card to purchase an item from another country and I was charged for the item and also an extra fee it looks like. I wasnt aware of this and I think I should get a refund.
6977	Is there a specific date it can be delivered by?
6978	I want to create a new pin.
6979	Using your app, would I be able to exchange between USD and GBP?
6980	Why did I get charged a fee, I thought it was free?
6981	This disposable virtual card is not working.
6982	Someone might have had access to my card.
6983	Why was I charged extra when paying with card?
6984	Is there a fee for transferring money
6985	I want to start using my card.
6986	I need to know the if there is a limit on the amount for auto top-up.
6987	I wanted to know why there is a transfer of mine pending.
6988	There is a debit paymet that I don't recognize.
6989	Can I change my PIN without going to a bank?
6990	I want my purchases cancelled.
6991	I need to refund my item, can you please help?
6992	I have lost my phone or it has been stolen.
6993	Can I verify my top-up card?
6994	Where can I use a disposable card?
6995	I have moved to a new house and set up a rent payment to my landlord, it was supposed to be in her account a few days ago but it hasn't arrived. I definitely sent it to the right place, can you confirm where the money is?
6996	Are there any limit on the auto top-up?
6997	The transger I tried to make failed.
6998	What is the $1 transaction on my account?
6999	there is a charge i dont recognize
7000	What steps are taken to transfer money into my account?
7001	There is some odd 1£ charge that appears as pending on my statement. What's that about? Pretty sure I haven't purchased anything for a pound there.
7002	A transfer is pending.
7003	Is there a limit to using a disposable virtual card?
7004	Please double check my card - withdrawal was working fine so far, but this morning on the way to work it suddenly got declined!
7005	My card has been pending for a while, what should I do?
7006	The transfer on my account is not showing up.
7007	Are there virtual cards
7008	How come I got blocked for entering wrong pins?
7009	How many transactions can be made with a disposable card?
7010	what is the status of my refund
7011	Are there any limits if I use these virtual cards?
7012	What other currencies can I hang onto?
7013	What is the limits on the number of disposable cards I can have?
7014	I'm in Austria right now, but I really need to change my PIN right now. Can I do this even though I'm in another country?
7015	I didn't receive the correct amount of cash
7016	I got a message that I cannot name X as a beneficiary.
7017	My actual card isn't functioning.
7018	When will a refund post to my account?
7019	where is my new card?
7020	Where is the refund on my statement?
7021	What currencies can I use?
7022	What is my source of funds?
7023	Top-up is not working
7024	The rate applied to my foreign currency at an ATM was incorrect.
7025	Can you tell me why my pop-up is still pending?
7026	When can I expect the transfer to be complete?
7027	Explain how to verify my identity?
7028	What forms of ID should I use for verification?
7029	I transferred money from one account to another account and I charged a fee for it. Why is that?
7030	I found my card. How can I put it into my app?
7031	Is it possible that my card payment was reverted?
7032	I cant get money out of the ATM with my card. I just put my card in the ATM but it will not allow me to take any money out. What do I need to do to fix this?
7033	I think someone saw my PIN and I am on vacation in Spain, can I change it locally at an ATM?
7034	why wont my american express work to add money
7035	Will I have to wait much longer for my new card to arrive?
7036	My card wasn't working in a shop
7037	Can you tell me why my card payment did not work?
7038	Could I get a MasterCard and Visa from you?
7039	Could you please help me? I made my rent payment and have double checked that I sent it to the right account. The person receiving it says he has not received it but it shows complete on my side.
7040	Someone might be using my card that is not me.
7041	Who do I contact if there is a direct debit that I did not create.
7042	I don't understanfd how to top up
7043	Someone besides me might be using my card.
7044	My product was faulty.
7045	Why do you have the identity check
7046	Why is the exchange rate different from what I expected?
7047	There is a payment made with my card that I don't recognize at all.
7048	Why did I only get $20 now the full amount I wanted?
7049	For adding money, which currencies do you accept?
7050	How can I periodically check the delivery of the card you sent?
7051	What apps can I use to top up my account?
7052	Can you point me in the right direction of where to go to roder a disposable virtual card, I can't seem to find it.
7053	How do I see the source of my money?
7054	If I was travelling abroad, would I be able to hold currencies in euros?
7055	Is it possible to get a physical card?
7056	Can I top up with cash
7057	I got cash abroad and need to check the exchange rate
7058	Why is my physical card not working?
7059	Why do I see an extra fee on my statement?
7060	For some reason, I'm unable to transfer funds.
7061	Are all fiat currencies supported?
7062	I desperately need to transfer something from China, Please give me the wait time.
7063	How long will it take to transfer something to China urgently?
7064	I need to change my phone number.
7065	I want to exchange USD and GBP with the app
7066	Can I directly deposit my salary to this account?
7067	My cash withdrawal is showing as pending, why?
7068	Why are you charging for cash withdrawals? I went to withdraw some money earlier today after getting my groceries, and it appears there is a fee that wasn't there before
7069	How to I close my account?
7070	How can I change my PIN? Help.
7071	is it free to add money to my card
7072	Why can't my beneficiary get access?
7073	Help me verify my identification.
7074	Where in the app do I go to make my new card show up?
7075	I made a transfer to my friend earlier and she hasn't received it yet. What's the hold up?
7076	How come I can't find my payment?
7077	Why was I charged when taking out money?
7078	I'm not happy with the services I'm getting with this company. Can you please delete my account?
7079	How can I Use thereto-top option?
7080	What does a transfer cost?
7081	Where can my card be used?
7082	I have to verify my identity. What do I need to do?
7083	Please help me get a Visa card.
7084	How do I activate my card that just arrived?
7085	Can someone assist me with activating my new card?
7086	Using Google Pay, can I top up?
7087	I made a cash deposit to my account but i don't see it
7088	Why can't I get my top up to work in Apple Pay?
7089	My credit card was declined for top-up. Can you see if there is enough funds in my account?
7090	Can I let other people have access to my account in order to top up?
7091	I would like to use one of my cards for a family member. Is that allowed?
7092	is there a reason i need to verify top up
7093	I just lost my wallet and I think someone is using my card to withdraw my money. Can you please cancel or freeze my card?!!
7094	I deposited a check yesterday and im not seeing it posted yet in my account. why is that? can you look into it?
7095	I'm interested in what your exchange rates are based on.
7096	Is there a problem that makes my payments show pending?
7097	Why hasn't my withdrawal shown on my statement?
7098	Can both Visa and Mastercard be chosen?
7099	I tried my PIN too many times
7100	For the disposable cards, what are the restrictions?
7101	Is it possible for a transaction to be cancelled?
7102	My card is stolen. Help!
7103	When are you going to transfer the money?
7104	How many days do I have to wait for the transfer to reach my account?
7105	The ATM won't let me take out cash
7106	I can't find the money I just added to my account.
7107	I think the exchange rate for the cash I withdrew was wrong.
7108	Why are there multiple transactions showing for one purchase?
7109	The transfer that I was trying to complete was declined. What was the cause?
7110	Is there a charge for getting more cards?
7111	How long does it take for a card to arrive?
7112	Help Me! I lost my card. What should I do?
7113	to cash withdrawals charge me?
7114	I don't know what this Direct Debit payment is.
7115	Someone has copied my card. I have my card with me, but someone just made a 500£ cash withdrawal. Please help now.
7116	I don't understand what a disposable virtual card is, can you help?
7117	My statement contained a one pound extra fee
7118	Are there virtual disposable cards?
7119	I lost track of my card
7120	There is a card payment that I'm not recognizing.
7121	where do I go to top up with cash?
7122	Can I create my own top-up limit?
7123	I need to know what is going on. I'm attempting to purchase a flat and need the money to pay on my initial mortgage payment. I'm only getting an error. Can you find out what's going on and help in making the transfer?
7124	i've waited 2 days for a transfer to reach a retailers account, am i going to have to wait longer.
7125	I tired to get cash in the ATM but it was cancelled
7126	How old do my kids have to be use this?
7127	Can an American resident apply to get a card?
7128	Sort your top up out please! It's been pending since an hour already, can you please make this go through asap I really need the money
7129	How old must I be to open an account?
7130	I just transferred some money into my account and do not see it updated yet, can you assist?
7131	A shop I go to didn't let me pay.
7132	Can you see my new balance yet?
7133	Today I noticed a charge for an ATM withdrawal on my account. Can you please fix this? It's supposed to be no charge.
7134	I want to change my PIN.
7135	Is there a limit on the number of times I can use a disposable card?
7136	how do i get a refund for a direct debit payment i didn't make
7137	What is the exchange fee that is charged?
7138	I have to make more then a few disposable cards per day.
7139	I would like to exchange currency What types are there?
7140	how many transactions can go on a disposable card?
7141	I am unable to prove my identity
7142	Why i'm I being charged an extra pound
7143	My card was lost on vacation, I don't know where it is. Can you help me take care of this immediately?
7144	I don't want to buy this car anymore, can I cancel the transaction and get a quick refund back?
7145	Please help! The app won't let me cancel a money transfer. I accidently sent money to an account that wasn't mine. I need this cancelled immediately.
7146	How long will my payment be pending?
7147	What are your supported countries?
7148	IS there anywhere that a card cannot be delivered?
7149	When will I be able to see my refund?
7150	My money disappeared! Please help??
7151	Will I get a visa or Mastercard?
7152	I need a refund for something I bought.
7153	Please help to explain to me why my new card was declined when I tried to use it at my grocery store this morning to pay for the items I needed. I tried three times to use it and it kept being declined. I was very embarrassed standing there trying to buy my groceries.
7154	For SEPA transfers, what kind of charge will be applied?
7155	Am I going to be charged for topping up by transfer?
7156	Please cancel the latest ATM charge on my card as my card was declined earlier today and I did not receive that cash.
7157	Why is this not letting me exchange crypto? I need help making this transaction go through.
7158	Can I make transfers before my identity verification?
7159	the product is not working, can I get a refund?
7160	How to a go about ordering a disposable virtual card?
7161	Why did I get charged when getting cash?
7162	I cancelled my card payment
7163	I am entering my passcode but getting an error.
7164	I would like to know what your exchange rates are.
7165	How do I top up my account using transfer?
7166	How do I get my money back for something I bought?
7167	Do you have any card fees if I want to add money using an international card?
7168	Tell me how to replace my expired card.
7169	I want to deposit funds, what payments are accepted?
7170	Do I get to have one of those virtual cards I've heard about?
7171	How many cards am I allowed?
7172	I needed cash from the ATM but I couldn't get it.
7173	I topped up but the app declined it
7174	Ive been trying to use my card for two weeks now to purchase somethings online but nothing is going through. It keeps returning my payment to my account. There shouldn't be anything wrong with my account, is it the card?
7175	My transfer says pending. What does that mean?
7176	Balance is not up to date.
7177	How much are the rates of exchange?
7178	I have a direct debit on my records that is strange and I need help.
7179	Can I get money out of any machine?
7180	Do you offer free ATM withdrawals of ones hometown currency while on holiday?
7181	Would you please check my Card. As Withdrawal was working fine so far, but this morning suddenly got declined. Can you please check the problem?
7182	The exchange rate was wrong in the foreign country I got cash in.
7183	Can I exchange USD and GBP from the app?
7184	The exchange rate is incorrect for something I bought
7185	Which countries are you in?
7186	Help me verify my identity.
7187	Is a SWIFT transfer acceptable?
7188	where do i find out about exchange fees
7189	I made a bank transfer and the balance hasn't updated yet.
7190	Which ATMs accept Mastercard?
7191	I was issued a new card a week ago but still haven't received it. How long will it be until I receive it?
7192	When will my refund come through
7193	What are acceptable documents to prove my identity?
7194	I changed the currency, but why is it costing more?
7195	I have not seen any changes in my account balance(s) after making a transfer.
7196	Why have I been charged more than once for the same transaction?
7197	I think that the exchange rate for the withdrawal of my cash is not right.
7198	i needed money for a night out with the girls but i was declined, why?
7199	How can I exchange GBP for AUD?
7200	Why is the transaction not posting?
7201	What is the source of funds for my money?
7202	My automatic top-up was unsuccessful
7203	I got cash from an ATM earlier but it shows up as pending in the app. How can this still be pending, I already received the cash?
7204	Does it cost extra to send out more than one card?
7205	How can I get money in my home currency while I'm traveling internationally? I wanted to take it out of a local ATM but am worried that I will get charged extra fees.
7206	Why are you charging me fees for using my card?
7207	You charged me more than once for the same transaction!
7208	I took out money, and didn't get all of it.
7209	Someone may have made an error in figuring out the rate of exchange. I should have received more cash than I did on my most recent withdrawal.
7210	What do I do if I think someone has used my card without permission? I can see a few transactions I don't recognize.
7211	What time will a transfer from the US take?
7212	The cash abroad exchange rate is applied wrong.
7213	Why is my card being declined at the ATM? I have tried multiple ATMs and i keep running into the same problem. Could you verify that everything is okay with my account?
7214	Please help me with the amount that i have withdrawn from the ATM today, the ATM has given me wrong sum of amount, and i could see that the app is displaying the greater amount than taken out.
7215	When I received my cash; they had my exchange rate incorrect.
7216	Is this card available to United States Residents?
7217	how long will it take for my transfer to stop pending
7218	Would it be possible to activate my card?
7219	How do a reverse a duplicated charge?
7220	I want to get a Visa
7221	Where is the PIN for my card located?
7222	explain the virtual card
7223	Cancel my transfer, please.
7224	Hello, I made a payment with my card and it's not working. It's been a while and still says its pending. Can you tell when this will go through?
7225	Will my employer be able to pay me with this service
7226	How is an exchange rate calculated?
7227	What is the cost for currency exchanges?
7228	I got charged twice with a duplicate card. How do I resolve this?
7229	My account is devoid of funds. Am I permitted to submit additional money via bank transfer?
7230	Am I able to have a card sent to China?
7231	There was a problem with the exchange rate on a purchase.
7232	If I order a new card, how much will it be and how long will it take me to get it?
7233	I would like to use cash to make a top-up?
7234	I have been charged twice for the same thing!
7235	I need to know what your exchange rates are.
7236	How long does it take for something to be delivered to the U.S?
7237	I have a transfer from the US, How long is the wait?
7238	My identity can't be verified.
7239	I didn't make the direct debit payment on my account.
7240	I moved and would like to change my address.
7241	How can I check for an unsupported merchant for my transfer request?
7242	My marital status has change, I got to correct my name to reflect that.
7243	I am still waiting on my bank transfer
7244	Why is the payment showing as pending from things I bought this morning?
7245	Is there an extra fee for using an ATM?
7246	I have been charged a pound for something that appears on my statement
7247	I have zero dollars in my account. Can I submit additional funds via bank transfer?
7248	Can you tell me the status of my new card?
7249	I want to top up by card, what do you support?
7250	I seem to have been charged to much for my holiday purchases, the exchange rate is wrong.
7251	There was an extra fee when I paid with the card.
7252	I have a problem with my account. I tried to transfer some funds and the message came back declined. Can you help me?
7253	I need some help now please! There are some transactions on my account that I do not remember purchasing. Can they be reversed? Can you please cancel or freeze my card so I don't keep getting charged?!
7254	The ATM is showing it gave me the money I requested but I didn't get that amount.
7255	A few hours ago I made a bank transfer from my UK account but I don't see that it has arrived. Can you check and see if all is ok please?
7256	Hi, I have withdrawn cash from the ATM on holiday and i guess withdrawal amount has been overcharged. I did it as i was not aware of these charges.
7257	How long will it take to verify my account?
7258	Someone stole my card!
7259	I just replaced my phone but how do I use my card information?
7260	There is a withdrawal on my account that I don't remember initiating.
7261	Yesterday, I made an incorrect payment to the wrong account for my rent payment. I need this addressed as soon as possible and the funds transferred to the correct account by no later than tomorrow.
7262	The ATM I'm standing in front of only gave me 10 pounds rather than the 30 pounds I wanted. The app shows I took out 30 pounds also. What do I need to do to fix this?
7263	How do you find the exchange rate?
7264	I heard that you support more than one type of fiat currency, would you tell me which ones please?
7265	Could you explain why my card payment did not work?
7266	My app shows a direct debit that isn't mine.
7267	I've been waiting ages and my PIN hasn't gotten here.
7268	I need to make several disposable cards per day.
7269	My phone is lost I don't want someone to use my account, what can I do?
7270	I want to take some funds from my other bank account and add them to this one.
7271	the exchange rate for my withdrawal is wrong
7272	Can i make transactions before identity verification?
7273	There is an extra small charge on my card! What do I do?
7274	Is there a fee that comes with transfers?
7275	My card payment is just showing up as pending since forever, what's going on with that, when should it be going through?
7276	My top up is incomplete.
7277	What happens if my card payment is cancelled?
7278	I need a number of disposable cards everyday.
7279	Which foreign currencies do you accept for adding money?
7280	Why is top up not working for my apple pay app
7281	I got my American Express in Apple Pay, why is top up not working in my country?
7282	It looks like my card payment might have been reverted.
7283	Is there any reason why my card didn't work when I tried to top up?
7284	Why hasn't my top-up finished pending yet?
7285	How do I go about getting a refund?
7286	Transfer could not be completed due to being declined.
7287	Why hasn't the transaction I did to my friend arrive yet?
7288	I believe my card payment has reverted
7289	How can I look at where my available cash is coming from?
7290	I attempted to get cash in the ATM but I was denied
7291	Where do I go to reset my passcode?
7292	It won't let me prove my identity.
7293	How many times can I make a top-up?
7294	Where is my card?
7295	Where can I get a physical card?
7296	After trying to update my account balance yesterday by cheque it doesn't seem to working. Shouldn't the process be quicker? I need my account looked at because there appears to be a problem.
7297	how can i add money from my amex card
7298	How to exchange my currency
7299	When will my card come? I need it as soon as possible!
7300	Two days ago I did a transfer to another account within the country. It doesn't appear the transfer went through. I have verified the account number several times. Could you please check on this for me?
7301	Is my card working? It's the first time I tried using it I tried to get money out of an ATM, but got nothing.
7302	Why am I not allowed to transfer money to my cryptocurrency exchange?
7303	How can I tell the source for my available funds?
7304	I have made a payment by my card, and its still pending since a long time. Could you please tell me when it will process.
7305	Can I get a new card with new expiration date in China?
7306	Why would my payment still show as pending?
7307	What countries can I use my account in?
7308	I made a purchase recently but I have decided that I'm not buying it and I need to receive my money back. Can you please give me a refund ASAP. It's extremely urgent.
7309	If my salary is in GBP, do I need to do something?
7310	I have not received my card and it's been a week, what do I do?
7311	Where can I find out how to transfer money into my account.
7312	I finally got my card. Now I want to link it. Is that something you have to do or can I do that?
7313	What do I need in regards to identification?
7314	Why is this payment pending?
7315	i do not know what this charge is for
7316	My mother deposited a cheque into my account last week, why is it still not showing up?
7317	How long does a transfer take to reach one's account.
7318	What is my password?
7319	I noticed my card was used in a small town that I have never been to. Can you stop the card from being used more?
7320	Help me find the transfer that I did.
7321	Why can't I see my top up?
7322	Why is there an extra pound charge that is pending?
7323	I just made a transfer from France 2 days ago. It has not yet reached my bank. Is it possible it takes longer because it was an international transfer?
7324	Is there a reason my cash withdrawal was declined?
7325	My account is blocked because I entered the wrong pin too many times. Help me unblock.
7326	My card is about to expire. Are there any costs with a replacement card? How quick do you mail it to me?
7327	What can i pay with out fees
7328	What happened to my cash deposit?
7329	i need to top up by card.
7330	Help me. My phone has been lost or stolen!
7331	Hi, would you please activate my card?
7332	Why wont the other bank take my money?? Is it not good enough?? There's sufficient funds but I keep getting denied a standard transfer. Ive tried 5 times!
7333	I have received my American express in apple play, looks like top up has an issue, please help?
7334	Can you do exchanges of EUR?
7335	Why is my card payment still a pending transaction?
7336	I noticed an extra fee when I paid with my card.
7337	I need help proving that this is really me and to verify my identity.
7338	I need to change my personal details in my account.
7339	There are charges on my card that I haven't purchased.
7340	Tell me about the limit for top ups.
7341	If I see a payment in the app that I don't recognize, what should I do?
7342	Are there limits on the virtual cards?
7343	Why is there a charge for $1 on my account?
7344	I need my PIN, where is it?
7345	What fiat currencies are supported?
7346	I have a payment that I didn't make.
7347	what is the exchange rate when i get cash
7348	I need my card to be activated right now.
7349	My cash deposit isn't in my account. What happened?
7350	How do I start an exchange between GBP and AUD?
7351	A transaction is showing more than once.
7352	Can I use your app to exchange USD for GBP?
7353	My bank card has expired, how can I get a new physical card?
7354	How long do you have to wait to see your virtual card your ordered?
7355	can I be charged for topping up by card
7356	Why didnt my top up go through
7357	If my top-up didn't transfer, what went wrong?
7358	Are there fees for using an international card to top up?
7359	What happens when I money transaction doesn't show up on the receiving side?
7360	I tried to withdraw some money from an ATM this morning but wasn't able to get the amount of cash I needed. The amount in the app says what I was trying to withdraw was deducted, but I don't have any money. What do I do about this?
7361	I prefer mastercard.
7362	Can I use my card while on vacation overseas?
7363	I was charged a hidden fee when I paid with card.
7364	There was an extra fee when I was at the ATM. Why?
7365	My transfer is failing when I try to do it.
7366	My app says I withdraw funds from my account through an ATM.
7367	I have a payment that hasn't went through yet.
7368	I don't have my mobile device and am unable to make the payment because I forgot my details.
7369	My card payment is showing up as pending for a very long time, what's going on with that, it should be going through at some point?
7370	Can you tell me how do I get a card?
7371	Why is checking my identity important?
7372	I didn't make this payment!
7373	Am I charged if I make a top-up?
7374	I need a second card, can I have more than one?
7375	When will it be delivered to the US?
7376	Hi, I made a transfer from France two days ago and thought it would be here by now. Can you give me an update please?
7377	The exchange rate applied was incorrect when I was traveling outside the country.
7378	Do I have a card PIN?
7379	A transfer has to be cancelled.
7380	I did a transaction this morning and now I want to cancel it.
7381	What do I do to get ahold of my own card?
7382	I visited the ATM but got less money than what I requested. Why?
7383	I need to get a card, but I live in the US.
7384	Can it add money every so often automatically while I travel?
7385	I attempted a transfer, but it failed.
7386	My money is gone. I had topped up recently and saw it was there, but now it's disappeared, what's going on?
7387	What flat currencies do you use for holding and exchanges.
7388	I'm trying to make a payment to my new landlord. Even though the payment was sent a few days ago, it isn't clearing on their side. Can you verify that payment has been made?
7389	A payment is pending
7390	Why are top-ups being verified?
7391	I noticed the currency exchange rate was incorrect after paying for something in a foreign country.
7392	How do I go forth on transferring a sum of money from one account to another?
7393	One of my payments was doubled
7394	Are all European currencies available for holding and exchange?
7395	I think someone may have cloned my card or something. My card isn't lost but I just saw a charge of $500 cash withdraw. Can you help me?
7396	I attempted to top up my car today, it failed! I just got it a couple of days before and it worked then. What is going on with it?
7397	Do you have a list of the cards and currencies supported?
7398	How can I cancel my transfer?
7399	I tried transferring to an account but it didn't go through. What happened?
7400	Bank transfer to account did not show up, please help?
7401	How can I tell where the money came from?
7402	I don't have the means to prove my identity.
7403	I got less cash than what I specified at the ATM.
7404	Please check my payment from last Saturday as I feel I have been overcharged on the exchange rate. Thank you.
7405	I was given the wrong exchange rate when getting cash
7406	Why hasn't the money I transferred into my account shown up yet?
7407	How much would it cost me for a bank transfer to top up my account?
7408	The passcode isn't working for me.
7409	I was trying to use contactless earlier, but it didn't work.
7410	Is there a reason why top-up needs verifying?
7411	I want a refund on this.
7412	I see a direct debit transaction in my app that I didn't make.
7413	Why am I seeing a direct debit thats not mine?
7414	Someone made a mistake on my money transfer because I was charged extra fees.
7415	I have a card payment that I don't recognize. What should I do?
7416	If my cash withdrawal is still not showing, is something wrong?
7417	Your card pin can be changed at any Visa or MasterCard ATM with Pin services, excluding countries such as Belgium, Luxembourg, Austria, Germany, Spain, and France.
7418	I want to transfer money with my credit card.
7419	What are the restrictions on the virtual cards?
7420	Why didn't my transfer complete?
7421	I placed my order a week ago. Is it ok that my card isn't here yet?
7422	How can people transfer money to me?
7423	Why couldn't I transfer funds to my beneficiary?
7424	I did not ask for the amount of cash that I received.
7425	What do I do if my card expires soon?
7426	How can I receive money from someone?
7427	Can you make sure I get a MasterCard and not a Visa?
7428	I transferred some money a couple days ago but haven't received it yet. How long should I expect to wait?
7429	Is it possible to get a Visa and Mastercard from you?
7430	Can I get my money back on an item?
7431	I tried topping up for the first time today since I am a new customer. It doesn't appear that it's working. It has been pending for at least half an hour. Please take care of this.
7432	I cannot seem to use my card.
7433	Can my teenager have an account?
7434	Please tell me how the exchange rate is determined. I was expecting more money for the transaction.
7435	top up for my american express card is not working
7436	Can i receive transfers from my employer this way?
7437	Can I use a Visa or Mastercard?
7438	Please help revert my transaction from this morning.
7439	Can you tell me the countries you operate in?
7440	what steps do you take to check identity
7441	How much for an actual card?
7442	Does it matter if I use Visa or Mastercard?
7443	Looking at my account I've noticed a charge that appears to still be in progress. I had attempted to get money out of the machine earlier but the machine seemed to have been broken. I never received my money so will you please look into this for me? I don't want to be charged for money I never actually received.
7444	Why did I not get the amount of money I requested?
7445	Where can I find the auto-top option?
7446	Card payment is showing as pending
7447	A wrong amount of cash we sent to me.
7448	Payment I didn't do.
7449	Good afternoon. I made a transfer from my UK bank account. I haven't seen anything on the account in the pass few hours. Please check the account to make sure everything is fine.
7450	I just got my new card. How can I activate it?
7451	Is there extra fees for making a withdraw in a different country at a cash machine.
7452	What's the amount that I can top-up?
7453	I want to replace my current PIN.
7454	Please can i get a disposable virtual card as well?
7455	I want to take back my transaction
7456	What is the reason I couldn't do a transfer to a beneficiary?
7457	I was charged twice for a few things this week when I only bought one. What do I do?
7458	Do you have any age limit?
7459	My refund has not shown up in my account. Where is it?
7460	I got cash abroad and the exchange rate applied is wrong
7461	I have been charged an extra fee when buying from your store. Why is this?
7462	Please explain the charge of 1L in error. I have purchased nothing in this amount.
7463	What are the reasons for a declined transfer?
7464	How much are the fees for adding funds using an international card?
7465	Why was my card payment reversed?
7466	Can I have more than one card?
7467	How long before transferred money shows up?
7468	Why wouldn't my withdrawal go through?
7469	I found my card again. Can I put it back into the app?
7470	Can someone please explain to me where my source of funds came from?
7471	Can you please check the exchange rate when I was getting cash?
7472	What is the normal time to make an international transfer? I made one a few days ago that still hasn't arrived.
7473	Why did I only receive this much currency?
7474	There is a cash withdrawal on my statement that I did not make
7475	A receiver made me aware that they did not receive the full transfer that I made. The amount was showing to be a bit less. I now have to make a second transfer just to make up the difference. Can you reach out and let me know what's going on?
7476	Can I keep using my card after it expires?
7477	Can my friend send me money if it is not in US dollars?
7478	I can't find out how to top-up my account using cash.
7479	Where can I find a Mastercard ATM?
7480	My purchases from this morning are showing up as payment pending. Can you tell me why?
7481	I want to reactivate my card, I thought I had lost it but I found it.
7482	Do you accept all cards and currencies?
7483	My card was supposed to arrive, but hasn't?
7484	Is there a fee to top up a US card using a debit or credit card?
7485	I have not used my card all day, however, there is an unusual payment showing in my app. I would like to have that amount reimbursed.
7486	When do i activate auto top-up?
7487	Why was I charged a fee for debit or credit card payment?
7488	What do I need to do for a refund?
7489	Please send me a disposable virtual card.
7490	The wrong exchange rate was applied to me while pulling out cash.
7491	My salary is in GBP. Do I need to configure this somewhere?
7492	How much can I withdrawal in one month without incurring fees?
7493	My card is about to expire. What do I need to do to keep using my card?
7494	Will there be a cost if I exchange currency?
7495	Do I pay extra for exchange?
7496	My card payment has been stuck on pending. What is the problem? It should have gone through by now.
7497	Why did I get charged extra?
7498	Why wouldn't the ATM give me my money?
7499	I cannot find my refund on my statement.
7500	I tried to make a top-up and it was canceled, why is that?
7501	I need to make a transfer from Europe, how many days does this take?
7502	Is the card welcomed by everybody?
7503	An ATM machine didn't give me back my card.
7504	Why isn't this accepting my identity?
7505	I wish to cancel a transfer
7506	What does it mean when a transfer is "pending"?
7507	What's the deal with verifying the top-up?
7508	what is the most money i can top up?
7509	I did a transfer to my account, but it hasn't shown up
7510	I would like to reactivate my card that I previously reported lost. I located the card this morning.
7511	Can money be exchanged from one currency to another?
7512	I left my card at a restaurant and now its missing.
7513	I thought crypto top up with something you offer. This is not working. The money has been deducted from my account. Can you find out what's going on?
7514	Why can't I transfer money to a beneficiery?
7515	What is going on? I have checked over and over and the details of my account are right. Why is my transfer still pending? It's 2018 not 1818. Transfering money to another country can't be that hard.
7516	What are my payment options?
7517	Are there restrictions to transfers to certain accounts?
7518	I want some extra physical cards.
7519	Where is my money that I transfered?!
7520	Do you supply both Visa and Mastercard?
7521	Where did my top-up go? I can't find it in my wallet
7522	How do I know which payments I make will have additional fees? Where can I find this information online?
7523	Can I top up my account with Google Pay?
7524	Why did I get a different card then requested?
7525	Why was I denied the option to transfer money to a selected beneficiary?
7526	What do I do if my card gets broken?
7527	My credit card for was not approved for a top-up transaction. What happened?
7528	I want to get few more physical cards
7529	Cash withdrawal has been pending, why is it so?
7530	Do you also have this extra fee on your statement?
7531	Am I able to stop a transfer?
7532	In the app I see a direct debit that I don't recognize.
7533	stolen phone, what should i do
7534	Can I transfer money to my card via bank-transfer?
7535	My account says I have a pending transfer.
7536	What other fiat currencies can I use?
7537	I live in America, but I would like a card.
7538	My card don't work.
7539	I need to change my contact information.
7540	I was informed that transfers were free. I noticed I have a fee but why?
7541	Why was I charged a fee for withdrawing money off my card?
7542	I'm trying to use my Apple Watch to top up my google pay. Do I need a special app?
7543	Is there a way to revert a transaction?
7544	Where can I find the verification code for the card top-up?
7545	when does my balance update for a transfer
7546	The correct exchange rate wasn't given to me for an item I purchased.
7547	Why was the wrong rate applied when I bought something in a different currency?
7548	Are these cards available in europe?
7549	I need more than one disposable card
7550	How can I access my account when I have lost my phone?
7551	Why hasn't my card payment cleared yet?
7552	My topping up didn't go through.
7553	Can I get a card although I'm not in the UK
7554	Where did the money I deposit go??
7555	Do you have a list of cards and currencies you support?
7556	I just received a new card, where do I go to link it to my account?
7557	Is there a fee for european bank cards?
7558	I have a cash withdrawal that I do not recognise.
7559	I'm seeing a direct debit payment that is not me.
7560	Can I write a cheque to top up?
7561	Is there a charge for receiving money?
7562	I accidentally made a payment from the wrong account yesterday. It's my rent payment, and it's very large, so the account I paid from won't be able to cover the amount. It's really important that the payment be made from the right account?
7563	What is the extra fee on my statement?
7564	How can I request cash back? The ATM just gave me the wrong amount that I've been charged though...
7565	I think someone may be using my card.
7566	There are duplicate transactions on my account
7567	What is the appropriate age for my child to be able to open an account?
7568	I know this very late, but I just went through my statements from the last couple months and there's one quite large-ish payment that I definitely haven't made. Is it still possible to dispute it?
7569	Which countries do you work with?
7570	There is a payment on my card that I do not recognize. I've never seen the name on the transaction before.
7571	Transfer isn't working?
7572	Where are the virtual cards?
7573	My card isn't here yet.
7574	I was charged for getting cash.
7575	Can this app take my salary?
7576	Can I use a different currency with my salary?
7577	I was made to pay an additional pound!
7578	Hi, i just topped up my phone and the money was deducted but it seems to have deducted the same amount again! please help!
7579	i didnt put that money in my account
7580	I would like to have a physical card to carry around and use. How can I get one?
7581	My money is gone. I had topped up recently and saw it was there and went through, but now it's disappeared, what is happening?
7582	I need to exchange my GBP to AUD, how would I do this?
7583	Do you have an auto-top function and how do I use it if so?
7584	Why on earth is the exchange rate so bad? Can I get a rate closer to the actual interbank rate?
7585	my card was frozen due to putting in the wrong pin too much. how many tries do i have
7586	I've been to several different countries, can I exchange the cash with a discount for a large transaction?
7587	I requested a refund from a seller a while ago, but when I check my statements it doesn't show up. Can you help me get my refund.
7588	Does your app allow currency exchanges between USD and GBP?
7589	Can I use a different bank ATM than my own?
7590	What's the exchange fee?
7591	Can my friends top up my account?
7592	Is there a reason why my virtual card won't work?
7593	i need help, i lost my card
7594	What is the reason a transfer shows as pending?
7595	I have been charged twice on my statement.
7596	For what reason can I not transfer money to a beneficiary?
7597	Am I able to get a refund for something I bought?
7598	Should i uninstall the app before i try it again?
7599	I was charged twice for the same purchase!
7600	Are there top up charges for US cards?
7601	How is top-up verified?
7602	Can I electronically transfer funds into my account from my American Express?
7603	I can't see all the refunds in my statement
7604	I did not receive my full withdrawal amount
7605	After I make a payment, how long will it be before it transitions from "pending" to complete?
7606	I asked for a certain amount of money from the ATM, but it gave me a different amount. Less than what I asked for.
7607	how much to get my card in 2 days?
7608	How can I prove the source of my funds?
7609	Why is my withdrawal from the ATM still showing as pending?
7610	What do I do if I already had a card with you guys?
7611	I just bought an item and would like to stop payment can you tell me if the item has been sent yet?
7612	Can apple pay handle top up exchanges?
7613	When I was drunk I got my card stuck in your machine because i mis-typed my PIN. What do I need to do to get it restored?
7614	where is the code for verifying the top up card?
7615	Where are the cards delivered to
7616	Is there a tracking number for the card you sent me?
7617	Can it add money automatically while travelling
7618	I withdrew some cash and the exchange rate seems to be wrong.
7619	How do I activate my card so I can start using it?
7620	How can I deposit money to my account?
7621	I was charged an incorrect exchange rate for a withdrawal.
7622	If I were to do a transfer, what is the rate for that?
7623	What do I need for the identity verification?
7624	I want to transfer money. How do I do that for my account?
7625	Can I give a second card for this account to my daughter?
7626	My card is expiring so how fast can I get a new one and how much will it be?
7627	I'd like my account to be deleted. I'm not satisfied with the service you provide.
7628	How do I order another card?
7629	How do I order a new card when my old one is ready to expire?
7630	What can I and can't do with the disposable cards?
7631	I am still waiting to find out the status of my refund. I have made previous attempts to find out what the status is to no avail. Will you please look into this for me?
7632	How can I get my card out of the stupid ATM that ate it?
7633	What do I use to verify my identity?
7634	I put money in my account a week ago but its still not there?? What happened to my money?
7635	Where do I find the verification code for the card I'm topping up?
7636	The amount of cash I selected to withdraw is different than what I received.
7637	Can my children open an account?
7638	When will it get delivered?
7639	How do I unblock my PIN?
7640	I made a payment and it appears it is showing twice
7641	I attempted to top up my account but it's been frozen in a pending state for well over an hour now! Is this normal? I'm a new customer and this is my first time doing this. I assumed it would be done quicker than this.
7642	What's the normal time frame for a transfer from a UK account? After just making a transfer it doesn't appear at all. I need to know if things went okay.
7643	There is money missing from my account.
7644	When do I get my PIN?
7645	The exchange rate was wrong?
7646	My cash withdrawl has the wrong rate of exchange.
7647	My card is no longer lost. How do I enter it back into the app?
7648	When do I set up my card PIN?
7649	How do I replace my card?
7650	My identity isn't being accepted, what should I do?
7651	what is this charge on my card?
7652	My new card has arrived, what's the activation procedure?
7653	Are there steps to see where my funds come from?
7654	Can I top-up by cheque?
7655	Will I be charged for receiving the money?
7656	Can another family member hold a card for this account in addition to mine?
7657	how long does it take for a transfer from Europe to go through?
7658	Can I get a Visa card?
7659	There is a vendor name I don't recognize on a payment from my account. I don't think I made this payment.
7660	Whats the transfer process
7661	Why can't I transfer my money into someone else's account? I should be able to do so right? Why does it keep rejecting my transfer? There's no reason, all my info is correct and the money is there.
7662	I am not able to make a purchase because there is an issue with my card
7663	Can you please disable my current account.
7664	What are the reasons to be charged a fee on card payments?
7665	how to exchange currencies
7666	How do I report a cash withdrawal that wasn't me?
7667	Why have I been charged twice?
7668	There was a limited amount of money available at the time of my transaction.
7669	My card couldn't pay in a shop.
7670	The card I thought was lost was just in my jacket, so can I reactivate it since I found it this morning?
7671	i have tried everything to complete a transfer but can't, what should i do next
7672	How is this transfer supposed to work? It's not working for me.
7673	How long will a transfer from China take? I need to transfer something from there.
7674	I am blocked now because I entered the wrong pin, need help.
7675	After my checque or cash deposit, my balance didn't update.
7676	I want to use a cheque to pay.
7677	Where can I order a card when I am in China?
7678	Why isn't my cheque deposit showing on my account? I though it would be faster and would like to to look into it and help.
7679	My money didnt go through after I transferred.
7680	What is the procedure for an expired card?
7681	Why hasn't my transaction arrived?
7682	Can I open up an account for my child?
7683	The ATM keeps declining my Transaction . I tried two different ATMs already Would you please check if everything is okay with my account?
7684	Report stolen card
7685	There are strange transactions on my account. What should I do if I think someone stole my details?
7686	What fees are there for adding money using an international card
7687	I made a cash withdraw and it shows up as pending why is that?
7688	Why is my last transfer pending?
7689	The ATM would not give me cash,why?
7690	terminate my account please
7691	Do physical cards cost money?
7692	A WD was just made on my account, but it was not me and I still have my card. What to do?
7693	I think a payment I made with a card was cancelled.
7694	The card is non-functional.
7695	I transferred money from the US, How long does it take?
7696	I can't find my PIN anywhere.
7697	Can I top up online?
7698	How can I transfer some money into a foreign account?
7699	I need my card as quick as possible
7700	my identity hasn't been verified and i can't edit my details, what's next
7701	The app isn't showing my transactions
7702	How can I get a Visa and Mastercard?
7703	My card was rejected
7704	Do you have an age requirement when opening an account with your service?
7705	I made a cash withdrawal earlier and it's showing as pending. What does that mean?
7706	How long do EU transfers take? I bought something online a couple of days ago , sent the money immediately online but the seller says it is still not there yet.
7707	Why am I getting a fee on a card payment?
7708	Why are my transfers not going through. I have tried over 4 times to get it to work. This is just a simple transfer. Is something else causing this in the system? Is it broken?
7709	Which fiat currencies are supported?
7710	I want to do a swift transfer
7711	I did not get my virtual card yet, Why?
7712	I still haven't received my card after two weeks, is it lost?
7713	I pulled cash from the ATM earlier. Why is it still pending if I already have the cash?
7714	Why would the app revert my payment?
7715	Tried using my ATM card earlier at one of your locations for the first time. It didn't work. What is going on?
7716	Help my find the verification code on a top-up.
7717	A card has been sent to me, how do I track it?
7718	Why did a transaction I made charge me $1?
7719	I tried using my ATM card at your Notting Hill location today. It did not work. Am I doing something wrong?
7720	How long does it take for the transfer to go through?
7721	How do I exchange currencies using the app?
7722	Is there a discount for multiple currency exchanges?
7723	can you top up your account automatically
7724	The exchange rate for my card payment doesn't seem right.
7725	Will I get extra charges?
7726	How do I replace a card that's going to expire?
7727	It looks like my card payment was sent back.
7728	I couldn't complete card activation.
7729	my cash withdrawal has not come out of my account yet.
7730	I am so angry right now! I went to the ATM and did not get the correct amount of money I chose to withdraw. How could this happen? I need my money and want to know how I can get it ASAP!
7731	what steps do i do to get a real card
7732	Do exchanges cost more?
7733	Weird Direct Debit payment
7734	There's a $200 withdrawal on my statement that seems fishy to me.
7735	I would like to better understand why my pass-code is not working.
7736	The card PIN is not visible anywhere?
7737	Where do I find my PIN for my new card?
7738	My money is back in my account after a seller contacted me stating they never received payment. I am positive it was deducted out of my account. Please get this sorted out right away.
7739	My top up did not go through yet.
7740	what is the word?
7741	what is source of my money
7742	Is it possible to change my PIN?
7743	I tried to charge my card but it was declined. A couple days ago I was able to charge it and it was accepted. Is something wrong? Will you double check for me please?
7744	How long before a check I send clears?
7745	I'm not happy, I want to close my account.
7746	How can I transfer money to this account from another bank?
7747	My contactless payments don't work.
7748	I made a purchase and would like to get a refund for what I bought can you have the money put back in my account?
7749	I've been waiting for a refund where is it?
7750	Why is there are there two of the same transaction?
7751	My payment shows that it is pending will I be charged more money?
7752	where do I top up my google pay?
7753	I have been charged more than I should for the presents I bought when abroad, the problem seems to be the exchange rate.
7754	I can't make any transfers, they won't go through, the details are correct as I checked them. Can you look in to this please?
7755	How come I got to pay to get my money from the ATM?
7756	What stipulations do disposable cards entail?
7757	How can disposable cards be used?
7758	I can't find the card PIN.
7759	I need to cancel a transaction on my debit card.
7760	What does it mean if my cash withdrawal is pending?
7761	Where do I find my code to verify my top-up card?
7762	I would like to get additional physical cards at this time
7763	Why won't my top up work
7764	I made a cash deposit and the balance wasn't updated.
7765	I purchased something overseas and the incorrect exchange rate was applied.
7766	My ID verification hasn't gone through yet, but can I use my account anyway?
7767	I'm looking for a machine of yours that will provide me cash from my home country. I went on holiday and don't have any cash on me. Will your machine charge me extra to do this?
7768	When will I see an updated balance after a transfer?
7769	I'm not sure why my payment has been declined? Please tell me why, I thought it was all good.
7770	Please help me in this, as i was unable to make any payment by my new card, it was getting declined repeatedly. I am not very happy with this incident.
7771	Can you tell me where to find my top-up verification code?
7772	Why is there a $1 charge on my statement?
7773	i am under 18 and i am trying to verify my id. why wont it work?
7774	In regards to top-ups, can I do them via Google Pay?
7775	How long does it take to get a refund on something I bought?
7776	Why is my transfer not working? I tried multiple times to transfer money, and all that happens is an error message pops up.
7777	maximum how many days get the courier?
7778	Will it cost extra to add money to an international card?
7779	I am getting an error stating my transfer is not possible while transferring money. Let me know the issue as its the first time i am getting error, earlier it used to work.
7780	If I'm getting my identity verified, what all do I need?
7781	I requested money from the ATM and it didn't give me as much as I requested.
7782	I was charged twice, when I didn't purchase anything twice.
7783	how soon will my card arrive?
7784	How can I find a way to transfer money without it being rejected?
7785	Is it possible to have more than one disposable card?
7786	I used my card to get cash then I was charged a fee that I shouldn't have been charged.
7787	Do you have the best exchange rate?
7788	I found my card, am I able to put it back into the app?
7789	Which ATM's can I use to make a withdrawal?
7790	Is it possible to order another card?
7791	Please provide details on how to top up my account using transfer option
7792	Does it cost anything to top up?
7793	What are the current exchange rates?
7794	My card didn't work at the ATM in Notting Hill. Is my card working?
7795	How can you transfer my salary to my correct currency?
7796	I had to pay a fee when buying items with my card.
7797	Please tell me how I can receive a physical card
7798	Is it possible to change my address?
7799	How long should it take for my new card to arrive in them mail? What should I do if I never receive it?
7800	Why was I charged a fee for using my card
7801	My credit card did not go through. Can you see if it has insufficient funds?
7802	Why doesn't the person I sent money to see that transfer yet?
7803	Where can I find a list of descriptions the disposable cards have?
7804	I put cash in my account, but I don't see it.
7805	I dont see my reciept
7806	What is taking so long with my refund?
7807	Who can purchase a disposable virtual card?
7808	If I top up using a European card is there a charge?
7809	I received the wrong amount of cash from the ATM. Can you help?
7810	Why is there an identity check?
7811	I'm cancelling this charge. I still have not received what I bought from these people a while ago.
7812	How do I find the PIN?
7813	Hey, I have my card, how do I get it to show in the app?
7814	want a new card what are the fees
7815	How will I get my card?
7816	What do I have to do to change my pin?
7817	I no longer want this account, what should I do?
7818	What was the extra charge for using my card?
7819	I was supposed to receive my new card by now, but it hasn't came in.
7820	I just got married and I need to change my name
7821	I tried again to top up my card after doing it a couple days ago when it had worked. Now, it doesn't seem to be working. Can you tell me what the deal is here please?
7822	Let me know what the steps for the identity checks are
7823	Will I be charged to top off my account?
7824	I requested a refund from a merchant a while ago, and upon repeatedly checking my statement, the merchant has yet to refund me my money. I don't know what's going on, or why the money is getting into my account--could you please help?
7825	Will you guys charge me for topping up by transfer?
7826	How can I get funds into my account from my American Express?
7827	How long will a transfer take from Europe?
7828	I'm waiting for a transfer from the US, how much longer?
7829	The payment on my card shows as pending.
7830	I don't see my card anywhere in the app.
7831	What currencies can I hold?
7832	Can I get a new card even though I am in China?
7833	What are disposable virtual cards?
7834	What's the limit for auto top-up?
7835	What do I do to activate my new card?
7836	Is there something wrong with the transferring functions? I keep trying to transfer funds and only get an error message.
7837	There were a couple of payments that I have noticed on my account with my card that I didn't make. Is it possible that somebody else has my card information?
7838	How long until my new card gets here?
7839	Can the card was sen to me be tracked?
7840	I entered the correct pin but I still couldnt get funds.
7841	I sent a check into the system but still haven't received the cash yet
7842	The contactless payments are not working.
7843	Why have I been charged for pulling cash out of my own account?
7844	There is a cash withdrawal from an ATM listed but I don't remember making this withdrawal.
7845	How do I go forth on holding money in multiple currencies?
7846	I have some transactions on my account I did not make. Can you cancel my card and prevent further use.
7847	Visa and MasterCard, can I get them both?
7848	What kind of costs are involved for exchanging currency?
7849	The exchange rate for my electronic payment is incorrect.
7850	HOW DO I TRANSFER MONEY FROM MY BANK ACCOUNT?
7851	What is your shipping policies for cards?
7852	What do I do if I got the wrong amount at the ATM?
7853	Do all ATMs accept this card?
7854	I have a question about ATM transactions. Can I take money out of an ATM when I'm traveling abroad? And, can I get the money in my home currancy?
7855	Can you change my currency to EUR?
7856	Can I top up my card with other cards?
7857	This isn't fair! I thought transfers could be made for free. I just made a purchase online from abroad and now see some strange fee that I've never seen before.
7858	Is there a reason my transfer would have been declined?
7859	I am asking to end my account.
7860	I would like to top up my account automatically. How do I do that?
7861	Why is my withdrawal wrong? I took out $100 but only received $20.
7862	It's not letting me transfer money to my beneficiery.
7863	I made a transfer from France a couple days ago and don't see the transaction yet. How long does an international transfer take?
7864	beneficiary transfer problems?
7865	What kinds of cards can I use to top up?
7866	What does top-up verification do?
7867	What ATMs can I use my card at?
7868	I don't see a code anywhere on my top-up card? Where can I find it? I need to verify!
7869	Why are there fees for using a card?
7870	How long do transfers typically take? Is there a way of speeding the process up? My friend needs the money I sent her desperately.
7871	My card payment reverted back, I think.
7872	My transfer is still pending, why?
7873	I need to exchange some foreign currency. What's the charge for doing that?
7874	My app says that I'm not verified.
7875	I've been trying to make a transfer and it hasn't gone through. Now I am receiving an error message. What is the problem?
7876	how do I know where I can get money withdrawn?
7877	I forgot the code I need to get into the app.
7878	I was double charged at a restaurant can you take the second charge off?
7879	To many charges on my card how do I go about fixing that?
7880	Make me understand why I am charged an extra fee when I use the ATM.
7881	Can you tell me your exchange rates?
7882	How come I was charged a transaction of $1?
7883	I attempted to get cash in the ATM but it was not authorized
7884	Why is the check I deposited this morning not showing up?
7885	What are ways to test why my card might not be working?
7886	My top-up was supposed to be done, but now the money is gone! Is there a glitch in your system?
7887	How much is ok for me to top up with?
7888	What to do if my card is about to expire?
7889	What ATMs use this card?
7890	I cannot get my disposable virtual card to work
7891	I am interested in giving a second card to my daughter, how can I make this happen?
7892	my phone was lost
7893	I attempted to top up using my card, but now the money just disappeared?
7894	I forgot the passcode on my app.
7895	Do you accept SWIFT transfers?
7896	How can I reset my PIN?
7897	I got some items this morning but the payment says pending
7898	My card hasn't came in the mail yet?
7899	My transfer to another account was not allowed. Why is that?
7900	I question today's exchange rate for rubles into pounds. I was hoping for a better return.
7901	Which fiat currencies are supported for holding and exchanging?
7902	If I need delivery on a certain day, is that something that could be accommodated?
7903	Looking at my statement I see that I was double charged for a payment I made.
7904	How do I get Top Up to work in Apple Pay?
7905	The top-up card is verified how?
7906	What are Interbanks current exchange rates?
7907	Please help me. My disposable virtual card won't work right.
7908	Are currency exchanges free?
7909	Can I cancel an order if I haven't received the item yet? And how can I get my money back? Please help. Thanks.
7910	My account shows I have been charged twice for the same meal. How do I get the second payment voided and returned to me? I do not eat out much and my family is living paycheck to paycheck, mostly. I cannot afford to spend more money than necessary, as is, so I must see to it that the cost be promptly credited back onto my card.
7911	My card was declined at a restaurant today and I don't know what the problem is.
7912	Are top-ups allowed using Apple Pay?
7913	What are the currencies and cards that are supported with my account?
7914	I have been charged for one thing two times.
7915	why top up is not working even if I got my American Express in Apple Bay?
7916	Do you offer auto top ups?
7917	Are there any restrictions for the disposable cards?
7918	What sort of restrictions are there for the disposable cards?
7919	How many different currencies can I hold money in?
7920	If I don't live in the UK, can I still get a card?
7921	I can't seem to use my card. Can you help?
7922	My card is about to expired what will happen?
7923	I've been trying to do a transfer multiple times and have failed? Is the system down?
7924	Was there a problem with topping up?
7925	found card, how to put it back in app
7926	What ATM accepts Mastercard?
7927	I have been charged twice for the same transaction.
7928	A percentage fee was charged to my withdrawal.
7929	Why hasn't my transfer gone through
7930	I made a bank transfer from my UK account today, but it's not showing. Can you check status?
7931	How can I cancel this transaction?
7932	I transferred some money but it hasn't arrived.
7933	I have made a withdraw from an ATM this last holiday, why is there such a high charge from this transaction?
7934	What is the system for determining the exchange rate?
7935	Is there something wrong with my ATM Card? Tried using it earlier and it did not work.
7936	How can I top up using google pay?
7937	I requested a refund but am unable to see it in my account. Why is that?
7938	I was getting cash and the card got stuck inside
7939	I would like to know what exchange rates you use?
7940	Why is my transfer not showing
7941	Is it really necessary to verify my Identity?
7942	Do I pay a fee for SEPA transfers?
7943	Why have i been charged a fee for using my card?
7944	Please give me a Mastercard instead.
7945	I tried to top up with my card but it's not working. I had just done this a couple days previously and it worked. Can you tell me what's going on here please?
7946	I can't see my top up in my wallet!
7947	Hello, I trying to top up with my card today but it didn't work. When I tried last time it worked but today it isn't. Could you take a look at it for me?
7948	How do you top up with a cheque?
7949	Can I transfer money to my account with the app?
7950	Can I exchange USD for GBP in your app?
7951	Is there a charge for top-ups?
7952	Can you explain the transfer fee that I was charged?
7953	Isn't my top-up supposed to mean its complete?
7954	My payment didn't work and the money is in back in my account.
7955	Do you support top ups?
7956	Was my card payment reverted?
7957	Am I able to Top Up with Apply Pay?
7958	If I am running low on credit can I auto top up?
7959	I was the victim of someone stealing my wallet. My card is being used and it isn't me. What should I do?
7960	Hi, I tried to withdraw some money from an ATM and the machine was broken. It says that the transaction is still in progress. Can you double check to see what's happening? I don't want to be charged since I was not able to withdraw the money.
7961	I was charged twice.
7962	I would like to receive a refund for something I bought.
7963	My card payment still pending
7964	I might need to exchange between USD and GBP, is this possible with your app?
7965	How can I sign up for a virtual card?
7966	Why would my transfer result in a decline message?
7967	The transfer I tried to make failed.
7968	Why was there a fee when I pulled cash?
7969	Instead of GBP, how do I exchange for AUD?
7970	I recently bought something abroad but the exchange rate is incorrect. Why?
7971	I tried to transfer funds to a beneficiary and was denied. Can you tell me why?
7972	I would like to have assistance with activating my card.
7973	Can I use the app without my phone?
7974	Will the card be a Mastercard or a Visa?
7975	What if my top up is reverted?
7976	Where do I order a virtual card?
7977	When can I expect my card?
7978	How do I find out where my funds came from?
7979	Can I change my pin at ATMs? If so, what ones?
7980	I sent money to my family last Friday but they don't have it.
7981	There is a fraudulent payment!
7982	my card payment has been declined, do you know why?
7983	I must change my address.
7984	I am trying to revert a transcation I did this morning
7985	In the US, how long is the wait for a transfer?
7986	I had a card payment that was declined. Why?
7987	Are visa and mastercard accepted
7988	Can someone help with my passcode?
7989	Help, I need to top up my account. Where do I send a check?
7990	Why would a cash withdrawal be pending?
7991	What are the auto top-up policies?
7992	Some cash was missing at ATM.
7993	Need to report a change of address.
7994	I see a duplicate payment.
7995	Where do I go to see the source of my available money?
7996	I withdrew cash abroad and the exchange rate applied is wrong.
7997	Where are your cards delivered to?
7998	Can you convert to EUR?
7999	How old do you have to be?
8000	Why am I being charged to transfer funds?
8001	What are the steps I need to do if I have a stolen card?
8002	Why are all my card payments being declined?
8003	I added money but my top-up wasn't processed by the app.
8004	I topped up but my money is not showing. Why is that?
8005	When will my deposit from this morning show up?
8006	My card payment wasn't declined
8007	i'm not satisfied with the services and no longer want to be a customer
8008	Where do I go to update details?
8009	Is it possible to top up using a cheque?
8010	Will there be any fees for top ups?
8011	Is there a way to link cards if I have one of yours?
8012	I want to use my card. How do I activate it?
8013	Why am I still not able to see the money I deposited a week ago? This is urgent!!
8014	How come my card doesn't work anymore?
8015	Foreign currency rates were put in wrong at an ATM i used.
8016	Will I know which exchange rate I will get?
8017	How do I obtain a second card?
8018	My card has gone missing.
8019	I got a strange cash withdrawal in my statement
8020	I was charged for the same thing twice
8021	Where is the closest ATM to me?
8022	How do I dispute a debit that I didn't make?
8023	Why has my money disappeared? I topped up earlier and seen it was there and had went through. What seems to be the problem?
8024	How long do tranfers from a UK account usuallt take for you? I just made a transfer and nothing shows up, so just wondering if things went ok
8025	What fiat currencies do you support?
8026	Why is my cash deposit not in my account?
8027	Where can I sign up for a virtual card?
8028	There is a payment in my app that I did not make. I have not used that card all day Please reimburse my money.
8029	This card payment isn't is recognition.
8030	Is there a limit to the number of disposable cards I can have?
8031	I think someone stole my card number and brought stuff in different places that I have never been to. I need to suspend any further purchase on my credit card.
8032	Help please! My rent payment is coming out tomorrow and I made a payment mistake yesterday! Can you put in in the correct account?
8033	I needed cash today, so I used another provider's ATM, and when I attempted to withdraw, it declined. I just checked it out and I'm still showing my account with that amount pending! I didn't take any money out, it was declined, so I don't want that to be processed as a withdrawal.
8034	Your machine took my card. How do I get it back?
8035	I might need a new card because it's not working at any of the ATMs. I don't think ive used all my money. Why is it doing this?
8036	I don't think I made this payment that is showing up
8037	Looks like my top-up has been cancelled
8038	What is the minimum age limit?
8039	Which ATM's am i able to change my PIN?
8040	What about my children?
8041	Do I need to select a preference to receive my salary payments in GBP and, if so, where?
8042	Hello, I'm a brand new customer and tried topping up for the first time today. It has been pending for half an hour and doesn't seem to be working. Please resolve this.
8043	I need to update my demographics.
8044	How do I activate my new card
8045	Can I make an account for my kids?
8046	Why is there a verification to identity
8047	I don't know why my card payment did not work
8048	I tried to withdraw money, but was unable to. Still says that the transaction is pending? Will this money disappear??
8049	What are my options for holding money in multiple currencies?
8050	There is a direct debit payment on my account that I didn't authorize.
8051	Why did my transfer not work?
8052	Card has been received, how will it show up on the app?
8053	Help! I think my phone may be stolen or lost!
8054	Can you explain the various transaction times shown on my statement?
8055	Is it possible to order a virtual card?
8056	How long does it take for a cheque to post to your account?
8057	Send me my card now! ASAP
8058	I have been trying to make transfers to another account but I keep getting a declined notice. I have checked all of my information more than once and my information is accurate.
8059	Can I choose my card scheme?
8060	My Identity verification hasn't passed yet is it possible to use my account?
8061	Can I trace where my funds came from?
8062	I recently bought something in foreign currency and I am unsure of the exchange rate. Is this rate applied correctly?
8063	Hi, I was at a restaurant later the week and when I went to look at my account I noticed that I got charged twice. I would like to get my money back from one of those transactions.
8064	I completed a transfer that isn't showing up on my account.
8065	So, my transfer is showing as pending, when will it actually go through?
8066	I transferred money to another country several days ago, but my transaction is still pending. i have checked that the accounts are keyed in correctly. what sees to be the problem?
8067	In what places can I use my card?
8068	I am out of money in my account and I was wondering if I could do a bank transfer is put more in it?
8069	how long does it take to reflect in my balance a top up
8070	new customer and filling gas for the first time today, not working,
8071	How do I make my card appear on the app?
8072	Still waiting on my refund...
8073	My transfer failed, why did that happen?
8074	I haven't received my cash yet.
8075	Is there a way I can get a Visa card?
8076	Why is the exchange rate on my card wrong?
8077	I have a transaction that shows multiple times.
8078	I need my card activated.
8079	I noticed that i got charged extra for using the card.
8080	I have been waiting over a week. Is the card still coming?
8081	I lost my wallet and I think someone is withdrawing cash with my card. Please help. It is urgent.
8082	Is it possible to link a new card?
8083	I need help with understanding why my card is not working.
8084	Why did using an ATM cause me to be charged an additional fee?
8085	Why hasn't my ID been verified?
8086	Why is my beneficiary being denies?
8087	How many cards can I have?
8088	I deposited cash into my account and I'm having trouble seeing it on my account.
8089	why is there a fee for the transfer I made?
8090	Is it possible to get both Visa and Mastercard from you?
8091	I received the wrong amount of cash.
8092	I made a transfer the day before yesterday within this country. It is still not showing up at all. I have double-checked and the account number is certainly right. I've actually type this multiple times. can you look into what is going on here?
8093	I made a transfer and the receiver said an amount was received, but not exactly the same as the right amount. I now have to transfer more to get the remainder to the receiver. Can you alert me about this. What's been happening?
8094	Do you accept Visa or Mastercard?
8095	How can I fix my card if the contactless function didn't work this morning?
8096	I can't find the auto-top up option.
8097	There's an error with the rate that is charged.
8098	how do i get top up with cash deposit
8099	I've been waiting since Friday, where is my money?
8100	I would like to cancel a purchase.
8101	Why was I charged for payments? You didn't warn me about additional fees.
8102	Why hasn't my account updated?
8103	Is verifying my identify important?
8104	How can I link the new card?
8105	In what increments can I top-up my card?
8106	If I want to select a new PIN what do I do?
8107	What is the process when my card is due to expire?
8108	Can you please assist on my item that needs to be refunded?
8109	Can you help me with proving my identity?
8110	I was unable to transfer money to a beneficiary.
8111	How long should it take for my top-up to finish? I've been waiting a while.
8112	I can't figure out why a transfer is still pending?
8113	Your foreign exchange rate is wrong.
8114	I'd like to apply for a Visa Card.
8115	I have been charged two times for one transaction.
8116	Hi, Is there any problem with app? As i am facing some issues with the exchange of crypto currency. I am extremely interested in buying.
8117	Anytime I've made an ATM withdrawal before it has always been free. I now say that I have been charged for my most recent ATM withdrawal. What's going on here?
8118	My card is missing.
8119	i don't see the top-up verification code anywhere
8120	Can I receive my salary with this in another currency?
8121	Why do i have an extra fee on my statement?
8122	There's an unauthorized cash withdraw
8123	Why was an extra charge added when I used my card?
8124	I need to terminate my account immediately.
8125	My contactless is non-functional.
8126	For my account, how do I transfer money in?
8127	When traveling, is it possible for it to add money at specific time intervals?
8128	How do I top up with cash?
8129	I believe that my transfer hasn't gone through.
8130	Is there a way to use this app with a disposable virtual card?
8131	How do I make my card show up in the app?
8132	My card has been compromised. I see a bunch of online shopping charges that I didn't make. I need to freeze it immediately.
8133	Card activation is not working. What do i do?
8134	Where can I modify my information?
8135	Hello, i just checked my statement and there seems to be a payment from my card that I have never seen before.
8136	Can you refund my purchase?
8137	Can I set it up to add money every few days automatically while I am traveling?
8138	What steps can I take if someone else is using my card?
8139	Is there such thing as top up by cheque?
8140	How can I find out why my transfer didn't go through?
8141	Are there any fees when exchanging to foreign currencies?
8142	What do I do after the ATM takes my card.
8143	What other currencies are available to change to?
8144	Did I not get my refund? I don't see it.
8145	Why do you keep declining my transfers? it's always been working really well so far but when I tried to buy something just now the card got declined, I tried couple of times already but same thing is happening.
8146	Can I use google pay for topping -up
8147	Can I use app to reset PIN attempts?
8148	There is a pending transaction on my account, what does this mean?
8149	Can I change my PIN in Austria?
8150	My thoughts were that you offered crypto top up which does not seem to be working. The money has now been taken from my account. What is the problem here?
8151	Can someone explain why I'm getting a message on my screen saying my transfer isn't possible? I've done several in the past and haven't had a single problem until now. What's going on?
8152	Can I use my card in Austria?
8153	Is there a way to get a virtual card?
8154	Hey, I'm buying a flat and I need my mortgage to go though. However, every time I check I get an error message. Is there any way you can help me with this transfer.
8155	How long will an urgent transfer from China take?
8156	What happens if the ATM doesn't give the right amount of money?
8157	My details need to be changed, how can I do so?
8158	I need to change details about my personal account.
8159	How much does it cost for additional cards?
8160	I selected to withdrawal 30 pounds but only received 10. I'm still standing in front of the ATM. The app shows i took out 30 pounds also. How do i fix this?
8161	I need a new login code
8162	i dont recognize a charge on my card
8163	I withdrew money from the ATM and was overcharged. It said nothing about an extra fee.
8164	I NEED HELP WITH MY CARD!!!!! please. It keeps getting declined when I try to use it. I have tried a few times to use it and it keeps getting rejected. I have no idea why.
8165	I asked for a refund but its not here yet
8166	The transfer to my beneficiary has not gone through
8167	I sent some money but the intended recipient says it hasn't arrived
8168	When will my deposit be processed?
8169	do you offer refunds? i would like to return purchase.
8170	Is there a way to undo a transaction?
8171	It's been two weeks and I haven't gotten my card, what do I do?
8172	My payment is in the app but hasn't gone through yet
8173	How long is the delivery time to the US?
8174	I'm dissatisfied with the service and would like to terminate the account.
8175	There has been a transfer pending in my account and I wanted to know how long it is going to take to go through.
8176	What about an auto top-up, is that a option?
8177	I made a purchase and was charged at the wrong foreign exchange rate.
8178	I want to close my account. The service you provide is unsatisfactory to me.
8179	There's an unauthorized direct debit in my app.
8180	What's up with the extra fee I got?
8181	What is delivery speed to the United States?
8182	Why isn't my top up showing? Was the money reversed?
8183	Is my card broken? I can't get cash out of the ATM
8184	Explain the extra fee on my card when paying.
8185	Why isn't my pending transfer finished?
8186	I have a duplicate charge
8187	Can I change or hold different currency?
8188	Tell me why my card payment was declined.
8189	I have been charged a fee that I didn't know about. Why have you charged me extra for card payments?
8190	What is the function of the identity check
8191	I don't have a PIN at this point.
8192	Where do I go to reset the passcode?
8193	How long does it take to show a deposit I made to my balance?
8194	What are the steps I need to take to cancel a transaction?
8195	I misplaced my phone so I can't use the app! Does this mean I can't use my card?
8196	How much are you going to charge me if I top up my US card?
8197	Can you tell me why I was charged extra when I withdrew money?
8198	As I double checked that I have the correct account details that i submitted , they're right for sure. Transfer is still pending so far.
8199	This exchange rate you use is awful! Please tell me this is a mistake and not the official interbank exchange rate!
8200	How long does a transfer from the UK account usually take? After completing the transfer it is not showing up. I need to know that everything I actually went okay.
8201	Do you charge if I use a European bank card for top up?
8202	The ATM did not give me my card back?
8203	What countries are you supporting?
8204	My phone was taken yesterday, is there something that I need to do?
8205	You have declined my payment.
8206	i tried using a virtual card for a hotel but it didn't work, why not
8207	Do you charge for sending more cards?
8208	I want to use cash to top up.
8209	Can I get a card? I live in the US.
8210	I need to cancel a purchase that I made the other day.
8211	My rate is not right when I used my card in a different country's money.
8212	I think that the exchange rate was wrong for the payment made last Saturday - I was charged extra.
8213	For topping-up is there a charge?
8214	What do I do if I cannot access the app?
8215	Why do I need to verify my funds?
8216	what is going on with my cash withdrawal? the exchange rate is wrong
8217	has my card payment been reverted?
8218	How do I initiated a bank transfer to top up?
8219	How come my transfer got declined
8220	Why is my transfer appearing as "pending"?
8221	It appears my transfer was declined.
8222	Can I get a refund?
8223	How do I know which countries you provide service in?
8224	Can I transfer my salary onto here?
8225	My wallet was stolen, along with my cards. How do I put a freeze on my cards and order a new one?
8226	after i got married i need to change my name
8227	Explain the payment that was declined!
8228	my card was refused, why?
8229	I'm supposed to be getting a refund but it hasn't shown up, now what?
8230	I made a mistake when sending a payment, sending it to the wrong account number (with a typo) - can you please cancel the transaction?
8231	Give me a refund now!! I am still waiting.
8232	I want to apply for a Visa card.
8233	I'm suddenly getting an error while attempting a transfer that it isn't possible. Why? I've done it before.
8234	I do not feel comfortable verifying my identity.
8235	The app doesn't think it's me.
8236	I think my card is stolen!
8237	I have obtained the salary in GBP, will it need to be configured?
8238	Where is the transfer that I did?
8239	I'd like to have it delivered on Saturday. Is that possible?
8240	When I received my cash, the exchange rate was wrong.
8241	I prefer to get a Mastercard.
8242	How long should I have to wait before I see the transfer in my account?
8243	My card expires very soon. What is the cost and delivery time to get a new one?
8244	I would like to edit my personal information .
8245	My card is stuck inside the ATM, what am I supposed to do?
8246	Can I verify my identity?
8247	I only got some of the cash I requested from the ATM
8248	How long is the wait for my card?
8249	For what reason must I authenticate the top up?
8250	How long does it take for pending transfer transactions to post?
8251	I made a mistake when making my last transfer, please cancel before it goes thru.
8252	Why is there an extra fee on my statement?
8253	When will my cheque process?
8254	I tried to top up with my card but it was declined. I was able to a couple days ago and it worked. Is something wrong? Can you check it for me please?
8255	Show me how to activate my card
8256	What is the process for unlocking the pin?
8257	Is my card accepted anywhere?
8258	Purchases I did not make are appearing in my bank statement?
8259	I am looking to delete my account. I'm not happy with the service provided by you.
8260	Is it possible someone has access to my card? I noticed that there are a couple of payments in the app I'm sure I did not make. Can you find out what's going on here?
8261	Where can I go to get my PIN unblocked?
8262	What happens if I deposit a cheque accidentally?
8263	Why was my payment declined? I keep trying my card but it's not working.
8264	What kind of security protects my money?
8265	Why was there a fee for my cash withdrawal?
8266	Why is there an additional fee showing on the statement I received?
8267	I tried using a foreign currency at an ATM, but the ATM provided me an incorrect rate. Why is that?
8268	There's something wrong on my bill. A transfer fee should never have been added.
8269	Can I cancel a transfer I made
8270	Why was I charged twice for my item!
8271	I am not satisfied with your company and wish to delete all accounts immediately.
8272	My phone has been lost or stolen
8273	Have you started charging for cash withdrawals? I always thought it was free until I noticed this fee. How much is the fee?
8274	I just recently got a new beach condo in Bora Bora, and to furnish it I used this account a lot from overseas. It's upsetting, being a long-time customer of yours, that I saw extra fees on my account from my currency transfer. Is this what I should expect from you in the future?
8275	Can I change my pin at a cash machine?
8276	Is there a limit on how much I can top up?
8277	What happens when my card expires?
8278	Could you tell me what your exchange rates are?
8279	I cannot remember my passcode.
8280	Why is my top-up pending?
8281	Hi, can you tell me why my transfer keeps being rejected? I've been trying to send money to my friends this morning but failed every time and I have no idea why?
8282	Can this card be used at all ATMs?
8283	My new card just arrived, how can I activate it?
8284	Im not sure why Im being charged an extra fee just for purchasing an item from another country? I paid for the item and the shipping why am I getting charged extra?
8285	I found my lost card. Am I still able to use it?
8286	The cheque I deposited isn't showing in my account
8287	Says that my top-up is incomplete?
8288	Do I get charged for a top up from a European bank?
8289	Could you tell me why my cash withdrawal was declined?
8290	I seem to have lost my card.
8291	Is there an automatic top up feature?
8292	The wrong exchange rate was used for my cash withdrawal
8293	Can I get a disposable card? How many can I have? How often can I use them?
8294	Can I increase my top-up maximum?
8295	Does Google Pay offer a top up option?
8296	The cash I wanted wasn't there.
8297	I tried my PIN too many times and now my card won't work!
8298	What ATMs can I use this card at?
8299	how do i cancel my account
8300	Why was i charged for making a withdrawal? After i went grocery shopping i withdrew some money from my account and now there is another charge.
8301	My card payment did not go through.
8302	Do you support direct deposits from my employer?
8303	I need to top up, but I have to use an international card. Is there a cost for that?
8304	I need to freeze my card as soon as possible. I just checked my account and saw that there have been several payments that I don't recognize over the course of a few days. Can we investigate and get my money back?
8305	Why is my card payment still pending? It should have gone through already.
8306	What does it mean if my cash withdrawal does not show up properly?
8307	I could not transfer to a beneficiary
8308	The transfer was accepted but now it's stuck on pending. When will it go through?
8309	My refund has not shown up on my statement.
8310	I think that there is a payment on my card that I did not authorize. I don't recognize the name attached to the transaction.
8311	Is there anywhere I can't use my card?
8312	When does a UK transfer show up?
8313	What is the maximum number of transactions I can do with a disposable card?
8314	I don't understand why my card payment is pending. It has been pending for too long. Why is this and when might it go through?
8315	I am unable to use my card for some reason.
8316	I tried to top up and suddenly my money disappeared
8317	Why did you charge me extra when I withdrew cash?
8318	Can I auto top up multiple times?
8319	Card payment still pending.
8320	Are you going to charge me to collect the money?
8321	Is it possible for me to set up separate accounts for my kids?
8322	Why am I unable to withdraw money even though in the past I've done it just fine?
8323	I made a big purchase that I regretted and cancelled, the merchant said that my refund was submitted. Can you confirm to me that all of my money was truly returned to me?
8324	Is my card actually working? It's the first time I tried using it
8325	I don't recognize the direct debit payment from the app.
8326	Is there a way for me to check my balance?
8327	what cards and currencies are accepted?
8328	What is the age limit for an account?
8329	i cant seem to activate card
8330	How soon will I get my card?
8331	Are you located in other countries?
8332	Can I open an account for my children?
8333	Will the system automatically top up itself?
8334	Is my account able to be topped up by my friends?
8335	I had trouble with an incorrect rate being applied when using the ATM with foreign currency.
8336	Why is the cash withdrawal under pending?
8337	There is a debit transaction on my statement that I did not make
8338	Is there a way to top-up when it reaches a certain balance?
8339	Why do I need to verify the top-up?
8340	How often can I top up?
8341	How do I unblock my card?
8342	How long does it take for cash withdrawals to hit my account?
8343	I just checked and my payment was cancelled, why?
8344	I need to know which fiat currencies I can use with you.
8345	I did a cash deposit to my account but it doesn't show up
8346	I was trying to top-up and my credit card was declined. Can you tell me why?
8347	I'd like like to know where I can order a virtual card?
8348	I just got a new card, and I want to know how to activate.
8349	Is there a daily auto top-up limit?
8350	Can I get information on the identity checks?
8351	So much time has gone by, the pending status shouldn't still be there shouldn't it?
8352	I must make several disposable cards every day.
8353	My cash withdrawal was declined, why?
8354	What are all the fiat currencies that are supported for both exchange and holding?
8355	I received the wrong amount of cash back
8356	Can i have a virtual card?
8357	Is there a transaction limit for a disposable card?
8358	I have a disposable card, how many transactions can I make?
8359	My cash withdrawal isnt showing on my account
8360	I paid with my card and I was charged a fee
8361	What ID do I need to verify my identity?
8362	Everytime I try to prove my identity it won't let me.
8363	Why is a payment I made reverted back to my account?
8364	Hello. I have a transaction in my account listed as pending. I tried to use an ATM at the city centre, but the machine declined my card, and I did not receive the money. Why is the transaction still pending if I did not receive the money.
8365	How can we correct a mistake on an ATM transaction? The app shows what I should have gotten.
8366	Would you be able to offer me a discount, since I need to exchange currencies frequently?
8367	Why did you revert my top up?
8368	How can I get a refund for an item I purchased but has not yet arrived?
8369	Why are you charging me for ATM withdrawal? It has always been free before.
8370	I tried to get some money but the machine was not working .The transaction still seems in progress! Can you please check what's going on.I don't want to be charged for money that I did not received.
8371	I was trying to top up my account and it isn't working
8372	I just replaced my phone so do I have to make a new account?
8373	There was an extra charge when I used my card
8374	How would I use a bank transfer for topping my account?
8375	If I need an additional card, is there a fee for that?
8376	Can I get a physical card for free, or is there a charge?
8377	Hello, I have recharged topup but account is not credited. Please help me in this, i guess there is some defect in system.
8378	A withdraw I tried to make at the ATM was declined I don't know why.
8379	My transfer failed, why?
8380	Can you give me info about what to do when my card expires?
8381	What is the procedure for depositing a virtual card
8382	I got the incorrect amount of money given to me from my account
8383	I tried to get money out of the Notting Hill ATM earlier, but wasn't able to. Is my card working okay? It's the first time I tried using it.
8384	I think there is a mistake. I am being charged twice.
8385	Is there any reason my cash withdrawal still shows as pending?
8386	There is a payment done with my card which i definitely did not do.Never seen that name before.
8387	How much does it cost to exchange my balance into a foreign currency?
8388	Why isn't my cash deposit showing up in my account? I deposited it this morning.
8389	Why am I being charged for transfers? Are they not free?
8390	Does it cost anything to do currency exchanges?
8391	Why am I charged to get money from the ATM?
8392	I have a problem with a transfer. It didn't work. Can you tell me why?
8393	Which part of the app do I order virtual cards from?
8394	What fiat currencies do you allow exchange with?
8395	Where did this extra €1 fee on my statement come from?
8396	How old do kids have to be to open an account?
8397	I purchased something and already received it, why hasn't the money taken out?
8398	Where can I get my card PIN?
8399	Where are the ATMs that accept this card?
8400	Is this app capable of exchanging currencies?
8401	Can I get an account for my daughter?
8402	My PIN seems to be blocked, help me access it?
8403	Where do i find my PIN?
8404	I got a €1 extra fee in my statement
8405	Can I use my account before the identity verification is complete?
8406	I tired but an unable to activate my card.
8407	My account is locked because I used the wrong pin too many times. Please help.p
8408	What are age requirements for opening an account?
8409	How is my card payment still pending?
8410	Can I use as many top-ups as I want?
8411	I believe my card has been compromised as there's a cash withdrawal I don't recognize.
8412	Although I transferred some money, it has not as of yet, arrived.
8413	I have a new card and need to activate it
8414	Why have I not yet received my virtual card?
8415	Your system is broken. My transfers keep failing, 5 times now.
8416	I really need to top-up my card today urgently but my card keeps getting declined!! Can you please help me with this problem or let me know if you have any alternatives
8417	My ATM withdrawal was declined.
8418	I am quite aggravated that I ordered online almost a month ago and I never got my package and I paid for it. I would really appreciate it if I could get a full refund back now.
8419	Why is there an unknown card payment?
8420	Can I use this app to exchange currencies?
8421	The App shows a fraudulent payment made on my account.
8422	How do I activate a card?
8423	I made an international purchase, but the exchange rate was wrong
8424	My account is new why can I not top up
8425	Why isn't my refund showing up in my statement?
8426	I think that somebody is utilizing my card without my authorization!
8427	My transfer was declined. What might the reason be?
8428	Who do I call to activate my new card?
8429	I'm expecting a large refund from a store I returned merchandise to recently. They say they have sent the money but I don't see it in my account, can you help.
8430	I got a notice from my app that I withdrew cash but I don't remember doing so. How do I fix this?
8431	My Virtual card was rejected for a car rental. Why?
8432	My app shows cash I didn't get.
8433	You applied the wrong exchange rate while I was traveling outside the country.
8434	Can I get a refund on an item?
8435	When will the transaction post to my account?
8436	how do i avoid charges in the future
8437	Why is there a fee for my transfer?
8438	Why haven't I gotten my new card?
8439	can I link a card of yours I already have?
8440	My product hasn't arrived even though I ordered it a while ago. I want a refund!
8441	I need to know what charges I will incur for using a European card for top up.
8442	I paid my rent into the wrong account, could you please pay it into the right account, it needs to be done by tomorrow.
8443	I'm a new customer and tried topping up today for the first time. It's still pending and doesn't seem to be working. I need to get this fixed.
8444	Hi, One of payment is still coming as pending for which i have already paid by card. I guess it did not processed, could you please check and update me.
8445	I made a deposit but it is not showing up in my balance.
8446	When I went to withdraw cash today the ATM gave me the wrong amount of cash. The app is showing a larger amount.
8447	If I exchange currencies on a regular basis, is there a discount?
8448	Can I get a new pin number at any ATM using my card?
8449	I made a cash withdrawal and it is still listed as a pending transaction.
8450	Do all businesses take this card?
8451	wheres my pin
8452	Hi, I'm trying to by some crypto and the app isn't allowing it. I really want to exchange this, what am I doing wrong?
8453	Help! I think someone has a copy of my card - I still have my card, but a five hundred pound cash withdrawal that I didn't authorize is shown on my account.
8454	Tell me about the card PIN?
8455	Why did I have to pay extra because I paid with my card?
8456	I have a withdrawal waiting to go through.
8457	There is a fee from a transfer that is not supposed to be here!
8458	I am unable to use my top-up on the app. Could you explain this to me?
8459	how do i get a pin for my card
8460	I didn't make a payment that shows in my app.
8461	Can I get a card if I don't reside in the UK?
8462	My cash withdrawal was not entirely complete
8463	I will be traveling and want money to be added automatically in certain intervals. Is this possible?
8464	When will I recieve my new card?
8465	Is there a way to recover my password?
8466	I was told that withdrawing cash from the ATM is free, but I'm charged a fee. Why is this?
8467	I'm at the ATM right now and it only allowed me to withdraw 10 pounds instead of my requested 30. What's going on? How can I fix this?
8468	Please send a new card; the ATM ate mine.
8469	Can top ups be done from an apple watch.
8470	I wasn't applied the correct exchange rate when getting cash
8471	My credit card was just denied for top up! Can you tell me why this happened and what's going on?
8472	I want to top up with my Apple Watch.
8473	When are cards shipped?
8474	Hi, I was just checking over my card transactions and notice I was charged twice for a restaurant visit this week. Can you please remove one of these false charges from my account?
8475	I need to know what's going on. I was under the impression you offered cryto top up which doesn't seem to be working and money has just vanished from my account.
8476	Can I top-up my card using a bank transfer.
8477	Why was I charged extra on my last UK pound to Russian ruble exchange?
8478	Do you accept cheques for top ups?
8479	I was using a foreign currecy to make a payment and the applied the wrong rate.
8480	How come I can't put money in my top up account?
8481	I keep checking my statements but nothing shows up. I requested a refund a long time ago but seems it's not reaching my account for some reason. Would you please help me get the money back from the seller.
8482	Would I need to pay extra for currency exchanges?
8483	I want my card I just received to show up in the app. How do I do that?
8484	Are there any fees to get additional cards?
8485	I made a card payment which is showing me pending.
8486	Rates were applied wrong while using foreign currency at an ATM.
8487	How can I get another card?
8488	What's the procedure for canceling a purchase?
8489	Can you please explain why I was charged an extra fee for my transfer?
8490	How can get a Visa card?
8491	I bought something and I take issue with the exchange rate applied.
8492	Soon my card will expire, how do I get a new one?
8493	Why is the cash withdraw I made shown as pending?
8494	Do you offer services that hold money in different types of currency?
8495	Is there any type of fee for currency exchange?
8496	Why is my beneficiary not being allowed to get payment services?
8497	Tell me how to renew my new card?
8498	Why can't you allow my beneficiary?
8499	Is there a fee for topping up by charge card?
8500	How do I cancel a transaction?
8501	Can it specifically be delivered on a certain date?
8502	Why hasn't my top up gone through?
8503	I didn't get a PIN yet. What gives?
8504	I deposited cash into my account, why do I not see it?
8505	What do I need to know about topping up?
8506	Would I be able to use SWIFT transfers?
8507	How long does it take in Europe to do a transfer?
8508	My card is missing. Please help.
8509	One of my card payments has reverted
8510	My payment has an incorrect exchange rate.
8511	My PIN can't access my card, can you help?.
8512	Can I use my card anywhere?
8513	Can I get a Visa or Mastercard?
8514	My new card needs activating.
8515	I have just read my statement and there is a payment I don't recognise.
8516	I got notified that my top up has been reverted. Why?
8517	I locked myself out of my account, how do I unblock my PIN?
8518	What currency is supported for exchanges and holding?
8519	I entered the pin incorrectly too many times and now it is blocked. Can you help?
8520	What type of card will I receive?
8521	What are the steps I should take to recover my swallowed card?
8522	My card's expiring a month from now, should I place an order for the new card?
8523	I can't get into the app with the passcode.
8524	While I was drunk, I goofed my PIN number and your machine ate my card. How can I get it back?
8525	Why would my transfer be declined?
8526	how do i get into my account and edit my details
8527	Explain why my top up would be reverted.
8528	I don't have any idea what's going on but all of my transfers keep getting declined. I have double-checked over all of my recipient names and they are correct.
8529	I don't need to transfer anymore and I want to cancel it.
8530	Could I get tracking on the card?
8531	Can you help me transfer funds from another bank account to this account?
8532	The ATM didn't give me enough money.
8533	Hello, Just now i got to know withdrawal of money from of my account. As someone used my card to withdraw amount in any odd remote area. Since i have not been in that area, please freeze my card immediately.
8534	Why can't the person I sent the money transfer to see it?
8535	There has been a payment in the App that has not be done by me.
8536	How long does it take for a top up to be approved?
8537	How recent do my documents need to be for verification?
8538	Is it possible to go ahead and log in, although I have not been confirmed yet?
8539	Can I reset the passcode?
8540	When will my top up be approved?
8541	I did not get the right exchange rate while getting my cash out.
8542	My transfer to my account is missing.
8543	I just got refunded for my purchase over two weeks ago
8544	Please delete my account immediately.
8545	My card has been declined by two separate ATM, and I'm worried something is wrong with my account. Would you please see if my account is okay?
8546	Could my daughter open an account?
8547	what is the leadtime for a new card to show up in the mail?
8548	I just got married and need to change my name on the account
8549	I can't seem to make a standard bank transfer. I have tried at least five times already but none of them are going through. Please tell me what is wrong?
8550	A payment that I didn't make appears in my app.
8551	is there a foreign currencies charge?
8552	I want to use my card, how would I activate it?
8553	Hello, I am a college student who I recently attended my high school reunion at a local restaurant. I paid with my credit card and now my transaction history reflects a second charge of the seemingly same payment. What could be the reason for this? Is there any way to have the fraudulent payment credited back onto my card?
8554	Can you tell me the countries you provide support for.
8555	I didn't receive the correct amount of cash when I exchanged it overseas.
8556	How long will I have to wait for my money to be in my account?
8557	What is the process for activating my card and using it?
8558	I'd like to know where my funds come from.
8559	I did a payment but the app cancelled it.
8560	Who do I talk to for transactions debited twice?
8561	Is American Express accepted?
8562	is there a charge on withdrawals?
8563	What do I do if I forgot my passcode?
8564	Can I use google pay to top up?
8565	Could you send me and up date on the arrival of my card?
8566	I withdraw money abroad but I didn't get the right amount.
8567	Whats wrong with my currency exchange?
8568	Why is my identification required?
8569	How do I use disposable cards?
8570	I have made a card payment but it did not completed still showing as pending. Please tell me when it will be completed.
8571	I want to open an account for my children
8572	I cant prove who I am
8573	Is there a specific date i can have it delivered?
8574	2 weeks ago I ordered my new card. It isn't here. What should I do?
8575	How do I reset my passcode?
8576	I was trying to make a transfer and got an error message telling me it was not possible to make the transfer. This has never happened before, what happened?
8577	Why did my top-up fail?
8578	What's going on with my card? I've tried multiple times and it never goes through.
8579	Why did my top-up not get approved this time?
8580	I did a transfer but its still pending
8581	My card payment was reverted, why?
8582	Why was I not able to complete my transfer?
8583	Which ATMs am I allowed to get money from?
8584	How can I verify my top-up card?
8585	is there something blocking me from making transfers
8586	My transfer didn't arrive to the recipient
8587	How do I reactivate my card?
8588	Who should I contact if the amount of my withdrawal doesn't correspond to the amount that I tried to take out of my account?
8589	Can you tell me how long it takes for a new card to come?
8590	When will I get my money? It's been too long.
8591	Can I use this app to exchange between dollars and pounds?
8592	Why can't I edit my personal details?
8593	Can I use American express with apple pay? Why does it make my top up not work?
8594	My identity wasn't verified
8595	Please check and let me know why my transfers are getting declined.
8596	Why did my cash deposit not show up?
8597	Is my card frozen?
8598	I want to use my account before identity verification
8599	I am worried that too much time has gone by for a transfer to be completed.
8600	My card is showing a fee from when I used it, but I thought this card was supposed to be fee free?
8601	What is the charge for exchanging currencies?
8602	Can i top up by card?
8603	with what can I verify my identity?
8604	Hi, I'm in progress of purchasing a flat and am trying to make to make a payment. An error is appearing, and I need assistance.
8605	Where do my fund come from?
8606	Why did my top up get pulled back out?
8607	I ordered my card but it still isn't here
8608	Can I change my PIN if I want to?
8609	What do you do with all the identity information you're collecting from me?
8610	I was charged more than once in a single transaction
8611	Cash has been deposited this morning but it hasn't came through.
8612	Why am I not seeing the check I deposited this morning in my account?
8613	Where am I able to get my PIN unblocked?
8614	Where can I deposit cash to top up?
8615	I saw that my transfer was declined.
8616	I received $20 but I entered $100
8617	auto-top up option can be found where?
8618	How long do transfers take to show up in my account?
8619	I can't see my refund in my history.
8620	My card payment won't work.
8621	HOW LONG THE CARD VALIDITY
8622	What do I need to do for the card activation?
8623	Will you be adding more currencies in the future?
8624	Is it possible to change from AUD to GBP?
8625	My app is displaying a payment I didn't make
8626	Why didn't I get the amount I requested at the ATM?
8627	My new card isn't here and it was issued a week ago.
8628	Should I complete my security verification before I can use my account?
8629	When will my pending payment finish?
8630	Help! My card is stolen.
8631	What do I have to do to get my virtual card?
8632	daughter needs card, how do i add her
8633	how long will my cash withdrawal be pending for?
8634	Where is the top-up verification code?
8635	Why can't I withdraw funds from my account?
8636	Why isn't my Google Pay top up working for me? Did I do something wrong?
8637	I did a cash deposit to my account but my balance is still the same. What happened?
8638	For some reason I forgot the passcode I have.
8639	Why was I not able to get cash from the ATM?
8640	I've made a bank transfer but the money doesn't seem to be in my account.
8641	Where can I activate my card?
8642	I did a money transfer to my account and it is not showing there.
8643	I've completely forgot the code to get into the app.
8644	lost card found, want to put it back in app
8645	Can you unblock my blocked pin?
8646	Can I use check to deposit?
8647	Why cant I transfer to my account?
8648	Can I add money to my account via bank transfer?
8649	Which flat currencies can I use from you?
8650	I think my card has been used by somebody else since I was never in the little town where some transactions on this bill have come from. Please stop this right away.
8651	What countries do your accounts send and receive to?
8652	IS there a fee to exchange currency?
8653	I would like my refund for this item I bought.
8654	In regards to my card payment, the exchange rate is incorrect.
8655	When do I get my card PIN?
8656	Why did I only get $20 when I asked for $100?
8657	Why is the exchange rate different on my recent purchase?
8658	Hello. I ran into a problem with a transfer this morning. I was trying to send money to some friends but when I tried to send it, the transfer failed. I don't know what is causing the transfer to be rejected. Please let me know what is causing the problem. Thanks.
8659	Do I get charged if I get money?
8660	I need to get hold of a physical card?
8661	Will I get charged for topping up with an international card?
8662	Why did it cost money to transfer funds?
8663	I need to make a purchase online, where is my virtual card?
8664	What does pending mean on a cash withdrawal?
8665	I recently deposited a cheque and cannot find the cash from it.
8666	My phone is missing or stolen.
8667	I exchange currencies a lot. Can I get a discount?
8668	why was i charged a fee to transfer
8669	The app has rejected my top up.
8670	I'm trying to verify my top up card, how do I do that?
8671	What's taking so long for this payment to go through?
8672	Do I need to re-apply to order a new card when my old one's about to expire?
8673	Why has my top-up failed?
8674	What is the extra €1 on my statement for?
8675	I have a reverted top up I made and wanted to know why it didn't go through.
8676	Can somebody else top up my account?
8677	My identity verification isn't working
8678	Is currency exchange possible?
8679	Has my top up gone through?
8680	In my app, a direct debit payment that I didn't do shows up.
8681	There is a pending transaction on my account for when I tried to get money from the ATM earlier and it did not work. Can you fix this?
8682	My top up is not working
8683	The seller of the items I bought online the other day hasn't received the EU transfer yet. How long do these usually take?
8684	I would like to order a virtual card.
8685	How do I receive a disposable virtual card?
8686	The app declined my top up. What did I do wrong?
8687	When I was transferring money I was charged extra why?
8688	can I use it all over the world?
8689	How do I add cash to my account?
8690	How can I receive a virtual card?
8691	Is there a disposable virtual card option?
8692	I transferred 7,000 to a receiver outside the EU and they received a lesser amount than what I sent, Unfortunately, now I must send an additional transfer to the receiver so that they can receive the full amount I initially sent. I'm not sure why they received a lesser amount than what I initially sen, but can you please look into this and let me know what happened?
8693	Why does my identity need to be verified?
8694	When will my transfer post to my account?
8695	i need to know about exchange rates
8696	My top-up was cancelled, could my bank be the problem?
8697	In reviewing my statement, I show I have two charges for the same purchase at the same time, which I have not made in duplicate? How do I get this solved?
8698	Am I able to order a disposable virtual card?
8699	I thought I would have received my new card at this point.
8700	Top up did not work on the app.
8701	What do I do if I have forgotten my passcode?
8702	My PIN number was incorrect, and I can't access it.
8703	I have tried sending a standard transfer five times and it hasn't gone through. What is the problem?
8704	Can I have a spare card for this account please?
8705	What happens with the duplicate charge in my account?
8706	My card's expiration date is close.
8707	There are some card payments that I haven't done myself. What is going on with my card and does somebody else have access to my card?
8708	How do I modify my account details?
8709	I was charged twice for an in-store purchase that I thought was declined. My App says that it's still pending for one of the payments. Please make sure one of the charges is removed.
8710	Do you have a limit for someone's age?
8711	When will I get my card shipped to me?
8712	I have a pending money transfer
8713	Is there a way to get around fees
8714	I have a payment which has not been approved.
8715	May monthly payment to Apple has been declined but I don't know why, they are going to re-try the payment and it must go through, can you tell me what is going on please?
8716	I want to know the source of my funds.
8717	Reasons for top up cancellation.
8718	The ATM stole my card!
8719	Can I change my PIN without going to a bank branch?
8720	Under what condition will my payment revert?
8721	For the identity check, what kind of documents do I need to have?
8722	What does it mean if my payment is pending?
8723	Can I have a third card?
8724	I really need to know how to change my pin.
8725	Why is my cash withdrawal pending?
8726	Why can't I topup my account?
8727	top up by my card is that possible?
8728	Can you please inform me of the restrictions for the disposable cards.
8729	Guide me on how to unblock my PIN
8730	What cards do you accept to top up my account?
8731	I am unaware of what my password is.
8732	There are funds in my app that I did not receive.
8733	My card is stuck in an ATM machine, how do I get it back quickly?
8734	I have checked the account information several times to be sure that it is correct, but the in country transfer I did a few days ago still has not appeared! What is the hold up?
8735	I'm having a hard time proving my identity.
8736	How can my friend pay me?
8737	Would you please unblock my pin? I don't know why, but it's blocked.
8738	I have a transfer that was declined.
8739	I did a transfer and was charged a fee that I shouldn't have been!
8740	Help! My account doesn't show any funds. Is transferring funds an option I can use?
8741	My PIN is not working, can you help?
8742	Do i have to wait to get the pin or can i set up a pin
8743	When I got cash I believe that the exchange rate was wrong
8744	What if I need my salary in another currency?
8745	Is there a minimum age for having an account?
8746	why would i be declined if i had money iin my account
8747	How can I change my PIN even though I'm out of the country in Austria at the moment?
8748	Some cash I didn't get shows in my app
8749	I do not recognize the card payment.
8750	What kind of fee is there to top-up my account?
8751	I tried to make a purchase in the store but my card was declined.
8752	My card payment is showing pending however this transaction was a couple of days ago. Is there a reason why it it still pending?
8753	I made a cash deposit, but it hasn't shown up in my balance yet.
8754	A transaction shows duplicate times.
8755	How can I replace an expired card?
8756	What do I do to close my account?
8757	make my account go away
8758	The money disappeared after I topped up my account.
8759	What payment methods are used to top up?
8760	I have not received an item i ordered yet so i want to cancel it and get a refund. Can you please guide me on how to go about it?
8761	I made a transfer and the receiver did not get the right amount its lesser than what it should be,Now I have to transfer more money to make up for the missing amount . Can you please help me about this, what should be done
8762	Is there a limit to how much I can top-up?
8763	I went to look at my top-up and it was canceled, can you tell me why this happend?
8764	A fee that shouldn't be there is there after using my card!
8765	Seems like my card payment has been cancelled
8766	I was out today looking forward to paying with my brand new card, turns out the payment just kept getting declined. This is pretty sad, what's going on?
8767	What went wrong when I tried to do my transfer?
8768	This exchange rate on my purchase is wrong.
8769	If I order a card when does it arrive?
8770	Unable to use my American Express with Apple Pay to top up my account
8771	What are the rules for a top-up?
8772	Why did my card get charged twice for a transaction?
8773	I am concerned that I am being doubled charged for several items purchased in the past week. Please review my statement and correct.
8774	Why do you keep declining my payment?I tried several times already with this card and it is just not working.
8775	What is the extra fee that showed up on my card?
8776	Why does my top-up get cancelled?
8777	Whats the maximum number of disposable cards that I can get?
8778	Why does my statement show a $1 charge on my account?
8779	Why is the top-up I made still pending.
8780	How do I avoid a fee to use an ATM?
8781	I just had a wedding and I want to take my spouses name.
8782	Why does a cash withdrawal show as pending?
8783	My transfer is stuck pending? How do we fix it to it goes through?
8784	I was doing a transfer and received a "decline" message.
8785	My card payment was reverted
8786	I don't know where my phone is.
8787	Was I charged more than I should of been for a currency exchange?
8788	I received an extra charge for using the card. Why?
8789	Where do I go to change my account details?
8790	What US cards do you accept? I only have 1 other.
8791	I've never been to that store. That's a fraudulent charge.
8792	How can I receive my salary in another currency?
8793	is it just visa or can i also use mastercard?
8794	If I exchange currencies frequently, is there a discount?
8795	how to get new card?
8796	what countries can i use my card in
8797	There is a withdrawal in my account I didn't make.
8798	how much does it cost to add money to my card
8799	Can I have multiple currencies in my account?
8800	What are the fees associated with top up via transfer?
8801	Do I get an actual card?
8802	What is the charge to make a transfer
8803	i cannot get virtual card to work
8804	I believe my card payment were reverted
8805	I forgot my PIN and now it is blocked.
8806	Why can't the recepient of my money transaction see it?
8807	I made a deposit a couple of days back it's, as of yet, not gone in! It would be ideal if you assist me with this
8808	I believe my card has been compromised as there are funds showing that I did not receive.
8809	The ATM machines keep declining my card and I don't know why. I thought I had money in my account. Why is this happening?
8810	I couldn't make a transfer
8811	I want to inactivate my account.
8812	can i top up from a usa credit card
8813	I'm due a refund and it is not on my statement.
8814	The correct amount of cash was not received.
8815	Why is my refund not showing up on the statement?
8816	How do I get my card back after the ATM swallowed it.
8817	How many transactions can I do with my disposable card?
8818	is there a way to change name?
8819	Can you let me know where my refund money is? I requested a refund a few days back, but it's not showing up yet. Do you guys have the money yet? Maybe it's just not in my account. Let me know when it will become available, please.
8820	I have tried using my card for the first time at the ATM of Notting Hill to withdrawal cash but it didn't work. Does this mean my card isn't working?
8821	I am at the ATM and tried to withdraw 30 pounds and it only gave me 10 pounds, what do I do?
8822	My account shows I made a debit payment to someone that I can't recall and would like to find out who the payment was made to.
8823	If you to to account, hit activate, and follow the instructions, you can activate it in just a few seconds.
8824	Can I obtained a Visa Card
8825	What kind of charges should I expect to exchange currencies?
8826	I need to know what these extra charges are on my statement?
8827	The exchange rate you are using is bad.This can't be the official interbank exchange rate.
8828	Someone that I had to send money to told me that they didn't receive the full amount I sent them - can you look into this?
8829	How long does it take transfers from Europe to complete?
8830	How can I exchange currencies using your app?
8831	Can I use my account without verifying identity?
8832	Why would I get a decline message in a transfer?
8833	How can receive a physical card
8834	Over the holiday I withdrew cash from the ATM and it seems that I was severely overcharged. Had I known that I would be charged those fees, I would not have used the ATM!
8835	Is there a pay structure for currency exchanges?
8836	I have a confusing payment appear on my statement and I don't recognise it!
8837	I would like to know how to work out where my funds came from?
8838	My purchase used the wrong exchange rate
8839	I recently purchased something and the seller says my money has not arrived yet. It was in EU's. How long does this take?
8840	how do i set up my apple pay watch to connect to my account
8841	I requested a higher amount for my cash withdrawal
8842	I need to modify my details.
8843	Are their certain cash machines where I can change my pin?
8844	Is there an allowance on cards?
8845	help me find where this money came from
8846	Did a card payment that I made get cancelled?
8847	Is getting my identity verified required before I can use my account?
8848	How do I check to see why my card payment was declined?
8849	What is this cash withdrawal I don't recognize?
8850	Waiting for the cash I deposited this morning still
8851	I want to activate my new card.
8852	Why would the ATM machine fail to give me the cash withdrawal I requested?
8853	Hi, I want to inquire about my balance. Some cash was deposited and it hasn't updated yet.
8854	Currently I can't get my card to work.
8855	I tried to withdraw some funds from my card, but was declined. How can I get my money?
8856	What happened to my top-up? It was all done and now it's gone! Are you having problems with your system?
8857	In a recent withdrawal I received less cash than I expected to receive. Did someone make an error with the exchange rate?
8858	Help, I don't see my money i just added.
8859	There is a direct debit transaction on my statement that I think is not mine. How do I remove?
8860	Help me get the virtual card working.
8861	I messed up and made a transaction using the wrong account.
8862	I have not been able to use this card.
8863	Can you please assist me in completing a transfer? I'm trying and I keep getting an error. I'm trying to purchase a flat and pay the initial mortgage payment. All I keep getting is an error. Can you find out what's happening here?
8864	How long will my transfer be pending?
8865	I want to close my account due to poor customer service.
8866	Can I still use my account without verifying my identity?
8867	Where can i top my card for free?
8868	How long does a transfer from the US take?
8869	I am having a problem with verifying my identity.
8870	Do I get a discount if I exchange currencies a lot?
8871	Where do I go to get my new card linked?
8872	I think my card is broke?
8873	Will there be a charge for topping up by account with a SEPA transfer?
8874	Do EU transfers happen quickly? I purchased something a few days ago and the seller hasn't received my money yet.
8875	The date my card expires is coming up
8876	I got charged a fee that shouldn't be there from my cash
8877	Are there any restrictions on where I use this card?
8878	Why did I get less cash than what I asked in the ATM?
8879	I would like to cancel my account.
8880	If I top-up by using a trasfer are there charges that applied?
8881	I don't understand why I was charged extra for withdrawing money?
8882	I need help finding the verification code on the top up card.
8883	I am wondering if International Transfers take longer. I a made a transfer from France two days ago and believed it would be here already. Please let me know when I will get it!
8884	I tried to make a transfer and it didn't work.
8885	I tried to withdraw cash from your ATM but my transaction was cancelled.
8886	What are the steps for making a transfer for topping up?
8887	What does it mean when a cash withdrawal is pending?
8888	My new card has not been delivered to my home yet. What is going on?
8889	I was unable to activate my card.
8890	Could you explain your rules for ATM fees?
8891	I received a message from a seller stating they hadn't received my money even though it definitely came out of my account. The money has now been deposited back into my account. Please get this resolved as soon as possible.
8892	When can I expect money to be transferred to my account?
8893	I am still waiting for the cash to be returned from a cheque I deposited!
8894	Why is it saying my card payment is declined when I made it?
8895	You can activate your card in a few seconds by going to account, hitting activate, and just following the directions.
8896	How many incorrect attempts cause card to be blocked?
8897	Please verify my source of funds.
8898	How does your app transfer the money
8899	It seems like my card payment didn't work.
8900	Can I transfer my paycheck to the account?
8901	I need to transfer something from China, How long will it take?
8902	How do I verify my ID?
8903	I've changed my mind on an item. How do I get a refund?
8904	I need to set up an account for my daughter, how would I do that?
8905	How do I tell if my top up was reverted?
8906	Can I use a cheque to top up my account
8907	How long will my transfer be pending for?
8908	My Google pay top up isn't working. Help.
8909	I'm trying to purchase crypto via the app. I haven't been able to get it to go through. Am I doing something wrong?
8910	The money that I have transferred hasn't arrived yet.
8911	Will you charge me more if I use a European bank card for a top up?
8912	do i have to talk to someone to close an account or can i in the app
8913	What types of cards and money do you accept?
8914	Which ATMs take the card?
8915	I do not think the pop up went through yet.
8916	If I need to cash foreign transfers, how does that work?
8917	how can i get it to add money automatically while travelling
8918	I sees some suspicious spending on my credit card that I don't recall I had made. What should I do?
8919	What is the return policy?
8920	Is there a way to track my card?
8921	Where should I look for my PIN number at?
8922	I bought some things in the morning but the payment shows as pending
8923	Tell me the currencies that you support.
8924	I require verification of my source of funds.
8925	How does a disposable virtual card work?
8926	Should I order a new card before I freeze my original one?
8927	Why didn't I receive all the cash I requested?
8928	i withdrew cash and dont see it reflected on the balance
8929	Help. My card is broken.
8930	How are exchange rates calculated at this bank?
8931	What's the limit for disposable virtual cards?
8932	I need to transfer money to my account from another bank
8933	My card won't work right now.
8934	How does it work when I transfer money into my account?
8935	I dont have identification
8936	Can I transfer something urgently from China? How long does it take?
8937	I tried topping up using my card, but the money is gone?
8938	My card was stolen last night.
8939	How come the ATM won't give me my money?
8940	Will I be charged for receiving money?
8941	i put in money for vacation and its not showing. i need that money today, how long will it take
8942	How is the PIN delivered?
8943	What is the top up code for?
8944	How much could I top up?
8945	I left my phone somewhere and can't use the app.
8946	I noticed an extra charge on the purchase that I made last Saturday on my account. Can you see if I received the correct exchange rate?
8947	How do I exchange AUD for GBP?
8948	At what ATM can I change my PIN?
8949	I need to change my data.
8950	I can't get the ATM to give me any cash
8951	Why wont the ATM give me cash?
8952	What is the cause of the delay in applying my card payment to my account?
8953	I have a new card. How do i top it up?
8954	Why has my top up been returned?
8955	So, I was just charged for my recent ATM withdrawal and any withdrawal prior to this has been free. What is the issue here?
8956	Why is the exchange rate wrong for my cash withdrawal?
8957	My card must have used my card as there are some transactions that I haven't done myself..
8958	I want a disposable virtual card, how do I do that?
8959	I bought something on line a and the seller hasn't received the money I sent could you please tell me how long an EU transfer takes?
8960	How can my new card be activated?
8961	Can you explain your refund policy, please?
8962	How do you figure out the exchange rate? Can you explain why I got less money than expected?
8963	I have a top-up that's still pending and wanted to know about it.
8964	Why hasn't the money transfer arrived yet?
8965	i did not get any money but still was charged
8966	Do I have an option between Visa and MasterCard?
8967	In the app, I see a withdrawal I didn't make.
8968	Hi, I am facing issue with my card payment while shopping online as payment is getting reverted. I am struggling with this issue around two weeks. Please advise.
8969	How many countries do you work in?
8970	Which cash machines will allow me to change my PIN?
8971	I seem to be unable to make any transactions.
8972	I would like to receive my salary in a different currency. How does that work?
8973	Why did the person I transferred money to not receive the correct amount? What should I do to get them the right amount, do I have to transfer more money to them?
8974	How do I top up using my card?
8975	How often am I able to top-up?
8976	Am I able to open an account for my children?
8977	How long will it take for me to get my card?
8978	Why do some of my payments have fees? I don't understand.
8979	Is there any way to cancel my transfer
8980	Why didn't my friend's transaction arrive yet?
8981	I'm confused ass to why my contactless is not working.
8982	My PIN is unlocked, what do I do?
8983	I will be traveling. Can I add money automatically?
8984	Why was I charged an additional fee when paying with card?
8985	I was charged an extra pound.
8986	I was able to find my card. How to I go about putting it into my app?
8987	How do I complete the ID check?
8988	I hope to get a Visa card
8989	Are there any places that won't take my card?
8990	How long does it take for deliver to the US?
8991	Is topping up unlimited?
8992	I am still waiting for my card.
8993	What's taking my top-up so long?
8994	I made a check and cash deposit that wasn't credited to my account.
8995	May I get an account for my daughter?
8996	What is the process to link the new card?
8997	I took out money and there is a fee. Why?
8998	I haven't received my PIN yet. Do I need to get it from you?
8999	How long after I receive my statement can I dispute payments on it?
9000	My recent transfer didn't go through - why not?
9001	How do I use cash to top up my account?
9002	Does it cost me to add cash?
9003	Why is the ATM not allowing me to get cash?
9004	I think I forgot my passcode
9005	Where are you cards supported?
9006	My top up isnt working
9007	Why is verification for my identity needed?
9008	My top up is giving me problems. What is wrong with it?
9009	How can I lookup the source for my available money?
9010	The transfer to my account was not allowed.
9011	My statement has a charge that shouldn't have been made.
9012	Why was my PIN blocked?
9013	I have a direct debit I didn't set up
9014	Hello, I have noticed a problem on my recent withdrawal at the banks atm machine. I made a transaction and upon receiving my funds from the machine, a fee was assessed to my withdrawal. Are these types of transactions free of charge?
9015	I don't have my cell phone with me so I cannot access the system to complete the transaction.
9016	My refund isn't going fast enough.
9017	Was there a number to track that I could get?
9018	What fiat currencies can I use for holding and exchanging?
9019	What is the charge for paying with my card?
9020	What is the basis of your exchange rates?
9021	It appears my top-up is still pending.
9022	I think a card payment I made was cancelled.
9023	My bank app said that I got cash from an ATM, but that's a mistake.
9024	Why did you charge me a fee when I made a transfer?
9025	Hello-Can you please help me get a refund from this merchant? I ordered a product and would like to return it. I have been unsuccessful in getting the merchant to return my request for the past several days. I understand it can take up to 45 days to process the dispute and issue a refund, however, if this can be expedited faster it would be very helpful to me.
9026	The wrong account was used during a transaction.
9027	Why am i being charged for withdrawing cash funds?
9028	I received a refund, however I cannot see it in my account
9029	I contacted a seller about a refund last week but he still hasn't returned my money. I am frustrated and need these funds. Please help me get my money back.
9030	I recently made a transfer but I need to cancel it as soon as possible. Please let me know when this happens.
9031	Some cash withdrawal that I didn't make showed up in the app.
9032	Why wasn't my contactless accepted at the metro?
9033	I want a refund for my item
9034	help, I see money missing I didn't take out.
9035	How is the current exchange rate?
9036	I took out money from the ATM and it's still showing as pending?
9037	My card is almost expired. How fast will I get a new one and what is the cost?
9038	I just saw the exchange rate you use, but it's so bad that I can't believe that it's the official interbank exchange rate! Is this truly the official interbank exchange rate?
9039	Is it possible to purchase more physical cards with my account?
9040	I think there's been an unauthorized cash withdrawal from my account.
9041	I need to change my name, since i just got married
9042	Someone else might be using my card without my permission.
9043	Do you convert to Euro?
9044	My statement shows charges for things I never purchased. Were my account details stolen?
9045	I no longer have my phone with the app, what should I do?
9046	How do I know it is a Mastercard ATM?
9047	How do I contact customer support about my declined transfer?
9048	Hi. Please can you help me fix a double charge on my card? I'm looking at my transactions and this restaurant I went to earlier in the week has charged me twice! Please remove the additional charge for me.
9049	I've use this account all the time, including over this past month, to pay for things from my new place abroad. I'm a really good customer, so why do I suddenly have new fees? I should be rewarded instead of charged more fees.
9050	On the card that is coming, what's the tracking info?
9051	I transferred money, why was charged for an extra fee?
9052	I need to cancel my card. There are a few charges from a couple days ago that I didn't make. Can I get credit for these charges?
9053	I could not transfer funds to a beneficiary; is there a problem with your software?
9054	I have used my account abroad for a while without any fees, why am I being charged additional fees all of a sudden?
9055	I made a deposit in the ATM and it has not cleared
9056	Why does it still charge me even though I was unable to withdraw money from the ATM?
9057	Why has my card been charged an extra pound?
9058	On my last trip, I received the incorrect exchange rate.
9059	I want a physical card
9060	How long will a cash withdrawal be pending?
9061	I cannot withdraw money from the ATM
9062	My transfer failed to process correctly. Is there a reason this would happen?
9063	Why couldn't I get cash from an ATM?
9064	I was supposed to get a refund but I do not see it.
9065	Is there a way to view the history on where my funds came from?
9066	always exchanging currencies, do you offer a discount?
9067	My card information seems to have been stolen! I don't know where these transactions came from and I've never even been to the city where they were made. I need my card blocked ASAP so this person can't keep using my card.
9068	My phone was left at a hotel and I can't access the app.
9069	I just moved overseas and I noticed that you are charging me more fees. I am a loyal customer, is this how you expect to keep customers?
9070	I added money through a bank transfer and it is not showing in my balance.
9071	My card has been stolen what do I do?
9072	What documentation do you accept for the identity check?
9073	Do you offer any discounts for someone who exchanges currencies frequently?
9074	Does the top-up need verified?
9075	Why won't my card accept any transactions?
9076	The activation process for my card isn't working.
9077	What is wrong with my top-up?
9078	What does it mean when it says that I have a payment that is pending?
9079	What is the auto top-up limit?
9080	Is this card available to Americans?
9081	Is there an exchange rate?
9082	So I just went to the ATM to get some cash. I input that I needed 100 pounds but I only got 80. I have the receipt and I am in need of the extra money. How do I go about obtaining the missing amount?
9083	How do I get a refund for something I bought?
9084	I need to move money from another bank to this account.
9085	Is my PIN recorded anywhere?
9086	I don't know where a direct debit payment came from
9087	I need to top-up my card today urgently but my card keeps getting declined!! Can you please resolve this problem or let me know if you have any alternatives
9088	How can I know where my card will be accepted?
9089	My phone was stolen yesterday, can you help me with this?
9090	I can't find my phone and I'm worried someone is going to use it
9091	I was wondering if international transfers take longer than normal because I made a transfer from France a couple of days ago and nothing has happened yet?
9092	after going over my transactions for the last couple of months I noticed a pretty large charge that I know I did not make. I know it's been a while but can I still dispute this charge?
9093	Where do I get a disposable virtual card?
9094	What businesses accept my card?
9095	can other people use the app to add money to my account
9096	is it ok if i use both visa and mastercard
9097	Could you please tell me why my purchases from this morning say payment is pending?
9098	It kept my cash
9099	Why do I have to pay extra for using my card?
9100	Can i get money back in my home currency at ATM? As I am on holiday and bit concerned because i do not have any cash with me . Is it possible to withdraw without any additional cost.
9101	I received my Virtual card information, but was unable to use it to make a purchase. Why did this happen and what can I do?
9102	Why did my top-up get reverted?
9103	Why is your exchange rate so bad?
9104	Why use a disposable card?
9105	My bag was stolen from me yesterday, so I can't use any apps or anything. I need some help.
9106	I would like to change my adress
9107	Where can I find out the fee structure for my account? I have been charged fees for some transactions, but not for other ones. I can't find a pattern in these fees.
9108	How do I set up my card PIN?
9109	Will there be a charge when money is added to my account?
9110	Can you help me get Top Up to work in the Apple Pay function?
9111	I have to verify my source of funds.
9112	A cash withdrawal that I didn't authorize is shown on my account - can you please cancel my card as soon as possible?
9113	My transfer is quite urgent, and finally worked out, but I've been waiting for it for quite some time. Can you tell me how long to expect to wait for it?
9114	How do I change my pin while traveling?
9115	How does someone else top up my account
9116	I'm having trouble with proving my identity.
9117	My top-up does not seem to have worked, what went wrong?
9118	What are the fees for using a European bank card?
9119	Do I need my phone to use the app?
9120	I forgot my pin and am blocked now. Can I reset it somewhere?
9121	About two days ago now, I made a transfer from France but it hasn't arrived yet. Is it possible that the international transfer just takes longer?
9122	I just sent money but the person I sent it to doesn't see it. What happened?
9123	I can't freeze my account as I need the card as I am traveling, how do I change my pin?
9124	What is your policy on withdrawing cash from an ATM? There is a fee on my account that wasn't there before I paid for my groceries.
9125	I don't think I should have been charged a fee to use my card.
9126	how long does delivery take?
9127	I see an unfamiliar payment on my statement.
9128	What should I do with my stuck ATM?
9129	What is the length of a transaction completion?
9130	I've tried using my card multiple times and it keeps getting declined.
9131	I have a pending payment on my card. Why?
9132	Why are my purchases from this morning still pending?
9133	Hello, what is a virtual card and how do I get one?
9134	Can I choose whether I receive a Visa or a Mastercard card?
9135	There is a refund missing.
9136	cash and check deposit has not gone thru
9137	I've made a transfer from France two days ago but I was wondering if international transfers take longer to arrive because it hasn't made it yet.
9138	I lost my card and need a new one, will it cost me?
9139	how to get new card after atm eats it
9140	What is the most that I can top-up to a card?
9141	I need to verify my funds.
9142	Can you help me get a disposable virtual card?
9143	Where can I link a new card?
9144	I swear that there are 2 payments on the app that I didn't make. Could my card me stolen? Please advise what I should do.
9145	I ordered my card a couple weeks ago and haven't received it yet. When can I expect it?
9146	Can my account be topped up by my friends?
9147	Why was I charged a fee when I withdrew money?
9148	I would like to know more about what a disposable virtual card is?
9149	Could you please put a freeze on my card? There are some payments on it that I don't know where they came from.
9150	I am looking to transfer some money from my other bank account into this one.
9151	I have been charged a fee for getting cash
9152	Can you delete the account?
9153	I want to get my hands on one of those virtual cards!
9154	Why was I charged an extra fee when using an ATM?
9155	Please provide currency exchange rates
9156	I thought you guys offered free transfers. Why was I charged?
9157	My exchange rate is wrong when I get cash.
9158	How can correct Top up with the app to work correctly?
9159	You promised no fees but now I've got one. What the hell!?
9160	what is the cost for exchanging currencies?
9161	My transaction from earlier needs to be reversed.
9162	I have no more money in my account. Is there a way to do a bank transfer to put money into my account?
9163	Someone has been using my card. There are unfamiliar transactions on there. Can you freeze the card to keep this from happening?
9164	Can you send me a Mastercard, instead of a Visa?
9165	I just found a payment from a while back in my account that I didn't make. Can I still dispute it even though it was a couple of months ago?
9166	I am still awaiting the money I put into my account this morning.
9167	I have checked my statements multiple times, but my refund that I requested a while back is not showing on my account. Is there a reason for this? Can I get some help getting my money back from this transaction?
9168	Can you tell me why my card is not working? I keep trying to use it but it keeps rejecting my payment. I am being careful and entering the info correctly but it still happens.
9169	I do not have the information to verify my identify.
9170	I live in the EU. Can I order one of your cards?
9171	I made a bank transfer earlier from my UK account. I don't see it yet, can you check the status?
9172	may I have a Visa and a Mastercard from you.
9173	The atm wouldn't give out cash
9174	How can I dispute a direct debit charge on my account?
9175	My card payment says pending and it hasn't changed
9176	I got cash and was charged a fee that shouldn't be there!
9177	Can you please explain to me why there is an extra €1 fee in my statement?
9178	I attempted to deposit a cheque yesterday but the balance isn't showing today. Is it still pending?
9179	How long does a transfer to another country normally take? I check over and over again and see that my transfer is still pending. It's 2018, nothing should take this long. I have confirmed my account information, so there is no error. What is the hold up?
9180	How come my money hasn't shown up yet?
9181	Top up my card please, which y'all support?
9182	Supported countries
9183	Why do I need top-up to be verified?
9184	What is this cash withdrawal on my statement?
9185	Is it possible to get a refund for the item?
9186	I'm trying to move money from my account to elsewhere, but it's giving me an error message.
9187	My balance was not updated with my checque or cash deposit.
9188	I have received my statement but I do not see my refund, why is that?
9189	Why did you charge me for taking out cash?
9190	Top up not available in my wallet.
9191	My money transaction hasn't arrived.
9192	I requested a refund from Next because the dress I purchased had three arm holes. They said they sent the refund last Wednesday which is nearly a week ago and I still don't have it. Why not?
9193	Someone might have access to my card! There are some strange payments showing up on my account. What do I do?
9194	can i create my own pin right away
9195	Is it possible to cancel my transfer?
9196	What do I need to do in order to get a new card?
9197	Why can't I withdraw cash?
9198	What do you demand for identity verification?
9199	I'm currently not in possession of my phone, is it still possible to go about things normally without access to the app?
9200	I found a charge on my debit that I did not make.
9201	Why do you need so much id info from me?
9202	Is the verification number on the top up card
9203	Can you tell me how to get a disposable virtual card?
9204	If I exchange currencies on a frequent basis can I receive a discount?
9205	What are the exchange rates you assign?
9206	When will I be able to see the refund
9207	Do you offer cards for those in other countries?
9208	What do I need to bring for identification?
9209	What currency is acceptable for a top up?
9210	I want to choose a new PIN.
9211	My son has just turned 13, is he old enough for an account?
9212	How long do I have to wait for my bank transfer to appear in my account?
9213	I am seeing in the App a some cash withdrawal that does not belong to me
9214	Why does my statement have an extra fee?
9215	My disposable virtual card got rejected
9216	i entered my pin in wrong and got it frozen. how many tries do i have
9217	Hello! I randomly got charged an extra fee today as i was shopping online and i have no idea why! Are there extra fees for card payments? Or am i missing something here?
9218	Unusual direct deposit
9219	What happens if a merchant doesn't accept you payment?
9220	Can the exchange rate change while I am in the process of making a withdrawal?
9221	Hi, I used an ATM today to take money out of my account, but the amount it gave me is not the amount I requested. What should I do?
9222	How many currencies can I have?
9223	Why has another fee been placed on my statement?
9224	What can I use to receive my salary?
9225	How can I find out where the funds are flow?
9226	I'd like to make some changes to my personal information.
9227	I froze my account, but how do I order a replacement card?
9228	i need help finding the auto top up option.
9229	Can I choose when my card is delivered?
9230	I was charged $1 in a transaction.
9231	My funds must be verified
9232	I want to reverse a transaction I did this morning
9233	What form of payments can I use for topping up?
9234	What needs to be done to activate and use a card?
9235	Delete my account please. Now!
9236	When I bought something abroad, the exchange rate was wrong.
9237	I dont have a pin
9238	Can I top up my account with a check?
9239	Can you help me to quickly cancel a transaction I accidentally did to the wrong account?
9240	I would like to know if I can top up with Google Pay.
9241	My app was on the phone and I was mugged. What do I do?
9242	Where will I get my card?
9243	Can you tell me what I need to do to have my pin changed?
9244	Are SWIFT Transfers available at this bank?
9245	I don't think that my top-up worked.
9246	Can I get money in my home currency at an ATM? I'm on vacation and don't have cash with me. This is cause for a bit of concern. Is it possible to withdraw here without additional cost?
9247	I suspect someone used my card.
9248	HI,Accordingly you offer crypto top up but it doesn't seem to be working? Money just disappeared from my account.What should be done now?
9249	I see a payment on my statement for a place I didn't make a purchase at.
9250	Please tell me how to get a card if I reside in the US.
9251	Why are there additional fees for transfers?
9252	Need a new card, mine is expiring.
9253	Can I top up any amount?
9254	I wasn't allowed to transfer to my account
9255	I think my card is expiring, what happens then?
9256	I made a cash deposit to my account but it is not there
9257	The app isn't letting me log in, but my info is correct.
9258	My money transfer hasn't appeared yet.
9259	While doing a transfer, it says declined.
9260	I attempted to get money in cash but it was refused!
9261	What is this direct debit in my statement?
9262	Hi, I sent my landlord my rent money a few days ago and while everything seems good on my end he says that he never got the money. I double checked the account number and it's correct. Can you help me figure this out?
9263	Hey, I got charged extra for some reason when I purchased an app. Is this a hidden fee or something? I don't think it's very cool.
9264	I would like to activate my card what do I need to do?
9265	The transaction for the cash I pulled out of the ATM earlier is pending in the app, but how if I already have the cash?
9266	Can you please tell me where my card is? I ordered it 2 weeks ago!
9267	Where is my recent refund in the my statement?
9268	I have been double charged
9269	I don't have a virtual card - how do I get one?
9270	I bought an item that I was charged a different exchange rate for.
9271	Where is the card I ordered 2 weeks ago?
9272	Why is my balance the same after a transfer?
9273	When will my top up be applied?
9274	do I need to verify my identity before I can use my card?
9275	Are your cards supported in the EU?
9276	I went to the Notting Hill ATM to use my card the first time for a cash withdrawal but it didn't work. Does this mean that my card isn't working yet?
9277	Where is the nearest Mastercard ATM?
9278	What's the process for exchanges?
9279	I did all that was asked of me and I am rather frustrated. I don't understand why you just won't credit me my money back. I have contacted the seller and nothing has been done. It's been a week!
9280	Card delivery services? Where?
9281	I'm waiting for the ID verification to go through still, so is it too soon to use my account?
9282	The refund I asked for isn't showing up
9283	Hi, I am unable to see transaction in my account which i made couples of hours ago from my UK account. Please help me in this.
9284	My card expires next week. How do I get a new one?
9285	Why do you need so much information about my identity?
9286	I tried doing an in country transfer earlier this week. I thought it would be there by now but I still don't see the money. Can you check the status on my transfer?
9287	A payment on my statement is wrong.
9288	How do I link a new payment card?
9289	The cash withdrawal I took seems to be off. The exchange rate is wrong.
9290	My statement is showing I was Charged a dollar and I am not sure why.
9291	How can I request cash back? The ATM just gave me a different amount than what I've been actually charged though...
9292	Do top-ups have limits?
9293	Where can I locate my PIN at?
9294	I want to top up by card
9295	What is the status of my card's delivery?
9296	Is there a top up fee for transfer?
9297	How can I move money from my account at a different bank to the account I have at this bank.
9298	Do you support changing the currency I use?
9299	How can I close my account, I don't want it.
9300	I got declined when attempting a transfer
9301	Can I get some help activating my new card?
9302	Is there a reason that my top-up is still pending?
9303	I can't get google pay to work right.
9304	How do I actually obtain a card myself?
9305	Why am I charged a fee for using my card on some purchases?
9306	I'm sure I have enough money so why didn't the store accept my card?
9307	How can I investigate a missing refund?
9308	I deposited a cheque but the cash hasn't arrived yet
9309	There's a cash withdrawal I am certain I did not make
9310	is it possible to get a refund for something I purchased?
9311	Why does my transfer keep generating an error message?
9312	I need a new card, my old card is expiring.
9313	I tried to get cash but it was declined!
9314	What works for identity verification?
9315	what is the fee for topping up by card?
9316	Why wouldn't the ATM give me cash?
9317	What is the fee for accepting money from a foreign country?
9318	My card payment was cancelled. Why?
9319	How do I terminate my account.
9320	do you accept from usa credit card?
9321	How is my ATM deposit not available yet?
9322	Will I get charged fees when I add money with an international card?
9323	I'd lke my card reactivated, I was thinking it was misplaced but I discovered when I woke up that I had left it in my coat.
9324	Can you assist on apple watch top ups?
9325	How are top-ups verified?
9326	Why do I get declined when I try to withdraw cash?
9327	Why is the identity check involved?
9328	How long to UK transfers usually take? I made a transfer but it didn't pop up in my history yet. I just want to make sure it went through.
9329	Where is the transfer to my account?
9330	The card PIN?
9331	Show me how to link the new card,
9332	Why has transferring money resulted in a charge?
9333	There's an error in regards to the exchange rate for an item I bought.
9334	Where'd the rest of my cash go from the ATM
9335	What reasons could cause my top up to be reverted
9336	How do I change my details?
9337	Where's my card PIN?
9338	I bought something and already paid for it but now I don't see it.
9339	Card payment is still pending, why is that the case?
9340	My card is expiring soon.
9341	There is more than one charge on my account for a transaction.
9342	Are there limitations to what currency I can hold?
9343	Is it possible for me to change my PIN number?
9344	Why do I have a charge for an ATM withdrawal? I thought these were free?
9345	Will you be able to exchange to EUR?
9346	There should be a cash withdrawal that I haven't seen yet.
9347	Is it possible to have an item refunded?
9348	My money hasn't been transferred yet.
9349	There is a card payment I'm not familiar with.
9350	I need to add my new address now that I've moved.
9351	What does my daughter need to open an account?
9352	I deposited a check, but haven't received the funds for it.
9353	There is a direct debit patentp that I haven't authorized.
9354	Can I withdraw money from another bank and transfer it into my empty account?
9355	Where can I find the exchange rate for my transfer?
9356	Why am I being charged for ATM fees?
9357	how do I get a disposable virtual card?
9358	how long should i expect to wait when i add money
9359	I think my card payment was reverted
9360	What are the steps of verifying an identity?
9361	My balance doesn't include my latest transfer
9362	How can I transfer money between accounts?
9363	Apple watch top up help, please?
9364	Why is my transfer stuck on pending?
9365	Someone is making transactions on my account, I think they took my card information.
9366	Can you tell me whats going on with my card it seems to be not working?
9367	What is the procedure of unblocking my PIN?
9368	left my phone at hotel, cant use app
9369	There's a card payment with a name I don't recognize
9370	how to change name on account
9371	My daughter would like a card from my account? Can I do this?
9372	what's my top-up verification code?
9373	Where is my money transfer?
9374	Can I add a card back to the app?
9375	How do I request a refund?
9376	My morning transaction needs to be canceled.
9377	The machine only paid me a hundred when I wanted 20
9378	tell me why I was charged more with my card?
9379	I'd like to get another card
9380	My card has not been delivered yet and its been a week since I ordered it, please help
9381	Hello. Please, would you tell me if you have or have not received funds for a refund that I recently requested for a big purchase? I've contacted the merchant, but I can't tell that they have taken any action on it.
9382	Why haven't I received a refund yet?
9383	How long would does it take for a seller to receive an EU transfer if I bought something from them and sent them the money immediately?
9384	I deactivated my card but would like to reactivate it.
9385	How many days to deliver to a US customer?
9386	What are the acceptable currencies for adding funds?
9387	How do I top up using my Apple Watch?
9388	The app failed to verify my id.
9389	How long is the wait for a money transfer to post?
9390	Should I be seeing a fee applied for my money transfer?
9391	Please tell me how to change my pin.
9392	What is the age limit?
9393	Am I the only one who can top-up my account?
9394	Please, I need your help as to whether or not you have money for a large refunded purchase I made. I requested it some time ago from the seller, but nothing is showing up.
9395	Are you able to delete my account?
9396	Can you tell me why I was declined from getting cash?
9397	want to get a new card in china
9398	My attempted transfer keeps kicking back with an error message. Could you please help me to resolve this?
9399	Which countries do you currently support?
9400	What steps should I take before my card expires?
9401	What caused my transfer to fail?
9402	The app is having trouble verifying my identity.
9403	How long does a payment usually show as pending? Is it normal that mine is still pending?
9404	Transferred to account is not successful, help please?
9405	I live in the EU, can I get one of your cards?
9406	I need to update my phone number.
9407	I'm not sure why my card didn't work
9408	I am very dissatisfied with the services that you are providing. I want to cancel my account.
9409	Can i use this card at any store?
9410	Why hasn't my in country transfer gone through yet? I confirmed the account info a couple days ago but the payment hasn't been posted yet.
9411	I'm noticing a payment/purchase at a company that I don't recognise.
9412	Money was taken out without my consent,
9413	When using my card I was charged a fee for doing so, why?
9414	I didn't get the correct amount of money from the ATM machine
9415	How do I close my account, since I'm dissatisfied?
9416	Tell me about verifying top-up
9417	Can I have a discount if I exchange currency often?
9418	still need to get card pin
9419	I'm interested in holding and exchange for flat currencies, what do you support?
9420	I wrote a check to the account yesterday to add to my balance, but I don't see the amount of the check reflected anywhere. Is it being held up for some reason? I should have seen a new balance by now!
9421	Is there an extra charge to exchange different currencies?
9422	What's the problem? My card keeps getting declined for top up. I need to know what is going on.
9423	Can I change my PIN?
9424	What is the estimated wait time on a US transfer into my account?
9425	Why would a card payment be declined?
9426	The funds I transferred are not in my account
9427	Can I use my social security card as a form of identity?
9428	What's the cost for exchanges?
9429	DO I have to be 18 to open an account?
9430	I want to start using my card, how do I activate it?
9431	What is preventing me from adding a specific beneficiary?
9432	How can I prove I am me?
9433	Do you give refunds?
9434	the balance has not changed, but I have deposited some money
9435	Do you accept US credit cards?
9436	Am I able to get both a Visa and MasterCard from you?
9437	Help! My card isn't working at the ATM and I know I used the right PIN. Trying to get my money.
9438	I need a new card before it expires.
9439	The seller just told me he didn't get paid. After reviewing my account it did subtract the balance but now it has added it back to my account. I need you to please take care of this promptly.
9440	What are my options for topping up, automatic and/or manual?
9441	The ATM didnt let me get cash
9442	My payment card was declined - could you tell me why?
9443	What needs to be provided for identity verification?
9444	I think a card payment I made was cancelled, can you check?
9445	How do I add a card on to the app?
9446	What is my money worth in other countries?
9447	I think my wallet fell out on the Tube today! I realized as soon as I got to my desk. How do I cut off the card?
9448	I noticed my exchange rate was incorrect when I got cash.
9449	How do I get refills to my card when I'm traveling?
9450	Is it free to send out more cards?
9451	do i need to wait for my card before i get pin
9452	Where is my virtual card?
9453	How do I cancel a recent transfer?
9454	How do I check security settings using the app?
9455	There was a purchase on my card recently to a name that I don't recognize at all. What can be done about this? I need my money back.
9456	How do I change to AUD from GBP?
9457	Where can I find top up by cash deposit?
9458	Is there something wrong with the ATM? It would not let me pull cash out of my account.
9459	Is there a way to reset the passcode?
9460	how much is the fee for topping by card
9461	Reason for my card to decline
9462	Where can I edit personal details?
9463	I still want to use my account but haven't verified is that OK?
9464	What is the age requirement?
9465	I would like to know if you use Visa or Mastercard.
9466	Please tell me what this direct debit in my statement is
9467	Can you explain why my payment was charged a fee?
9468	what are the exchange rates for foreign currency ATMs
9469	Can I track the card that you sent me in the mail?
9470	I can't figure out how to transfer money into my account.
9471	Why have I not received a virtual card yet?
9472	My disposable virtual card wouldn't process my payment?
9473	I need to know this, where do my funds come from?
9474	Why am I not able to withdraw cash from this ATM?
9475	I need to reset the passcode.
9476	Which US cards have top up charges?
9477	Why is there a 1 euro fee on my statement?
9478	Will you accept my credit card, it my only one.
9479	Will I get charged for sending out more cards?
9480	How do I begin the process of a refund?
9481	I had an unexpected fee
9482	What number of transactions can i do with one disposable card?
9483	European bank card for top up will come with any extra fees?
9484	How much does each transfer cost?
9485	Can I deposit money using Apple Pay?
9486	When will I get a new card when I order it, and how much will it cost.
9487	Where can i find the virtual card?
9488	where can I change my address?
9489	I'm interested in getting a virtual card. How do I get one?
9490	I'm getting concerned here. I sent a friend some money and she isn't seeing it. What's going on?
9491	My account did not allow the transfer.
9492	I don't want to use this method to identify myself.
9493	How can I get a virtual card for a one-time transaction?
9494	What do you use disposable cards on?
9495	How do I change my last name?
9496	I would like to have a Mastercard.
9497	I was made to pay a fee for making a transaction with card.
9498	Today I was out eating and my card was declined. Why's that?
9499	I had a duplicate card and bought something and it showed up twice. I canceled my card, how do I get my money back?
9500	How many disposable cards per person?
9501	I would like to cancel my previous purchase.
9502	Why are my payments not working and show pending?
9503	I noticed my transfer was declined.
9504	I am having trouble to verify my identity
9505	The exchange rate you are using is really bad. This can't possibly be the official interbank exchange rate.
9506	Good day, in reviewing my credit card activity over the last several days, I see a repeated charge for a restaurant that I went to. The charge was put through twice, so I would like one of the charges corrected and the amount that was withdrawn to be reinstated please.
9507	can i verify my identity i the app
9508	when should I receive my refund
9509	Where can I check out the source of available funds in my account?
9510	In what way can I use the disposable cards?
9511	How long does it take for my physical card to be delivered.
9512	Hello, there was an error while attempting top-up with my card this morning. I was able to use the card two days ago with no issues. Could you please assist?
9513	My card rejected a cash withdrawal. Why?
9514	When I got my cash, the amount was not what it should have been, based on the exchange rate.
9515	After transfering some money my balance hasn't changed.
9516	Why do you require identification documents
9517	Is there a reason why a recipient might not see my money transaction
9518	Which countries are represented?
9519	What is the fee for a foreign currency exchange?
9520	Was there a way for me to get tracking for that?
9521	How do I deactivate a stolen card?
9522	Help! I need to cancel a transaction.
9523	When will my deposit post to my account?
9524	I moved and need to change my personal information.
9525	Is it possible for a friend to personally send me a payment?
9526	Can I pick between Visa and Mastercard?
9527	Hurry and refund me, I am waiting
9528	I'm supposed to have a refund but it isn't there
9529	Are EUR exchanges allowed?
9530	I have one other credit card from the US. Do you take it?
9531	What do I do if I believe to be a victim of credit card fraud?
9532	How can I top up my account with a cheque?
9533	I have transferred some money but the balance hasn't changed
9534	I am having trouble verifying my id.
9535	How do I verify the top-up?
9536	Can you explain to me the way to verify my top up has gone through?
9537	I had a cheque deposited, but I don't see my money yet?
9538	Is the top-up amount unlimited?
9539	I want to transfer money to a beneficiary, but I couldn't.
9540	Is it possible to get both a Visa and a Mastercard?
9541	Why is it taking so long to update my balance transfer?
9542	Why is my card being declined when I try to do a top-up? How can this be immediately resolved?
9543	are there any exchange fees
9544	How long will a transfer from the US take?
9545	I have a transaction showing up more than once.
9546	On my transfer there was a "decline" message
9547	I tempted to get some money out of the machine earlier and it did not work.Looking now, the transaction actually shows to still be in progress. I would certainly appreciate someone look into this and let me know what's going on. I definitely do not want to be charged for money I never received.
9548	My card is going to expire, what do I do?
9549	I see in the app some cash was withdrawn, but it's not mine.
9550	I believe that my card has been stolen!
9551	Top up is not working even though I have my AMEX in apple pay.
9552	If my card is about to expire how long would it take to receive a new one and how much would that cost me?
9553	Are there any places that I can't use the disposable cards at?
9554	I think I was charged by mistake on my debit statement.
9555	I don't see me 'top up' in my wallet
9556	What currency can I use to pay for a top up?
9557	Got only $20 when I tried to withdraw $100.
9558	What is going on with my cash deposit. I'm looking at my account balance and it is not there. It has been almost a week. Someone better get back to me asap.
9559	My card doesn't seem to work anymore
9560	Is there a problem with my account? When I tried to withdraw cash at an ATM I was denied.
9561	Someone took my card without my permission.
9562	Why is the exchange rate terrible? That can't be close to the actual interbank rate.
9563	I think when I withdrew money when out of country the exchange rate was wrong.
9564	I don't recognize this payment
9565	Where are the Mastercard ATMs?
9566	I tried to take out some money from an ATM earlier today and it was declined. Looking on my screen now, I still see that it's pending for that amount. I didn't actually get that money, so I don't want it processed on my account.
9567	i have been trying to add money with apple pay but it wont work, why?
9568	I paid with card and was charged a fee that shouldn't be there!
9569	What is the estimated time on an urgent transfer from China?
9570	I cant find my card.
9571	There is a transaction showing in my app that I did not make as I have not used that card all day. Please reimburse this amount to my account.
9572	why has a cash withdrawal charged me?
9573	tell me how I can order my card.
9574	Can I use this app to change money?
9575	I got some cash in the ATM but its still pending
9576	I no longer have my phone, what should I do?
9577	How many purchases can I make with one disposable card?
9578	What exchange rate will I receive?
9579	My ATM transaction was cancelled.
9580	In a month, my card will reach its expiration date, am I required to request the next card?
9581	I have exceeded the number of PIN attempts
9582	I'm expecting to see a cash withdrawal but I'm still waiting.
9583	Can you tell me what i need for the identity check?
9584	Why and I being charged this fee?
9585	How long does it take for a new card to ship?
9586	I made a purchase with my card and I was charged a fee for using it
9587	I ordered my card but it hasn't been delivered yet
9588	Why is my payment still pending?
9589	I haven't received my virtual card yet!!
9590	Please explain to me how to know where my funds are from.
9591	How do I see my updated balance after I make a cheque or cash deposit?
9592	Can I get a Visa instead of a MasterCard?
9593	I paid with my card so so why was I charged a transaction fee?
9594	I got money overseas and the exchange rate was wrong
9595	Transfer was declined.
9596	What is the purpose of requiring my identification?
9597	Why is my ATM cash withdrawal not working?
9598	What currencies do you accept to add money?
9599	I need to make my card PIN a different number
9600	How many top-ups am I allowed to do?
9601	How do I go about exchanging currencies with this app?
9602	Help me delete my account. I am not satisfied with the service.
9603	I made a mistake on the last transfer I made, who must I speak with to cancel?
9604	What do you require for identity verification?
9605	Trouble with my top up
9606	Can I request a card?
9607	How long until my card will get here?
9608	After taking over my card transactions I noticed that was charged twice for a restaurant purchased from earlier this week. Can you please remove one of these transactions from my account since it is not accurate?
9609	Why was my request for cash declined?
9610	What's the procedure with currency exchange?
9611	Is there a way to see my money's source?
9612	I did a payment but it was reverted by the app
9613	I am just waiting for the transaction to be completed.
9614	I would like to purchase another card.
9615	Can I do more than 10 transactions with a disposable card?
9616	What is this withdrawal as I do not remember making it.
9617	My transfer to an account failed.
9618	My card is stuck inside the ATM.
9619	Why can't I use my beneficiary?
9620	Why was my transfer request decline?
9621	I completed a transfer within the UK two days ago, but it is still not showing received. I have verified the account number is correct already. Is there anything else I need to do or is there a problem?
9622	Need help to get my card to work.
9623	Can you tell me the ATMs I can use with my card?
9624	What is the limit on Auto top?
9625	My cash withdrawal was declined. Why?
9626	Whats the minimum age to have an account
9627	How old does my daughter need to be to have her own account?
9628	On my app I can see that a direct debit payment that I didn't do, appears.
9629	I got an cancellation error when I was topping up.
9630	Can my password be reset if I do not have it?
9631	I need a new card because the ATM took mine.
9632	Can someone help me unblock my pin?
9633	How long does it take for my top up to clear?
9634	I was given the wrong amount of cash
9635	I can't get the top-up to work! What's going on here.
9636	How and where can I find the identity checks?
9637	Hi. I noticed I have a duplicate charge which I have not made twice. Who should I talk to take care of this?
9638	If you are waiting for verification, it can take 10 minutes to 60 minutes to get results.You will hear from us once we have it. Please make sure your images are clear and photos of documents are readable. you have to be at least 18 years old and live withing the Economic Area of Europe or in Switzerland in order to open an account.
9639	Why has my withdrawal not posted?
9640	where do i go to transfer money from one account to this one
9641	There is a repeat charge for the same item
9642	There are multiple instances where you added a fee to the payment, as well as some where you didn't. Do you have an outline of when a fee will be added?
9643	Why is their a charge pending on my card still?
9644	I am in the EU. Can I get one of your cards?
9645	What currencies can I have?
9646	I deposited a check yesterday and Im not seeing it in my account. i need the money, is there something wrong with my account? check it out please
9647	There was a fee charged when I paid with my card.
9648	I can't do the verification.
9649	How long will it take to transfer from europe?
9650	I want to know how to transfer money with my credit card
9651	I need your help to get a refund for an item I just bought, can you cancel the payment since what I bought hasn't arrived yet.
9652	The ATM will not let me get cash, WHY?
9653	My atm withdraw is stillpending
9654	How do I sign up for a card if I'm in America?
9655	I tried using my card, but it doesn't work.
9656	Can I re-link a lost card with the app?
9657	What do I do to exchange currency?
9658	Set a new PIN please.
9659	I need to activate my card, how is that done?
9660	Why do you keep declining my transfers? It's been working well so far, but when I just tried to buy something, the card got declined. I tried it a few times, but same thing happened every try.
9661	How long will it take for my cash withdrawal to stop pending
9662	Please explain why my top-up didn't go through.
9663	Can you show me where to link the new card?
9664	How long does a transfer transaction take?
9665	I saw a payment come out of my account for a merchant I don't remember.
9666	I have found my lost or stolen card, would I still have to activate the new card that was sent to me through the mail in order to access my account?
9667	What should I do if I exceed my PIN tries?
9668	I don't have the device I used to log onto the platform so I can't access it.
9669	Can I order a card please?
9670	I am having problems with my physical card.
9671	Seems like my top-up has not gone through
9672	I received my American Express in Apple Pay, is there a reason why top up is not functioning properly?
9673	Am I going to see a charge for a SEPA transfer?
9674	What countries are you issuing cards for?
9675	cancel my account
9676	Do you charge anything for topping up?
9677	Are there any charges for receiving money?
9678	I may need to dispute a Direct Debit payment.
9679	My PIN was entered wrong and now I am blocked. Please unblock.
9680	Can I get a new card in China?
9681	Help, my phone was stolen, please advise!
9682	What did you do with my money??? I just topped up, I saw the money was there, but now it's gone!! What did you do with it?
9683	I heard you have an auto-top up option, where do I find that?
9684	Why is there a fee for doing a transfer?
9685	from where are coming your exchange rates?
9686	Will any ATM's decline my card?
9687	What cards and currencies can I use?
9688	Remove my account immediately.
9689	I can't get my actual card to work
9690	What is needed for the identity verification?
9691	Can I use a check to top up?
9692	I didn't make this payment and it's on my app
9693	Can I add other people to my account, so they can top up?
9694	A direct debit payment that I didn't authorise shows up in my app.
9695	I want a mastercard
9696	My transfer isn't in
9697	I need to transfer something to China. It is urgent. How many days will it take to get there?
9698	I need a list of currencies you accept for exchange.
9699	I have a new card and I can't add money to it. I tried about 30 minutes ago and it is still pending. What do I do?
9700	Is it possible for friends to top up my account?
9701	I lost my wallet and all my cards were in it.
9702	It's been a week since you sent my card and I still don't have it.
9703	I would like to request a card.
9704	Where did my money come from?
9705	Could you please tell me your exchange rates?
9706	I did a cash deposit to my account, but I am not seeing it on my statement.
9707	I sent a payment but it isn't showing up in the app
9708	What do I do if my card was stolen.
9709	I think I was wrongly charged in a recent transaction when I used my card.
9710	I just transferred some money. Why was I charged a fee?
9711	My transfer hasn't arrived
9712	How do I to up by card?
9713	Can I make a withdraw in my home currency at an ATM? I'm on vacation and am a bit worried because I don't have cash with me. Is it possible to withdraw here without any additional costs or fees?
9714	It seems you keep declining my transfers. Before, it's always worked very well.Just now when I tried to buy something the card was declined. I tried more than once and it was the same thing each time.
9715	I received my salary in the wrong currency. How do I change this?
9716	Can I unblock my pin using the app?
9717	My card arrived but I need to make it work in the app, how do I do that?
9718	I can't figure out how to change GBP to AUD, what do I do?
9719	Do i have to top-up with my credit card before I can transfer?
9720	Why do I see an extra £1 charge on my statement?
9721	I went to an ATM to get cash, but the app says the withdrawal is still pending. How is that possible when I already have the cash with me?
9722	Where can I get a new passcode?
9723	How can I get a card sent to China?
9724	Why did I only receive a partial amount of what I tried to withdraw?
9725	What is the timeframe for a transfer in Europe?
9726	Does this app allow currencies to be exchanged?
9727	What countries are you available in?
9728	How long after a failed topup will funds refurn to account
9729	Can I withdraw money in my hometown currency while on holiday without any additional fees?
9730	What should I do if I lost my phone?
9731	I really need to top-up my card today urgently but my card keeps getting declined!! Can you please resolve this problem or try an alternative
9732	Why should I verify the top-up?
9733	I am having trouble transferring money to a beneficiery.
9734	Why is there a fee when I thought there would be no fees?
9735	The exchange rate from my card payment isn't right.
9736	Can I link your physical card
9737	The applied exchange rate is wrong for the cash I got abroad.
9738	It has been a couple of hours but I do not see my balance updated, can you help?
9739	Has my card been lost in delivery?
9740	There is a payment that I was charged two times for.
9741	No Visa please. I want to continue with Mastercard.
9742	How many times can I use a virtual card?
9743	Is my PIN sent separably?
9744	I want to see what this fee is on my card payment.
9745	May I get my salary paid out in a different currency?
9746	I am being charged the wrong amount on my card.
9747	How long does it actually take for a card payment to go through? There's one stuck since a couple days already that doesn't seem to move
9748	Why is my card payment pending?
9749	My bill shows the same charge more than once
9750	Help! I've forgot my app passcode!
9751	Do I need to go to an office to change my pin?
9752	I should not have been charged a fee for my transfer.
9753	Where do I pay with my card?
9754	am afraid someone may have gained access to the info on my card.
9755	Why is it I am charged an extra fee when I use the ATM?
9756	What should I do if my phone is lost or stolen?
9757	The machine didn't work earlier when I went to get money out and now my account says transaction in progress.Why?
9758	How do I get a card if I live in the US?
9759	A friend was telling me about her disposable cards. What would I have to do to be able to get that feature?
9760	What kind of ATMs would this card be accepted at?
9761	Hi, I am disappointed to see such a bad exchange rate and hope you can assist me. Would you be able to confirm the official interbank exchange rate for me?
9762	i have been trying to top up my account with a check but it won't work
9763	How do I get a PIN?
9764	Where do I go to change my PIN?
9765	How high is the exchange fee?
9766	top up google pay, is it possible?
9767	Why do I have duplicate transactions for one purchase?
9768	Why is the cash not showing in my account for the check I deposited?
9769	The card payment didn't work
9770	I would like to know what the restrictions are for the disposable cards.
9771	Where do I go to cancel a transaction?
9772	My balance doesn't show my deposit.
9773	What is with the need to have all my ID information?
9774	Can I order a second card?
9775	I'm still waiting on my identity verification.
9776	I can't use the app because I got mugged yesterday and they took everything. I need some help.
9777	I got a transfer fail message, but no explanation of why-- what happened?
9778	How do i set up my credit card to send transfers?
9779	How do you calculate exchange rates?
9780	I need to transfer some money to a friend who is in urgent need of some fast cash. How long will it take before she can use that money?
9781	I did not charge my account for that transaction. That's an error.
9782	I am not satisfied with your service. Close my account.
9783	My card expires soon, will you send me one automatically?
9784	I made a transfer a couple hours ago but my balance has not been updated. Why is this? Shouldnt this be instant?
9785	Why do you need to perform identity verification?
9786	My card got stuck in an ATM.
9787	My card is about to expire. How do I get a new card?
9788	Please update me on whether you have received the funds for the refund of the large purchase I made recently. I have requested this from the merchant days ago but still haven't got anything.
9789	Are there any hidden limit on the auto top-up?
9790	Hi, I have an apple watch. How do I use it to top up my card?
9791	Why do I need to verify my account?
9792	How long will a transfer be pending for?
9793	Do I have a say when it's delivered?
9794	I lost my phone and need help so someone doesn't access my account.
9795	I see some transactions that I don't recognize. I think someone stole my details.
9796	What happens if the ATM gives me the wrong amount of money?
9797	I have a disposable virtual card. Is there a limit to how many times I can use it?
9798	My cheque is taking a while
9799	Duplicate transactions appear on my account
9800	Errors keep showing up every time I try to make this transfer and I am on a time crunch, could you please help.
9801	When will you be taking orders for disposable virtual cards?
9802	My funds are low, can I auto top up?
9803	pending transaction?
9804	I don't know what's wrong with my card, but it has not worked at multiple places today.
9805	What should I do if I think there are unauthorized transactions?
9806	Where can I use my Mastercard?
9807	Why was I charged for withdrawing cash?
9808	A transaction on my card shows as pending.
9809	Do yo charge a fee for exchanging foreign currencies?
9810	How do I revert a transaction?
9811	I need an ATM right now!
9812	Are there any top-up limits?
9813	When did I get a $1 extra fee on my statement?
9814	How do I deposit cash?
9815	Why can't I see a transfer to my account?
9816	Is there a cash withdrawal fee? Because I just got charged?
9817	I would like to know the countries you are offer services in?
9818	Can I quickly send a transfer from China? How long will it take?
9819	Hello I made a bank account transfer from the UK. The transfer was a couple hours ago, nothing has shown up yet. Can you check to see if everything okay. Please.
9820	I didn't do a payment and I have it now.
9821	Top up keeps failing
9822	I'm trying to purchase a flat but i need my first payment for my mortgage to go through first. I keep getting an error. I'm not sure what is going on but i need help making this transfer.
9823	If i want to change my pin number can I directly from an ATM?
9824	Is it possible to dispute a debit payment from a couple of months ago.
9825	I am unable to use my card.
9826	A transfer to my account was denied.
9827	The wait for this transfer seems to be taking a very long time. It is very important that it goes through quickly. Can you please tell me how long it may take?
9828	The exchange rate was not correct for the item I bought.
9829	What do I do if my disposable virtual card doesn't work?
9830	Since I need to exchange currencies frequently, would you be able to offer me a discount?
9831	My salary is in GBP - what should I do?
9832	Am I allowed to carry an additional card?
9833	I need to find out why my pending payment hasn't gone through.
9834	What should I do if I can't prove my identity.
9835	The exchange rate for the money I took out in a foreign country is wrong.
9836	How come there is a $1 extra charge on my statement?
9837	I need to transfer to my account and cant.
9838	When will a cash withdrawal show up?
9839	Which countries do you operate in
9840	I'm still waiting for my card that was issued a week ago. What should I do?
9841	When I was abroad the exchange rate for me was wrong.
9842	How can I change the currency I'm exchanging from AUD to GBP?
9843	Can I use cash to top up
9844	My transfer still says pending
9845	What do I do if I see a cash withdrawal on my account that I don't remember making?
9846	I got some cash out of the ATM over the holiday and it seems that I've been grossly overcharged. I wouldn't have done that if I knew of these outrageous charges!
9847	What is the fee on my statement for?
9848	How do I use my card to top up?
9849	My plans may change so I may need to change from GBP to AUD.
9850	Will it cost me to get a second card?
9851	When I tried to top up using my card, all of the money disappeared.
9852	Can you please refund my item?
9853	Hi, I am on vacation in Spain and someone stole my bag with my phone and wallet with cards and everything. Can you block it ASAP and then I want to order a new one also ASAP.
9854	I want to op up my account by using bank transfer. How do I go about it?
9855	What are some of the restrictions that the disposable cards have?
9856	Why did my transfer get declined?
9857	How often can I top up my account?
9858	Can I add a card that I just found (again) to the app?
9859	my statement contains an unknown payment
9860	Why am I being charged more on exchange with things I bought abroad?
9861	I want to reactivate my card, I thought I had lost it but found it again in my jacket this morning.
9862	What are the fiat currencies used?
9863	why is top up pending
9864	What are the steps for getting money from a friend?
9865	What's the fee for exchange of foreign currencies?
9866	What was I charged a fee for card payment?
9867	I see I was charged $1 for a transaction.
9868	I need help to resolve mix up on my card payment. My account shows the money was taken out and then put back in the account. Then I received a message from the seller, It said that they did not get my payment.
9869	How do I make sure my transfer isn't goin to an unsupported merchant?
9870	Let me know when you charge extra for payments please. I just checked the app earlier when I saw that there was an additional fee on one of the payments that I wasn't warned about before.
9871	The app is not able to realize that it is me.
9872	something is wrong with my exchange rate charge
9873	Why was there an extra charge when I transferred money?
9874	Why am I being charged for ATM cash withdrawals? The only reason I use it is because it's been free! Now you expect me to pay for them, and how much is that going to cost me?
9875	I did not get all the cash at ATM.
9876	What is the charge for receiving a SEPA transfer?
9877	How can I request cash back? The ATM gave me the wrong amount that I've been charged though...
9878	I'm still waiting for my new card.
9879	i have a pending top-up
9880	What is the length of time for one of these items to come to the U.S?
9881	If I have already completed a cash withdrawal at an ATM, is it normal for it to show as a pending transaction on the app?
9882	Can my salary be received here?
9883	I need a second card on this account for my daughter.
9884	Why hasn't the transaction I did arrive yet?
9885	What's the limit on total number of cards I can have?
9886	Is my account accessible even though my verification of my identity has not passed yet?
9887	My cash withdrawal shows pending, why?
9888	I got charged in double and want a refund
9889	My transfer went through, but it seems to be caught up in a pending status. This was very important that it got done quickly, can you give me a status update on how long it will take?
9890	I am trying to delete my account.
9891	How do I shut down my account and get out of this company?
9892	How can I order a card?
9893	Why was I charged an extra pound?
9894	Why did I not get all the money that I asked for? I asked for all the cash in my my account, but I only got about half. Why is that??
9895	I ordered something online a while ago and I haven't gotten it. I would like a refund.
9896	how long are my top ups pending
9897	i have used my card online before and wasn't charged, why am i charged now
9898	How can I get my card to work?
9899	Will you charge me for exchanging foreign currencies?
9900	My balance is not what I thought it was following an ATM withdrawal
9901	What is your exchange rate between UK pounds and Russian rubles for my last transaction
9902	An ATM machine didn't return my card.
9903	Why did the ATM eat my card?
9904	Why can't I make multiple payments with my virtual card?
9905	When will my balance reflect a deposit?
9906	What does it mean if my top-up has not gone through?
9907	If there isn't a lot of money left, will it automatically top-up money?
9908	I bough an item and the exchange rate was incorrect.
9909	Can my daughter make an account?
9910	Is there a way to verify a card top-up?
9911	Should my cash withdrawal still be pending?
9912	The ATM wouldn't allow me to withdraw money
9913	How long does it take to recieve my new card?
9914	how can i track card you sent
9915	Hi, My card is getting declined during top-up. As it urgent, could you please resolve this issue, or guide me with other alternatives if any.
9916	I made an ATM withdraw it didn't give me the amount I asked for but is showing a withdraw for that amount.
9917	Unbeknownst to me, there was an additional charge on my prior transaction. A notification of sorts should be required and explained before future payments are made.
9918	Where do I go to edit my personal details on my account?
9919	Explain why I can't do a transfer to an account.
9920	Why did my top-up not go through?
9921	I am yet to receive my pin.
9922	I would like to change my address.
9923	I asked for $40 and I only received $20, what happened?
9924	Looks like my card payment was duplicated after all. I went to pay at the store earlier, got declined once, second time it works. App still stays pending for one of the payments. Can you please remove one of them as it's wrong and clearly was declined?
9925	details need to be modified
9926	From what countries can I use an account?
9927	Why doesn't my Google pay top up work?
9928	Why do you guys need to verify my identity?
9929	What countries are getting support?
9930	I've transferred money into my account but the balance is the same
9931	Is there a way to modify my details?
9932	How long do European transfers take?
9933	The exchange rate for case abroad is applied wrong.
9934	The ATM is messed up. It gave me less than I wanted.
9935	i would like to top up with check
9936	I've been using my account while abroad for a while but only recently I've been charged a fee. Why am I only being charged a fee now.
9937	Hello. I'm trying to transfer some money to a friend but it keeps getting rejected. can you help me?
9938	Why is there a random payment in my statement?
9939	I tried to get funds in hard cash but it was rejected!
9940	I need to cancel my recent transfer. I made a mistake. Please help quickly before the transfer goes through.
9941	Are you aware of any charges for receiving money?
9942	Why doesn't my passcode work?
9943	I see a cash withdrawal in the app that I did not do.
9944	I need my card ASAP!
9945	If I can, I would like to get both Mastercard and Visa from you.
9946	If I want my son to have his own account is that possible?
9947	Can you issue both a Visa and a Mastercard to me?
9948	When will my transfer move from pending to confirmed?
9949	Where Is the top up verification code found?
9950	I need to reset my passcode. Where do I go to do that?
9951	Why doesn't my card work for any transactions?
9952	HOW LONG TO TAKE THE TIME TO SOLVE
9953	How many disposable cards can you own?
9954	What do i do if the exchange rate was wrong for the item i bought overseas?
9955	I transferred money and it hasn't come yet
9956	What can I do if my card still hasn't arrived after 2 weeks?
9957	What are the countries you have offices in?
9958	I made a transaction, but I made it to an account I didn't mean to make it to.
9959	The money has not yet been placed in recipients account.
9960	How do I get my card active?
9961	I was removing a dollar amount from my account and now don't have access to my card.
9962	How long do deposits take to appear? I've been waiting for more than a week and need the money!
9963	Do I receive the physical card for free
9964	Why was my card charged when topping off my balance but it's not showing up in my wallet balance?
9965	Do I have to go to an actual bank to change my PIN?
9966	How can I find out the source of my available cash?
9967	I can't get my card out of the ATM, what should I do now?
9968	Can I have more physical cards?
9969	Why do you keep declining my payment? I tried several times already with this card and it is just not working.
9970	I need an accurate exchange rate, when I make my withdrawals.
9971	Is there a reason my payment is still pending?
9972	on my statement there is a payment that I don't recognise
9973	top up cancellation
9974	How do I transfer money between two of my accounts?
9975	Why is my card not working anymore?
9976	Are there any charges for top ups?
9977	Please tell me why the same transaction is showing up on my account more than once.
9978	Can I possibly change my currency to another?
9979	How can I get a disposable virtual card?
9980	I am not recognized by the app.
9981	What happens when a beneficiary can't receive my transfer?
9982	Please provide me with the restrictions of the disposable cards.
9983	Does it cost to add money to my card?
9984	Where can I order my virtual card?
9985	show me how to transfer to my account
9986	Can friends send me money?
9987	How do I go about transferring money into my bank account?
9988	What does a 'pending payment' mean?
9989	My card is almost going to expire.
9990	Can you tell me if I can hold money in several currencies?
9991	I haven't seen the cash yet from the cheque I deposited.
9992	Hi there, I've tried to make a transfer 5 different times and its not working. Is your system down or something?
9993	Why didn't my transfer to a beneficiary happen?
9994	Can I use my American Express card to add money into my account?
9995	I just took some cash out of a cash machine in Heathrow airport because I wanted to buy some new sunglasses for my holiday but you've added a fee to the withdrawal, what is this?
9996	Does the fee for exchange change?
9997	I want a backup second card. Is this possible?
9998	Am I allowed to use different currencies?
9999	What would the age limit be?
10000	where are the transfers originating
10001	Why did they charge me an extra $1?
10002	There is a pending payment on my account, what does this mean?
10003	Can you help me transfer money into my friend's bank account? I tried to do it but it keeps rejecting me. I need to get the money in there asap. I have enough and all the account info is correct.
